OID;VIN;SPZ_TIRBAZAR;SPZ_UNIQA;STATUS;DETAIL
17169;0831831;;;CHYBÍ V UNIQA;Aktivní vozidlo nebylo nalezeno v UNIQA ani Allianz a poznámka TIRBazar neobsahuje informaci o depozitu.
18451;1C4RJFBG5KC687124;6E29281;;CHYBÍ V UNIQA;Aktivní vozidlo nebylo nalezeno v UNIQA ani Allianz a poznámka TIRBazar neobsahuje informaci o depozitu.
19700;1G1F91R79J0164363;7AR9826;;CHYBÍ V UNIQA;Aktivní vozidlo nebylo nalezeno v UNIQA ani Allianz a poznámka TIRBazar neobsahuje informaci o depozitu.
19713;6FPPXXMJ2PJA54055;5SV6453;;CHYBÍ V UNIQA;Aktivní vozidlo nebylo nalezeno v UNIQA ani Allianz a poznámka TIRBazar neobsahuje informaci o depozitu.
19306;7H81B24K3NF000143;EL12CD;;CHYBÍ V UNIQA;Aktivní vozidlo nebylo nalezeno v UNIQA ani Allianz a poznámka TIRBazar neobsahuje informaci o depozitu.
19302;7H81B24K7NF000131;EL93CD;;CHYBÍ V UNIQA;Aktivní vozidlo nebylo nalezeno v UNIQA ani Allianz a poznámka TIRBazar neobsahuje informaci o depozitu.
19304;7H81B24KXNF000138;EL68CC;;CHYBÍ V UNIQA;Aktivní vozidlo nebylo nalezeno v UNIQA ani Allianz a poznámka TIRBazar neobsahuje informaci o depozitu.
18586;JAATFS54HS7101482;4AK3731;;CHYBÍ V UNIQA;Aktivní vozidlo nebylo nalezeno v UNIQA ani Allianz a poznámka TIRBazar neobsahuje informaci o depozitu.
17415;JMZGH148281129208;1ACS680;;CHYBÍ V UNIQA;Aktivní vozidlo nebylo nalezeno v UNIQA ani Allianz a poznámka TIRBazar neobsahuje informaci o depozitu.
19422;KMFAB17RPGK004441;5AV3815;;CHYBÍ V UNIQA;Aktivní vozidlo nebylo nalezeno v UNIQA ani Allianz a poznámka TIRBazar neobsahuje informaci o depozitu.
17701;KMFAB17RPJK012949;1TJ7928;;CHYBÍ V UNIQA;Aktivní vozidlo nebylo nalezeno v UNIQA ani Allianz a poznámka TIRBazar neobsahuje informaci o depozitu.
17700;KMFAB17RPJK012952;1TJ8364;;CHYBÍ V UNIQA;Aktivní vozidlo nebylo nalezeno v UNIQA ani Allianz a poznámka TIRBazar neobsahuje informaci o depozitu.
17699;KMFAB17RPJK012953;1TJ8357;;CHYBÍ V UNIQA;Aktivní vozidlo nebylo nalezeno v UNIQA ani Allianz a poznámka TIRBazar neobsahuje informaci o depozitu.
17537;KMFAB17RPJK012956;1TJ8369;;CHYBÍ V UNIQA;Aktivní vozidlo nebylo nalezeno v UNIQA ani Allianz a poznámka TIRBazar neobsahuje informaci o depozitu.
17536;KMFAB17RPJK012958;1TJ8371;;CHYBÍ V UNIQA;Aktivní vozidlo nebylo nalezeno v UNIQA ani Allianz a poznámka TIRBazar neobsahuje informaci o depozitu.
19928;KMFAB17RPJK013191;8AX4990;;CHYBÍ V UNIQA;Aktivní vozidlo nebylo nalezeno v UNIQA ani Allianz a poznámka TIRBazar neobsahuje informaci o depozitu.
19719;KMFAB17RPJK013263;7AF7244;;CHYBÍ V UNIQA;Aktivní vozidlo nebylo nalezeno v UNIQA ani Allianz a poznámka TIRBazar neobsahuje informaci o depozitu.
19429;KMFAB17RPJK013749;6E58174;;CHYBÍ V UNIQA;Aktivní vozidlo nebylo nalezeno v UNIQA ani Allianz a poznámka TIRBazar neobsahuje informaci o depozitu.
19715;KMFAB17RPJK014020;5SI9296;;CHYBÍ V UNIQA;Aktivní vozidlo nebylo nalezeno v UNIQA ani Allianz a poznámka TIRBazar neobsahuje informaci o depozitu.
19431;KMFAB17RPJK015023;6E31872;;CHYBÍ V UNIQA;Aktivní vozidlo nebylo nalezeno v UNIQA ani Allianz a poznámka TIRBazar neobsahuje informaci o depozitu.
19720;KMFAB17RPJK015026;7AV0095;;CHYBÍ V UNIQA;Aktivní vozidlo nebylo nalezeno v UNIQA ani Allianz a poznámka TIRBazar neobsahuje informaci o depozitu.
19716;KMFAB17RPJK015029;7AR3351;;CHYBÍ V UNIQA;Aktivní vozidlo nebylo nalezeno v UNIQA ani Allianz a poznámka TIRBazar neobsahuje informaci o depozitu.
19717;KMFAB17RPKK016601;7AX6057;;CHYBÍ V UNIQA;Aktivní vozidlo nebylo nalezeno v UNIQA ani Allianz a poznámka TIRBazar neobsahuje informaci o depozitu.
19733;KMFAC17RPJK000950;3SP5118;;CHYBÍ V UNIQA;Aktivní vozidlo nebylo nalezeno v UNIQA ani Allianz a poznámka TIRBazar neobsahuje informaci o depozitu.
18800;KMHLC81UADU076456;5L70092;;CHYBÍ V UNIQA;Aktivní vozidlo nebylo nalezeno v UNIQA ani Allianz a poznámka TIRBazar neobsahuje informaci o depozitu.
19073;KMHSU81XDEU328272;4L99749;;CHYBÍ V UNIQA;Aktivní vozidlo nebylo nalezeno v UNIQA ani Allianz a poznámka TIRBazar neobsahuje informaci o depozitu.
18691;KNESD03324K985241;1CA1376;;CHYBÍ V UNIQA;Aktivní vozidlo nebylo nalezeno v UNIQA ani Allianz a poznámka TIRBazar neobsahuje informaci o depozitu.
19215;KNESE01325K092375;5A30642;;CHYBÍ V UNIQA;Aktivní vozidlo nebylo nalezeno v UNIQA ani Allianz a poznámka TIRBazar neobsahuje informaci o depozitu.
18928;KNESE06325K069569;9U83843;;CHYBÍ V UNIQA;Aktivní vozidlo nebylo nalezeno v UNIQA ani Allianz a poznámka TIRBazar neobsahuje informaci o depozitu.
18927;KNESE06326K172600;9U85546;;CHYBÍ V UNIQA;Aktivní vozidlo nebylo nalezeno v UNIQA ani Allianz a poznámka TIRBazar neobsahuje informaci o depozitu.
17994;NLJVWH7JP6Z066836;5SK9471;;CHYBÍ V UNIQA;Aktivní vozidlo nebylo nalezeno v UNIQA ani Allianz a poznámka TIRBazar neobsahuje informaci o depozitu.
18875;R1JJE27A3MJ007579;EL06CE;;CHYBÍ V UNIQA;Aktivní vozidlo nebylo nalezeno v UNIQA ani Allianz a poznámka TIRBazar neobsahuje informaci o depozitu.
18038;SEYZNYLJFDN080838;1SE6281;;CHYBÍ V UNIQA;Aktivní vozidlo nebylo nalezeno v UNIQA ani Allianz a poznámka TIRBazar neobsahuje informaci o depozitu.
18711;SZRBR2000L0013248;6E94837;;CHYBÍ V UNIQA;Aktivní vozidlo nebylo nalezeno v UNIQA ani Allianz a poznámka TIRBazar neobsahuje informaci o depozitu.
18560;SZRBR2000L0013249;6E94958;;CHYBÍ V UNIQA;Aktivní vozidlo nebylo nalezeno v UNIQA ani Allianz a poznámka TIRBazar neobsahuje informaci o depozitu.
19828;TK92BELM3SMVA4057;6ST2265;;CHYBÍ V UNIQA;Aktivní vozidlo nebylo nalezeno v UNIQA ani Allianz a poznámka TIRBazar neobsahuje informaci o depozitu.
19626;TK99BC216X1KP9002;3A67601;;CHYBÍ V UNIQA;Aktivní vozidlo nebylo nalezeno v UNIQA ani Allianz a poznámka TIRBazar neobsahuje informaci o depozitu.
17869;TK9CHT202H1SS5367;5AJ3509;;CHYBÍ V UNIQA;Aktivní vozidlo nebylo nalezeno v UNIQA ani Allianz a poznámka TIRBazar neobsahuje informaci o depozitu.
18990;TKXD32226FABB7777;3SR4729;;CHYBÍ V UNIQA;Aktivní vozidlo nebylo nalezeno v UNIQA ani Allianz a poznámka TIRBazar neobsahuje informaci o depozitu.
18553;TKXD45227MABA3959;5E12821;;CHYBÍ V UNIQA;Aktivní vozidlo nebylo nalezeno v UNIQA ani Allianz a poznámka TIRBazar neobsahuje informaci o depozitu.
17941;TKXD57135FABA0643;5Z52858;;CHYBÍ V UNIQA;Aktivní vozidlo nebylo nalezeno v UNIQA ani Allianz a poznámka TIRBazar neobsahuje informaci o depozitu.
18478;TMBAF73T2D9049462;2SP9946;;CHYBÍ V UNIQA;Aktivní vozidlo nebylo nalezeno v UNIQA ani Allianz a poznámka TIRBazar neobsahuje informaci o depozitu.
18863;TMBAG7NX8MY172380;8AT2057;;CHYBÍ V UNIQA;Aktivní vozidlo nebylo nalezeno v UNIQA ani Allianz a poznámka TIRBazar neobsahuje informaci o depozitu.
12550;TMBAJ6NH3E4034291;4AC8366;;CHYBÍ V UNIQA;Aktivní vozidlo nebylo nalezeno v UNIQA ani Allianz a poznámka TIRBazar neobsahuje informaci o depozitu.
12549;TMBAJ6NH7E4036089;4AD9542;;CHYBÍ V UNIQA;Aktivní vozidlo nebylo nalezeno v UNIQA ani Allianz a poznámka TIRBazar neobsahuje informaci o depozitu.
13808;TMBBG21U328542795;4A44040;;CHYBÍ V UNIQA;Aktivní vozidlo nebylo nalezeno v UNIQA ani Allianz a poznámka TIRBazar neobsahuje informaci o depozitu.
19408;TMBGG41U432707341;1AKE197;;CHYBÍ V UNIQA;Aktivní vozidlo nebylo nalezeno v UNIQA ani Allianz a poznámka TIRBazar neobsahuje informaci o depozitu.
17442;TMBHS21Z372107340;2E65519;;CHYBÍ V UNIQA;Aktivní vozidlo nebylo nalezeno v UNIQA ani Allianz a poznámka TIRBazar neobsahuje informaci o depozitu.
17482;TMBHS21Z572107274;2E65517;;CHYBÍ V UNIQA;Aktivní vozidlo nebylo nalezeno v UNIQA ani Allianz a poznámka TIRBazar neobsahuje informaci o depozitu.
18063;TMBJB7NS4M8054541;7H73461;;CHYBÍ V UNIQA;Aktivní vozidlo nebylo nalezeno v UNIQA ani Allianz a poznámka TIRBazar neobsahuje informaci o depozitu.
19166;TMBJE7NE8G0126698;5AB4127;;CHYBÍ V UNIQA;Aktivní vozidlo nebylo nalezeno v UNIQA ani Allianz a poznámka TIRBazar neobsahuje informaci o depozitu.
18491;TMBJJ7NE3H0055648;5AS8685;;CHYBÍ V UNIQA;Aktivní vozidlo nebylo nalezeno v UNIQA ani Allianz a poznámka TIRBazar neobsahuje informaci o depozitu.
17946;TMBJJ7NU1M5035290;;;CHYBÍ V UNIQA;Aktivní vozidlo nebylo nalezeno v UNIQA ani Allianz a poznámka TIRBazar neobsahuje informaci o depozitu.
19070;TMBJR7NU0K2060169;1AII248;;CHYBÍ V UNIQA;Aktivní vozidlo nebylo nalezeno v UNIQA ani Allianz a poznámka TIRBazar neobsahuje informaci o depozitu.
17612;TMBKS21U938683791;3L46741;;CHYBÍ V UNIQA;Aktivní vozidlo nebylo nalezeno v UNIQA ani Allianz a poznámka TIRBazar neobsahuje informaci o depozitu.
19493;TMBLJ7NP2J7599257;7Z34949;;CHYBÍ V UNIQA;Aktivní vozidlo nebylo nalezeno v UNIQA ani Allianz a poznámka TIRBazar neobsahuje informaci o depozitu.
19887;TMBLM9NS9L8057304;8AD3846;;CHYBÍ V UNIQA;Aktivní vozidlo nebylo nalezeno v UNIQA ani Allianz a poznámka TIRBazar neobsahuje informaci o depozitu.
19795;TMBYAB5J993117035;9A89487;;CHYBÍ V UNIQA;Aktivní vozidlo nebylo nalezeno v UNIQA ani Allianz a poznámka TIRBazar neobsahuje informaci o depozitu.
19199;TNAA2L0001A000816;2SM0424;;CHYBÍ V UNIQA;Aktivní vozidlo nebylo nalezeno v UNIQA ani Allianz a poznámka TIRBazar neobsahuje informaci o depozitu.
19084;TNAA2L0005A003735;1J76964;;CHYBÍ V UNIQA;Aktivní vozidlo nebylo nalezeno v UNIQA ani Allianz a poznámka TIRBazar neobsahuje informaci o depozitu.
19708;TSMNZC72S00676132;5L16526;;CHYBÍ V UNIQA;Aktivní vozidlo nebylo nalezeno v UNIQA ani Allianz a poznámka TIRBazar neobsahuje informaci o depozitu.
18293;TYBFE73BB4DU06851;5SI7278;;CHYBÍ V UNIQA;Aktivní vozidlo nebylo nalezeno v UNIQA ani Allianz a poznámka TIRBazar neobsahuje informaci o depozitu.
16748;TYBFE73BD4DU05918;5H20868;;CHYBÍ V UNIQA;Aktivní vozidlo nebylo nalezeno v UNIQA ani Allianz a poznámka TIRBazar neobsahuje informaci o depozitu.
18003;TYBFEA01BLDZ01154;9AV6623;;CHYBÍ V UNIQA;Aktivní vozidlo nebylo nalezeno v UNIQA ani Allianz a poznámka TIRBazar neobsahuje informaci o depozitu.
17513;TYBFEB01ELDB02004;4SR7241;;CHYBÍ V UNIQA;Aktivní vozidlo nebylo nalezeno v UNIQA ani Allianz a poznámka TIRBazar neobsahuje informaci o depozitu.
18125;UU10SDA3549718907;9B40926;;CHYBÍ V UNIQA;Aktivní vozidlo nebylo nalezeno v UNIQA ani Allianz a poznámka TIRBazar neobsahuje informaci o depozitu.
18221;UU10SDCV555966244;9AJ9410;;CHYBÍ V UNIQA;Aktivní vozidlo nebylo nalezeno v UNIQA ani Allianz a poznámka TIRBazar neobsahuje informaci o depozitu.
18205;UU10SDCV556071698;5AS8483;;CHYBÍ V UNIQA;Aktivní vozidlo nebylo nalezeno v UNIQA ani Allianz a poznámka TIRBazar neobsahuje informaci o depozitu.
18228;UU18SD13553219652;9AP5554;;CHYBÍ V UNIQA;Aktivní vozidlo nebylo nalezeno v UNIQA ani Allianz a poznámka TIRBazar neobsahuje informaci o depozitu.
18208;UU18SD23552332099;3SI4445;;CHYBÍ V UNIQA;Aktivní vozidlo nebylo nalezeno v UNIQA ani Allianz a poznámka TIRBazar neobsahuje informaci o depozitu.
18337;UU18SD23552880412;4AS9806;;CHYBÍ V UNIQA;Aktivní vozidlo nebylo nalezeno v UNIQA ani Allianz a poznámka TIRBazar neobsahuje informaci o depozitu.
18217;UU18SD23553165883;3SL6832;;CHYBÍ V UNIQA;Aktivní vozidlo nebylo nalezeno v UNIQA ani Allianz a poznámka TIRBazar neobsahuje informaci o depozitu.
18213;UU18SD6V554035991;9AR1356;;CHYBÍ V UNIQA;Aktivní vozidlo nebylo nalezeno v UNIQA ani Allianz a poznámka TIRBazar neobsahuje informaci o depozitu.
18207;UU18SD6V556398872;9AI1317;;CHYBÍ V UNIQA;Aktivní vozidlo nebylo nalezeno v UNIQA ani Allianz a poznámka TIRBazar neobsahuje informaci o depozitu.
18371;UU18SD6V558480141;9AH0419;;CHYBÍ V UNIQA;Aktivní vozidlo nebylo nalezeno v UNIQA ani Allianz a poznámka TIRBazar neobsahuje informaci o depozitu.
18231;UU18SD6V559361061;9AJ4813;;CHYBÍ V UNIQA;Aktivní vozidlo nebylo nalezeno v UNIQA ani Allianz a poznámka TIRBazar neobsahuje informaci o depozitu.
18933;UU18SD6V560555113;9AI1318;;CHYBÍ V UNIQA;Aktivní vozidlo nebylo nalezeno v UNIQA ani Allianz a poznámka TIRBazar neobsahuje informaci o depozitu.
18931;UU18SDPL556194893;3SF2586;;CHYBÍ V UNIQA;Aktivní vozidlo nebylo nalezeno v UNIQA ani Allianz a poznámka TIRBazar neobsahuje informaci o depozitu.
17934;UU18SDRV559139718;4SC0874;;CHYBÍ V UNIQA;Aktivní vozidlo nebylo nalezeno v UNIQA ani Allianz a poznámka TIRBazar neobsahuje informaci o depozitu.
18209;UU18SDRV560535805;9AH0446;;CHYBÍ V UNIQA;Aktivní vozidlo nebylo nalezeno v UNIQA ani Allianz a poznámka TIRBazar neobsahuje informaci o depozitu.
17594;UU1F6720462302465;5L89270;;CHYBÍ V UNIQA;Aktivní vozidlo nebylo nalezeno v UNIQA ani Allianz a poznámka TIRBazar neobsahuje informaci o depozitu.
19293;UU1K6720264205526;7AZ0695;;CHYBÍ V UNIQA;Aktivní vozidlo nebylo nalezeno v UNIQA ani Allianz a poznámka TIRBazar neobsahuje informaci o depozitu.
18214;UU1K6720461186561;9AH0416;;CHYBÍ V UNIQA;Aktivní vozidlo nebylo nalezeno v UNIQA ani Allianz a poznámka TIRBazar neobsahuje informaci o depozitu.
18930;UU1K6720662775685;9AP5474;;CHYBÍ V UNIQA;Aktivní vozidlo nebylo nalezeno v UNIQA ani Allianz a poznámka TIRBazar neobsahuje informaci o depozitu.
18932;UU1K6720765219982;9AB8167;;CHYBÍ V UNIQA;Aktivní vozidlo nebylo nalezeno v UNIQA ani Allianz a poznámka TIRBazar neobsahuje informaci o depozitu.
19796;UU1KSDL3H48008224;3AE9842;;CHYBÍ V UNIQA;Aktivní vozidlo nebylo nalezeno v UNIQA ani Allianz a poznámka TIRBazar neobsahuje informaci o depozitu.
18160;VF0126DG121269547;7AB0565;;CHYBÍ V UNIQA;Aktivní vozidlo nebylo nalezeno v UNIQA ani Allianz a poznámka TIRBazar neobsahuje informaci o depozitu.
17988;VF14FL00252070096;6C90394;;CHYBÍ V UNIQA;Aktivní vozidlo nebylo nalezeno v UNIQA ani Allianz a poznámka TIRBazar neobsahuje informaci o depozitu.
17757;VF14FL00252100092;6C90395;;CHYBÍ V UNIQA;Aktivní vozidlo nebylo nalezeno v UNIQA ani Allianz a poznámka TIRBazar neobsahuje informaci o depozitu.
19023;VF14FL00256060817;7C62695;;CHYBÍ V UNIQA;Aktivní vozidlo nebylo nalezeno v UNIQA ani Allianz a poznámka TIRBazar neobsahuje informaci o depozitu.
17796;VF1FDC1L639125737;4P26461;;CHYBÍ V UNIQA;Aktivní vozidlo nebylo nalezeno v UNIQA ani Allianz a poznámka TIRBazar neobsahuje informaci o depozitu.
18989;VF1FDC1L640167211;5H18355;;CHYBÍ V UNIQA;Aktivní vozidlo nebylo nalezeno v UNIQA ani Allianz a poznámka TIRBazar neobsahuje informaci o depozitu.
17657;VF1FDC1M642291648;4Z02653;;CHYBÍ V UNIQA;Aktivní vozidlo nebylo nalezeno v UNIQA ani Allianz a poznámka TIRBazar neobsahuje informaci o depozitu.
19078;VF1FDCUL635108470;7C59011;;CHYBÍ V UNIQA;Aktivní vozidlo nebylo nalezeno v UNIQA ani Allianz a poznámka TIRBazar neobsahuje informaci o depozitu.
17246;VF1FL000061090978;7AD5916;;CHYBÍ V UNIQA;Aktivní vozidlo nebylo nalezeno v UNIQA ani Allianz a poznámka TIRBazar neobsahuje informaci o depozitu.
17891;VF1FL000257658823;7C85479;;CHYBÍ V UNIQA;Aktivní vozidlo nebylo nalezeno v UNIQA ani Allianz a poznámka TIRBazar neobsahuje informaci o depozitu.
19458;VF1FL000760657712;6AY8703;;CHYBÍ V UNIQA;Aktivní vozidlo nebylo nalezeno v UNIQA ani Allianz a poznámka TIRBazar neobsahuje informaci o depozitu.
19459;VF1FL000961249531;7AC3092;;CHYBÍ V UNIQA;Aktivní vozidlo nebylo nalezeno v UNIQA ani Allianz a poznámka TIRBazar neobsahuje informaci o depozitu.
18042;VF1FLA0A1EY524190;6C39615;;CHYBÍ V UNIQA;Aktivní vozidlo nebylo nalezeno v UNIQA ani Allianz a poznámka TIRBazar neobsahuje informaci o depozitu.
18343;VF1FLA0A1EY532044;6C55575;;CHYBÍ V UNIQA;Aktivní vozidlo nebylo nalezeno v UNIQA ani Allianz a poznámka TIRBazar neobsahuje informaci o depozitu.
17834;VF1FLAMA67Y183063;3C36403;;CHYBÍ V UNIQA;Aktivní vozidlo nebylo nalezeno v UNIQA ani Allianz a poznámka TIRBazar neobsahuje informaci o depozitu.
19691;VF1FLAMA6BY394607;4P96991;;CHYBÍ V UNIQA;Aktivní vozidlo nebylo nalezeno v UNIQA ani Allianz a poznámka TIRBazar neobsahuje informaci o depozitu.
18700;VF1FLB1B6DY468569;3AD0568;;CHYBÍ V UNIQA;Aktivní vozidlo nebylo nalezeno v UNIQA ani Allianz a poznámka TIRBazar neobsahuje informaci o depozitu.
18080;VF1FLBMB67Y194238;2AI5146;;CHYBÍ V UNIQA;Aktivní vozidlo nebylo nalezeno v UNIQA ani Allianz a poznámka TIRBazar neobsahuje informaci o depozitu.
18306;VF1FW16H654154699;5J67264;;CHYBÍ V UNIQA;Aktivní vozidlo nebylo nalezeno v UNIQA ani Allianz a poznámka TIRBazar neobsahuje informaci o depozitu.
19544;VF1FW52H256721404;5J83528;;CHYBÍ V UNIQA;Aktivní vozidlo nebylo nalezeno v UNIQA ani Allianz a poznámka TIRBazar neobsahuje informaci o depozitu.
18437;VF1HDC1K637149415;1BF6490;;CHYBÍ V UNIQA;Aktivní vozidlo nebylo nalezeno v UNIQA ani Allianz a poznámka TIRBazar neobsahuje informaci o depozitu.
19535;VF1HDC2K637306813;2K21630;;CHYBÍ V UNIQA;Aktivní vozidlo nebylo nalezeno v UNIQA ani Allianz a poznámka TIRBazar neobsahuje informaci o depozitu.
18296;VF1JL000158118271;6AL2569;;CHYBÍ V UNIQA;Aktivní vozidlo nebylo nalezeno v UNIQA ani Allianz a poznámka TIRBazar neobsahuje informaci o depozitu.
18413;VF1JL000459370610;6AS8195;;CHYBÍ V UNIQA;Aktivní vozidlo nebylo nalezeno v UNIQA ani Allianz a poznámka TIRBazar neobsahuje informaci o depozitu.
17689;VF1JL000659351766;7AB2282;;CHYBÍ V UNIQA;Aktivní vozidlo nebylo nalezeno v UNIQA ani Allianz a poznámka TIRBazar neobsahuje informaci o depozitu.
18412;VF1JL000859273670;7AB2281;;CHYBÍ V UNIQA;Aktivní vozidlo nebylo nalezeno v UNIQA ani Allianz a poznámka TIRBazar neobsahuje informaci o depozitu.
18295;VF1JL000859370612;7AB2283;;CHYBÍ V UNIQA;Aktivní vozidlo nebylo nalezeno v UNIQA ani Allianz a poznámka TIRBazar neobsahuje informaci o depozitu.
18324;VF1JL000958565978;6AL7079;;CHYBÍ V UNIQA;Aktivní vozidlo nebylo nalezeno v UNIQA ani Allianz a poznámka TIRBazar neobsahuje informaci o depozitu.
19782;VF1JLNDA64Y051031;8U35333;;CHYBÍ V UNIQA;Aktivní vozidlo nebylo nalezeno v UNIQA ani Allianz a poznámka TIRBazar neobsahuje informaci o depozitu.
18222;VF1MA000058029326;5SX2473;;CHYBÍ V UNIQA;Aktivní vozidlo nebylo nalezeno v UNIQA ani Allianz a poznámka TIRBazar neobsahuje informaci o depozitu.
17789;VF1MA000061202210;9AY7058;;CHYBÍ V UNIQA;Aktivní vozidlo nebylo nalezeno v UNIQA ani Allianz a poznámka TIRBazar neobsahuje informaci o depozitu.
17141;VF1MA000061613073;5SZ6732;;CHYBÍ V UNIQA;Aktivní vozidlo nebylo nalezeno v UNIQA ani Allianz a poznámka TIRBazar neobsahuje informaci o depozitu.
18716;VF1MA000064615470;2BI4158;;CHYBÍ V UNIQA;Aktivní vozidlo nebylo nalezeno v UNIQA ani Allianz a poznámka TIRBazar neobsahuje informaci o depozitu.
17939;VF1MA000065032374;6SD2161;;CHYBÍ V UNIQA;Aktivní vozidlo nebylo nalezeno v UNIQA ani Allianz a poznámka TIRBazar neobsahuje informaci o depozitu.
19756;VF1MA000067536881;9C16977;;CHYBÍ V UNIQA;Aktivní vozidlo nebylo nalezeno v UNIQA ani Allianz a poznámka TIRBazar neobsahuje informaci o depozitu.
19482;VF1MA000070173931;7Z35191;;CHYBÍ V UNIQA;Aktivní vozidlo nebylo nalezeno v UNIQA ani Allianz a poznámka TIRBazar neobsahuje informaci o depozitu.
19860;VF1MA000071020492;1CA1286;;CHYBÍ V UNIQA;Aktivní vozidlo nebylo nalezeno v UNIQA ani Allianz a poznámka TIRBazar neobsahuje informaci o depozitu.
19368;VF1MA000157574585;9AP5546;;CHYBÍ V UNIQA;Aktivní vozidlo nebylo nalezeno v UNIQA ani Allianz a poznámka TIRBazar neobsahuje informaci o depozitu.
19658;VF1MA000161792594;2BC3793;;CHYBÍ V UNIQA;Aktivní vozidlo nebylo nalezeno v UNIQA ani Allianz a poznámka TIRBazar neobsahuje informaci o depozitu.
17097;VF1MA000162766829;9AM1397;;CHYBÍ V UNIQA;Aktivní vozidlo nebylo nalezeno v UNIQA ani Allianz a poznámka TIRBazar neobsahuje informaci o depozitu.
17936;VF1MA000162766930;9AZ2411;;CHYBÍ V UNIQA;Aktivní vozidlo nebylo nalezeno v UNIQA ani Allianz a poznámka TIRBazar neobsahuje informaci o depozitu.
17935;VF1MA000162767012;1AAD871;;CHYBÍ V UNIQA;Aktivní vozidlo nebylo nalezeno v UNIQA ani Allianz a poznámka TIRBazar neobsahuje informaci o depozitu.
18936;VF1MA000162767141;9AR3115;;CHYBÍ V UNIQA;Aktivní vozidlo nebylo nalezeno v UNIQA ani Allianz a poznámka TIRBazar neobsahuje informaci o depozitu.
18460;VF1MA000164225817;2BI0428;;CHYBÍ V UNIQA;Aktivní vozidlo nebylo nalezeno v UNIQA ani Allianz a poznámka TIRBazar neobsahuje informaci o depozitu.
17921;VF1MA000166632993;9AZ2056;;CHYBÍ V UNIQA;Aktivní vozidlo nebylo nalezeno v UNIQA ani Allianz a poznámka TIRBazar neobsahuje informaci o depozitu.
17272;VF1MA000167953801;9AV5103;;CHYBÍ V UNIQA;Aktivní vozidlo nebylo nalezeno v UNIQA ani Allianz a poznámka TIRBazar neobsahuje informaci o depozitu.
17144;VF1MA000170172075;9AR6014;;CHYBÍ V UNIQA;Aktivní vozidlo nebylo nalezeno v UNIQA ani Allianz a poznámka TIRBazar neobsahuje informaci o depozitu.
18264;VF1MA000256754048;9AN9523;;CHYBÍ V UNIQA;Aktivní vozidlo nebylo nalezeno v UNIQA ani Allianz a poznámka TIRBazar neobsahuje informaci o depozitu.
17515;VF1MA000261613060;9AV3703;;CHYBÍ V UNIQA;Aktivní vozidlo nebylo nalezeno v UNIQA ani Allianz a poznámka TIRBazar neobsahuje informaci o depozitu.
17092;VF1MA000262276335;9AL9489;;CHYBÍ V UNIQA;Aktivní vozidlo nebylo nalezeno v UNIQA ani Allianz a poznámka TIRBazar neobsahuje informaci o depozitu.
19365;VF1MA000262306398;9AL9490;;CHYBÍ V UNIQA;Aktivní vozidlo nebylo nalezeno v UNIQA ani Allianz a poznámka TIRBazar neobsahuje informaci o depozitu.
17428;VF1MA000262766810;9AU5166;;CHYBÍ V UNIQA;Aktivní vozidlo nebylo nalezeno v UNIQA ani Allianz a poznámka TIRBazar neobsahuje informaci o depozitu.
17431;VF1MA000262766872;9AU3299;;CHYBÍ V UNIQA;Aktivní vozidlo nebylo nalezeno v UNIQA ani Allianz a poznámka TIRBazar neobsahuje informaci o depozitu.
18934;VF1MA000262767004;9AR3121;;CHYBÍ V UNIQA;Aktivní vozidlo nebylo nalezeno v UNIQA ani Allianz a poznámka TIRBazar neobsahuje informaci o depozitu.
17640;VF1MA000262767181;9AX9163;;CHYBÍ V UNIQA;Aktivní vozidlo nebylo nalezeno v UNIQA ani Allianz a poznámka TIRBazar neobsahuje informaci o depozitu.
17111;VF1MA000262767195;9AM1375;;CHYBÍ V UNIQA;Aktivní vozidlo nebylo nalezeno v UNIQA ani Allianz a poznámka TIRBazar neobsahuje informaci o depozitu.
18576;VF1MA000264615468;2BI1486;;CHYBÍ V UNIQA;Aktivní vozidlo nebylo nalezeno v UNIQA ani Allianz a poznámka TIRBazar neobsahuje informaci o depozitu.
18787;VF1MA000265098702;2BK2280;;CHYBÍ V UNIQA;Aktivní vozidlo nebylo nalezeno v UNIQA ani Allianz a poznámka TIRBazar neobsahuje informaci o depozitu.
18976;VF1MA000267596838;9C16113;;CHYBÍ V UNIQA;Aktivní vozidlo nebylo nalezeno v UNIQA ani Allianz a poznámka TIRBazar neobsahuje informaci o depozitu.
17951;VF1MA000357635595;1BT5957;;CHYBÍ V UNIQA;Aktivní vozidlo nebylo nalezeno v UNIQA ani Allianz a poznámka TIRBazar neobsahuje informaci o depozitu.
19820;VF1MA000358339020;6Z19686;;CHYBÍ V UNIQA;Aktivní vozidlo nebylo nalezeno v UNIQA ani Allianz a poznámka TIRBazar neobsahuje informaci o depozitu.
18650;VF1MA000361613102;9AL6942;;CHYBÍ V UNIQA;Aktivní vozidlo nebylo nalezeno v UNIQA ani Allianz a poznámka TIRBazar neobsahuje informaci o depozitu.
17437;VF1MA000362766895;9AU3428;;CHYBÍ V UNIQA;Aktivní vozidlo nebylo nalezeno v UNIQA ani Allianz a poznámka TIRBazar neobsahuje informaci o depozitu.
17944;VF1MA000362767092;1AAD908;;CHYBÍ V UNIQA;Aktivní vozidlo nebylo nalezeno v UNIQA ani Allianz a poznámka TIRBazar neobsahuje informaci o depozitu.
18345;VF1MA000363311474;2BK1476;;CHYBÍ V UNIQA;Aktivní vozidlo nebylo nalezeno v UNIQA ani Allianz a poznámka TIRBazar neobsahuje informaci o depozitu.
17597;VF1MA000364996747;7H49185;;CHYBÍ V UNIQA;Aktivní vozidlo nebylo nalezeno v UNIQA ani Allianz a poznámka TIRBazar neobsahuje informaci o depozitu.
18695;VF1MA000365256318;2BK2278;;CHYBÍ V UNIQA;Aktivní vozidlo nebylo nalezeno v UNIQA ani Allianz a poznámka TIRBazar neobsahuje informaci o depozitu.
17143;VF1MA000369973374;9AR6015;;CHYBÍ V UNIQA;Aktivní vozidlo nebylo nalezeno v UNIQA ani Allianz a poznámka TIRBazar neobsahuje informaci o depozitu.
17955;VF1MA000459074943;6M55007;;CHYBÍ V UNIQA;Aktivní vozidlo nebylo nalezeno v UNIQA ani Allianz a poznámka TIRBazar neobsahuje informaci o depozitu.
17352;VF1MA000460930991;9AU3425;;CHYBÍ V UNIQA;Aktivní vozidlo nebylo nalezeno v UNIQA ani Allianz a poznámka TIRBazar neobsahuje informaci o depozitu.
17110;VF1MA000462306399;9AM1399;;CHYBÍ V UNIQA;Aktivní vozidlo nebylo nalezeno v UNIQA ani Allianz a poznámka TIRBazar neobsahuje informaci o depozitu.
17107;VF1MA000462767103;9AL6873;;CHYBÍ V UNIQA;Aktivní vozidlo nebylo nalezeno v UNIQA ani Allianz a poznámka TIRBazar neobsahuje informaci o depozitu.
17096;VF1MA000462767179;9AL8226;;CHYBÍ V UNIQA;Aktivní vozidlo nebylo nalezeno v UNIQA ani Allianz a poznámka TIRBazar neobsahuje informaci o depozitu.
18484;VF1MA000464615469;2BI2526;;CHYBÍ V UNIQA;Aktivní vozidlo nebylo nalezeno v UNIQA ani Allianz a poznámka TIRBazar neobsahuje informaci o depozitu.
18878;VF1MA000465098703;2BK2281;;CHYBÍ V UNIQA;Aktivní vozidlo nebylo nalezeno v UNIQA ani Allianz a poznámka TIRBazar neobsahuje informaci o depozitu.
19000;VF1MA000466015832;5SE9853;;CHYBÍ V UNIQA;Aktivní vozidlo nebylo nalezeno v UNIQA ani Allianz a poznámka TIRBazar neobsahuje informaci o depozitu.
19369;VF1MA000557496778;9AN9524;;CHYBÍ V UNIQA;Aktivní vozidlo nebylo nalezeno v UNIQA ani Allianz a poznámka TIRBazar neobsahuje informaci o depozitu.
17573;VF1MA000558675428;9AV3665;;CHYBÍ V UNIQA;Aktivní vozidlo nebylo nalezeno v UNIQA ani Allianz a poznámka TIRBazar neobsahuje informaci o depozitu.
18336;VF1MA000561916608;4SN2235;;CHYBÍ V UNIQA;Aktivní vozidlo nebylo nalezeno v UNIQA ani Allianz a poznámka TIRBazar neobsahuje informaci o depozitu.
17502;VF1MA000562766932;9AU5154;;CHYBÍ V UNIQA;Aktivní vozidlo nebylo nalezeno v UNIQA ani Allianz a poznámka TIRBazar neobsahuje informaci o depozitu.
17098;VF1MA000562767093;9AM1398;;CHYBÍ V UNIQA;Aktivní vozidlo nebylo nalezeno v UNIQA ani Allianz a poznámka TIRBazar neobsahuje informaci o depozitu.
17516;VF1MA000562767109;9AX4499;;CHYBÍ V UNIQA;Aktivní vozidlo nebylo nalezeno v UNIQA ani Allianz a poznámka TIRBazar neobsahuje informaci o depozitu.
18111;VF1MA000565745013;8AL2428;;CHYBÍ V UNIQA;Aktivní vozidlo nebylo nalezeno v UNIQA ani Allianz a poznámka TIRBazar neobsahuje informaci o depozitu.
17804;VF1MA000567580178;7H78743;;CHYBÍ V UNIQA;Aktivní vozidlo nebylo nalezeno v UNIQA ani Allianz a poznámka TIRBazar neobsahuje informaci o depozitu.
19250;VF1MA000573006219;9P50261;;CHYBÍ V UNIQA;Aktivní vozidlo nebylo nalezeno v UNIQA ani Allianz a poznámka TIRBazar neobsahuje informaci o depozitu.
18204;VF1MA000660273630;9AK6811;;CHYBÍ V UNIQA;Aktivní vozidlo nebylo nalezeno v UNIQA ani Allianz a poznámka TIRBazar neobsahuje informaci o depozitu.
18938;VF1MA000660931043;9AR3138;;CHYBÍ V UNIQA;Aktivní vozidlo nebylo nalezeno v UNIQA ani Allianz a poznámka TIRBazar neobsahuje informaci o depozitu.
17658;VF1MA000661353827;9AV5104;;CHYBÍ V UNIQA;Aktivní vozidlo nebylo nalezeno v UNIQA ani Allianz a poznámka TIRBazar neobsahuje informaci o depozitu.
17578;VF1MA000662767099;9AX9172;;CHYBÍ V UNIQA;Aktivní vozidlo nebylo nalezeno v UNIQA ani Allianz a poznámka TIRBazar neobsahuje informaci o depozitu.
17945;VF1MA000662767197;1AAA068;;CHYBÍ V UNIQA;Aktivní vozidlo nebylo nalezeno v UNIQA ani Allianz a poznámka TIRBazar neobsahuje informaci o depozitu.
17740;VF1MA000665515268;8C76376;;CHYBÍ V UNIQA;Aktivní vozidlo nebylo nalezeno v UNIQA ani Allianz a poznámka TIRBazar neobsahuje informaci o depozitu.
19617;VF1MA000665689650;2BK2298;;CHYBÍ V UNIQA;Aktivní vozidlo nebylo nalezeno v UNIQA ani Allianz a poznámka TIRBazar neobsahuje informaci o depozitu.
19721;VF1MA000668970426;9C46881;;CHYBÍ V UNIQA;Aktivní vozidlo nebylo nalezeno v UNIQA ani Allianz a poznámka TIRBazar neobsahuje informaci o depozitu.
17732;VF1MA000671327648;9AV6271;;CHYBÍ V UNIQA;Aktivní vozidlo nebylo nalezeno v UNIQA ani Allianz a poznámka TIRBazar neobsahuje informaci o depozitu.
17179;VF1MA000762276346;9AR5747;;CHYBÍ V UNIQA;Aktivní vozidlo nebylo nalezeno v UNIQA ani Allianz a poznámka TIRBazar neobsahuje informaci o depozitu.
18676;VF1MA000762646579;2BH3267;;CHYBÍ V UNIQA;Aktivní vozidlo nebylo nalezeno v UNIQA ani Allianz a poznámka TIRBazar neobsahuje informaci o depozitu.
17504;VF1MA000762766768;9AV3715;;CHYBÍ V UNIQA;Aktivní vozidlo nebylo nalezeno v UNIQA ani Allianz a poznámka TIRBazar neobsahuje informaci o depozitu.
17521;VF1MA000762766804;9AV3676;;CHYBÍ V UNIQA;Aktivní vozidlo nebylo nalezeno v UNIQA ani Allianz a poznámka TIRBazar neobsahuje informaci o depozitu.
17104;VF1MA000762766883;9AM1374;;CHYBÍ V UNIQA;Aktivní vozidlo nebylo nalezeno v UNIQA ani Allianz a poznámka TIRBazar neobsahuje informaci o depozitu.
19259;VF1MA000862158354;7AJ4475;;CHYBÍ V UNIQA;Aktivní vozidlo nebylo nalezeno v UNIQA ani Allianz a poznámka TIRBazar neobsahuje informaci o depozitu.
17146;VF1MA000862306390;5SZ6733;;CHYBÍ V UNIQA;Aktivní vozidlo nebylo nalezeno v UNIQA ani Allianz a poznámka TIRBazar neobsahuje informaci o depozitu.
18636;VF1MA000862749011;5L86786;;CHYBÍ V UNIQA;Aktivní vozidlo nebylo nalezeno v UNIQA ani Allianz a poznámka TIRBazar neobsahuje informaci o depozitu.
17082;VF1MA000862766911;9AL6874;;CHYBÍ V UNIQA;Aktivní vozidlo nebylo nalezeno v UNIQA ani Allianz a poznámka TIRBazar neobsahuje informaci o depozitu.
17158;VF1MA000862767153;5SZ6734;;CHYBÍ V UNIQA;Aktivní vozidlo nebylo nalezeno v UNIQA ani Allianz a poznámka TIRBazar neobsahuje informaci o depozitu.
19018;VF1MA000865515272;8C76378;;CHYBÍ V UNIQA;Aktivní vozidlo nebylo nalezeno v UNIQA ani Allianz a poznámka TIRBazar neobsahuje informaci o depozitu.
17262;VF1MA000870176737;9AN8713;;CHYBÍ V UNIQA;Aktivní vozidlo nebylo nalezeno v UNIQA ani Allianz a poznámka TIRBazar neobsahuje informaci o depozitu.
17192;VF1MA000962306396;9AS3056;;CHYBÍ V UNIQA;Aktivní vozidlo nebylo nalezeno v UNIQA ani Allianz a poznámka TIRBazar neobsahuje informaci o depozitu.
17957;VF1MA000962568614;6M69834;;CHYBÍ V UNIQA;Aktivní vozidlo nebylo nalezeno v UNIQA ani Allianz a poznámka TIRBazar neobsahuje informaci o depozitu.
17708;VF1MA000962766755;9AY4544;;CHYBÍ V UNIQA;Aktivní vozidlo nebylo nalezeno v UNIQA ani Allianz a poznámka TIRBazar neobsahuje informaci o depozitu.
17430;VF1MA000962766836;9AU9271;;CHYBÍ V UNIQA;Aktivní vozidlo nebylo nalezeno v UNIQA ani Allianz a poznámka TIRBazar neobsahuje informaci o depozitu.
17835;VF1MA000962766867;9AZ2333;;CHYBÍ V UNIQA;Aktivní vozidlo nebylo nalezeno v UNIQA ani Allianz a poznámka TIRBazar neobsahuje informaci o depozitu.
17105;VF1MA000962766870;9AL6875;;CHYBÍ V UNIQA;Aktivní vozidlo nebylo nalezeno v UNIQA ani Allianz a poznámka TIRBazar neobsahuje informaci o depozitu.
17503;VF1MA000962766951;9AU5237;;CHYBÍ V UNIQA;Aktivní vozidlo nebylo nalezeno v UNIQA ani Allianz a poznámka TIRBazar neobsahuje informaci o depozitu.
17109;VF1MA000962767114;9AM1360;;CHYBÍ V UNIQA;Aktivní vozidlo nebylo nalezeno v UNIQA ani Allianz a poznámka TIRBazar neobsahuje informaci o depozitu.
19688;VF1MA000965830954;8AI0162;;CHYBÍ V UNIQA;Aktivní vozidlo nebylo nalezeno v UNIQA ani Allianz a poznámka TIRBazar neobsahuje informaci o depozitu.
19001;VF1MA000966036207;5SE9757;;CHYBÍ V UNIQA;Aktivní vozidlo nebylo nalezeno v UNIQA ani Allianz a poznámka TIRBazar neobsahuje informaci o depozitu.
17663;VF1MA000971007935;9AV7446;;CHYBÍ V UNIQA;Aktivní vozidlo nebylo nalezeno v UNIQA ani Allianz a poznámka TIRBazar neobsahuje informaci o depozitu.
17729;VF1MA000971327384;9AV7447;;CHYBÍ V UNIQA;Aktivní vozidlo nebylo nalezeno v UNIQA ani Allianz a poznámka TIRBazar neobsahuje informaci o depozitu.
18220;VF1MA000X57876604;9AF4174;;CHYBÍ V UNIQA;Aktivní vozidlo nebylo nalezeno v UNIQA ani Allianz a poznámka TIRBazar neobsahuje informaci o depozitu.
18935;VF1MA000X59082271;9AP2858;;CHYBÍ V UNIQA;Aktivní vozidlo nebylo nalezeno v UNIQA ani Allianz a poznámka TIRBazar neobsahuje informaci o depozitu.
17575;VF1MA000X62766943;9AX9161;;CHYBÍ V UNIQA;Aktivní vozidlo nebylo nalezeno v UNIQA ani Allianz a poznámka TIRBazar neobsahuje informaci o depozitu.
17439;VF1MA000X62767087;9AU9275;;CHYBÍ V UNIQA;Aktivní vozidlo nebylo nalezeno v UNIQA ani Allianz a poznámka TIRBazar neobsahuje informaci o depozitu.
17598;VF1MA000X64044358;7H49011;;CHYBÍ V UNIQA;Aktivní vozidlo nebylo nalezeno v UNIQA ani Allianz a poznámka TIRBazar neobsahuje informaci o depozitu.
18346;VF1MA000X64047650;8P34862;;CHYBÍ V UNIQA;Aktivní vozidlo nebylo nalezeno v UNIQA ani Allianz a poznámka TIRBazar neobsahuje informaci o depozitu.
19061;VF1MA000X65689649;2BK2296;;CHYBÍ V UNIQA;Aktivní vozidlo nebylo nalezeno v UNIQA ani Allianz a poznámka TIRBazar neobsahuje informaci o depozitu.
19552;VF1MA000X65689652;2BK2295;;CHYBÍ V UNIQA;Aktivní vozidlo nebylo nalezeno v UNIQA ani Allianz a poznámka TIRBazar neobsahuje informaci o depozitu.
18639;VF1MA000X65854485;8AL8986;;CHYBÍ V UNIQA;Aktivní vozidlo nebylo nalezeno v UNIQA ani Allianz a poznámka TIRBazar neobsahuje informaci o depozitu.
19062;VF1MA000X66848261;5SE9808;;CHYBÍ V UNIQA;Aktivní vozidlo nebylo nalezeno v UNIQA ani Allianz a poznámka TIRBazar neobsahuje informaci o depozitu.
18977;VF1MA000X68822537;9C43919;;CHYBÍ V UNIQA;Aktivní vozidlo nebylo nalezeno v UNIQA ani Allianz a poznámka TIRBazar neobsahuje informaci o depozitu.
19177;VF1MA000X68975063;6L51405;;CHYBÍ V UNIQA;Aktivní vozidlo nebylo nalezeno v UNIQA ani Allianz a poznámka TIRBazar neobsahuje informaci o depozitu.
18996;VF1MAA2RA54822826;6P67423;;CHYBÍ V UNIQA;Aktivní vozidlo nebylo nalezeno v UNIQA ani Allianz a poznámka TIRBazar neobsahuje informaci o depozitu.
18232;VF1MAF4CE43811681;9AH3908;;CHYBÍ V UNIQA;Aktivní vozidlo nebylo nalezeno v UNIQA ani Allianz a poznámka TIRBazar neobsahuje informaci o depozitu.
18235;VF1MAF4CE45454543;5SX2845;;CHYBÍ V UNIQA;Aktivní vozidlo nebylo nalezeno v UNIQA ani Allianz a poznámka TIRBazar neobsahuje informaci o depozitu.
18233;VF1MAF4CE45727802;9AK6809;;CHYBÍ V UNIQA;Aktivní vozidlo nebylo nalezeno v UNIQA ani Allianz a poznámka TIRBazar neobsahuje informaci o depozitu.
18212;VF1MAF4DE47607260;9AB9714;;CHYBÍ V UNIQA;Aktivní vozidlo nebylo nalezeno v UNIQA ani Allianz a poznámka TIRBazar neobsahuje informaci o depozitu.
18223;VF1MAF4DE48023142;9AA5070;;CHYBÍ V UNIQA;Aktivní vozidlo nebylo nalezeno v UNIQA ani Allianz a poznámka TIRBazar neobsahuje informaci o depozitu.
18227;VF1MAF4DE48648345;9AA8608;;CHYBÍ V UNIQA;Aktivní vozidlo nebylo nalezeno v UNIQA ani Allianz a poznámka TIRBazar neobsahuje informaci o depozitu.
19124;VF1MAF4DE48878082;5M25607;;CHYBÍ V UNIQA;Aktivní vozidlo nebylo nalezeno v UNIQA ani Allianz a poznámka TIRBazar neobsahuje informaci o depozitu.
18937;VF1MAF4DF47742082;9AL4922;;CHYBÍ V UNIQA;Aktivní vozidlo nebylo nalezeno v UNIQA ani Allianz a poznámka TIRBazar neobsahuje informaci o depozitu.
18701;VF1MAF4DF47823401;3AD0590;;CHYBÍ V UNIQA;Aktivní vozidlo nebylo nalezeno v UNIQA ani Allianz a poznámka TIRBazar neobsahuje informaci o depozitu.
16618;VF1MAF4EE46377198;8AY3175;;CHYBÍ V UNIQA;Aktivní vozidlo nebylo nalezeno v UNIQA ani Allianz a poznámka TIRBazar neobsahuje informaci o depozitu.
18236;VF1MAF4FE46998234;9AD6486;;CHYBÍ V UNIQA;Aktivní vozidlo nebylo nalezeno v UNIQA ani Allianz a poznámka TIRBazar neobsahuje informaci o depozitu.
18211;VF1MAF4JE45119215;9AI9270;;CHYBÍ V UNIQA;Aktivní vozidlo nebylo nalezeno v UNIQA ani Allianz a poznámka TIRBazar neobsahuje informaci o depozitu.
18224;VF1MAF4JE46247943;8AZ7750;;CHYBÍ V UNIQA;Aktivní vozidlo nebylo nalezeno v UNIQA ani Allianz a poznámka TIRBazar neobsahuje informaci o depozitu.
18206;VF1MAF4JE47291991;9AB5122;;CHYBÍ V UNIQA;Aktivní vozidlo nebylo nalezeno v UNIQA ani Allianz a poznámka TIRBazar neobsahuje informaci o depozitu.
18234;VF1MAF4PE50278207;8AZ8478;;CHYBÍ V UNIQA;Aktivní vozidlo nebylo nalezeno v UNIQA ani Allianz a poznámka TIRBazar neobsahuje informaci o depozitu.
18278;VF1MAF4SE51836922;9AK5955;;CHYBÍ V UNIQA;Aktivní vozidlo nebylo nalezeno v UNIQA ani Allianz a poznámka TIRBazar neobsahuje informaci o depozitu.
17777;VF1MAF4SE51863902;1BA2945;;CHYBÍ V UNIQA;Aktivní vozidlo nebylo nalezeno v UNIQA ani Allianz a poznámka TIRBazar neobsahuje informaci o depozitu.
18240;VF1MAF4SE52016078;9AH1637;;CHYBÍ V UNIQA;Aktivní vozidlo nebylo nalezeno v UNIQA ani Allianz a poznámka TIRBazar neobsahuje informaci o depozitu.
17776;VF1MAF4SE52248093;1BB7517;;CHYBÍ V UNIQA;Aktivní vozidlo nebylo nalezeno v UNIQA ani Allianz a poznámka TIRBazar neobsahuje informaci o depozitu.
18239;VF1MAF4SE52318095;9AP5540;;CHYBÍ V UNIQA;Aktivní vozidlo nebylo nalezeno v UNIQA ani Allianz a poznámka TIRBazar neobsahuje informaci o depozitu.
18229;VF1MAF4SE52656314;9AI9186;;CHYBÍ V UNIQA;Aktivní vozidlo nebylo nalezeno v UNIQA ani Allianz a poznámka TIRBazar neobsahuje informaci o depozitu.
18215;VF1MAF4SE52762963;9AK6709;;CHYBÍ V UNIQA;Aktivní vozidlo nebylo nalezeno v UNIQA ani Allianz a poznámka TIRBazar neobsahuje informaci o depozitu.
18219;VF1MAF4SE52764117;9AH1567;;CHYBÍ V UNIQA;Aktivní vozidlo nebylo nalezeno v UNIQA ani Allianz a poznámka TIRBazar neobsahuje informaci o depozitu.
18592;VF1MAF4SE53250235;1BI2085;;CHYBÍ V UNIQA;Aktivní vozidlo nebylo nalezeno v UNIQA ani Allianz a poznámka TIRBazar neobsahuje informaci o depozitu.
18238;VF1MAF4SE53430876;9AL5027;;CHYBÍ V UNIQA;Aktivní vozidlo nebylo nalezeno v UNIQA ani Allianz a poznámka TIRBazar neobsahuje informaci o depozitu.
18317;VF1MAF4SE53563039;6AC6439;;CHYBÍ V UNIQA;Aktivní vozidlo nebylo nalezeno v UNIQA ani Allianz a poznámka TIRBazar neobsahuje informaci o depozitu.
19005;VF1MAF4SE54630852;1BH9214;;CHYBÍ V UNIQA;Aktivní vozidlo nebylo nalezeno v UNIQA ani Allianz a poznámka TIRBazar neobsahuje informaci o depozitu.
18216;VF1MAF4SE55841686;9AK6804;;CHYBÍ V UNIQA;Aktivní vozidlo nebylo nalezeno v UNIQA ani Allianz a poznámka TIRBazar neobsahuje informaci o depozitu.
18265;VF1MAF4SE56007215;9AP2890;;CHYBÍ V UNIQA;Aktivní vozidlo nebylo nalezeno v UNIQA ani Allianz a poznámka TIRBazar neobsahuje informaci o depozitu.
19856;VF1MAF4SF51103177;7AF4415;;CHYBÍ V UNIQA;Aktivní vozidlo nebylo nalezeno v UNIQA ani Allianz a poznámka TIRBazar neobsahuje informaci o depozitu.
18237;VF1MAF4SF53934774;9AL5137;;CHYBÍ V UNIQA;Aktivní vozidlo nebylo nalezeno v UNIQA ani Allianz a poznámka TIRBazar neobsahuje informaci o depozitu.
18230;VF1MAF4TE50451206;9AJ0971;;CHYBÍ V UNIQA;Aktivní vozidlo nebylo nalezeno v UNIQA ani Allianz a poznámka TIRBazar neobsahuje informaci o depozitu.
18277;VF1MAF4VE50198062;9AI9015;;CHYBÍ V UNIQA;Aktivní vozidlo nebylo nalezeno v UNIQA ani Allianz a poznámka TIRBazar neobsahuje informaci o depozitu.
19367;VF1MAF4VE51032205;9AN9557;;CHYBÍ V UNIQA;Aktivní vozidlo nebylo nalezeno v UNIQA ani Allianz a poznámka TIRBazar neobsahuje informaci o depozitu.
18226;VF1MAF4ZE52773275;9AK5998;;CHYBÍ V UNIQA;Aktivní vozidlo nebylo nalezeno v UNIQA ani Allianz a poznámka TIRBazar neobsahuje informaci o depozitu.
17153;VF1MAF4ZR53312421;6H33182;;CHYBÍ V UNIQA;Aktivní vozidlo nebylo nalezeno v UNIQA ani Allianz a poznámka TIRBazar neobsahuje informaci o depozitu.
17199;VF1MAF6CJ43680520;4E15784;;CHYBÍ V UNIQA;Aktivní vozidlo nebylo nalezeno v UNIQA ani Allianz a poznámka TIRBazar neobsahuje informaci o depozitu.
18225;VF1MAF6EC43562709;9AB0956;;CHYBÍ V UNIQA;Aktivní vozidlo nebylo nalezeno v UNIQA ani Allianz a poznámka TIRBazar neobsahuje informaci o depozitu.
18218;VF1MAF6ZE52065270;1AAP018;;CHYBÍ V UNIQA;Aktivní vozidlo nebylo nalezeno v UNIQA ani Allianz a poznámka TIRBazar neobsahuje informaci o depozitu.
18929;VF1MAFAAA46120565;8B17485;;CHYBÍ V UNIQA;Aktivní vozidlo nebylo nalezeno v UNIQA ani Allianz a poznámka TIRBazar neobsahuje informaci o depozitu.
18910;VF1MAFARA52206553;1BD9127;;CHYBÍ V UNIQA;Aktivní vozidlo nebylo nalezeno v UNIQA ani Allianz a poznámka TIRBazar neobsahuje informaci o depozitu.
17423;VF1MAFARA53430855;6H33460;;CHYBÍ V UNIQA;Aktivní vozidlo nebylo nalezeno v UNIQA ani Allianz a poznámka TIRBazar neobsahuje informaci o depozitu.
17862;VF1MAFARA54100240;5AA1360;;CHYBÍ V UNIQA;Aktivní vozidlo nebylo nalezeno v UNIQA ani Allianz a poznámka TIRBazar neobsahuje informaci o depozitu.
18644;VF1MAFCSC55152105;1BK2973;;CHYBÍ V UNIQA;Aktivní vozidlo nebylo nalezeno v UNIQA ani Allianz a poznámka TIRBazar neobsahuje informaci o depozitu.
17845;VF1MAFEDC49580316;2TF5676;;CHYBÍ V UNIQA;Aktivní vozidlo nebylo nalezeno v UNIQA ani Allianz a poznámka TIRBazar neobsahuje informaci o depozitu.
18266;VF1MAFESC51075317;9AP5383;;CHYBÍ V UNIQA;Aktivní vozidlo nebylo nalezeno v UNIQA ani Allianz a poznámka TIRBazar neobsahuje informaci o depozitu.
18786;VF1MAFESC54231817;5AE4211;;CHYBÍ V UNIQA;Aktivní vozidlo nebylo nalezeno v UNIQA ani Allianz a poznámka TIRBazar neobsahuje informaci o depozitu.
19415;VF1MAFEZC54050584;1BT9605;;CHYBÍ V UNIQA;Aktivní vozidlo nebylo nalezeno v UNIQA ani Allianz a poznámka TIRBazar neobsahuje informaci o depozitu.
18624;VF1MB000056819704;7AK7642;;CHYBÍ V UNIQA;Aktivní vozidlo nebylo nalezeno v UNIQA ani Allianz a poznámka TIRBazar neobsahuje informaci o depozitu.
17162;VF1MB000069987925;9AT7813;;CHYBÍ V UNIQA;Aktivní vozidlo nebylo nalezeno v UNIQA ani Allianz a poznámka TIRBazar neobsahuje informaci o depozitu.
19474;VF1MB000266222362;9C10069;;CHYBÍ V UNIQA;Aktivní vozidlo nebylo nalezeno v UNIQA ani Allianz a poznámka TIRBazar neobsahuje informaci o depozitu.
18312;VF1MB000358490906;4SC0725;;CHYBÍ V UNIQA;Aktivní vozidlo nebylo nalezeno v UNIQA ani Allianz a poznámka TIRBazar neobsahuje informaci o depozitu.
17451;VF1MB000362377820;1TN9946;;CHYBÍ V UNIQA;Aktivní vozidlo nebylo nalezeno v UNIQA ani Allianz a poznámka TIRBazar neobsahuje informaci o depozitu.
18876;VF1MB000365828825;1TV0864;;CHYBÍ V UNIQA;Aktivní vozidlo nebylo nalezeno v UNIQA ani Allianz a poznámka TIRBazar neobsahuje informaci o depozitu.
18620;VF1MB000662646618;9U91045;;CHYBÍ V UNIQA;Aktivní vozidlo nebylo nalezeno v UNIQA ani Allianz a poznámka TIRBazar neobsahuje informaci o depozitu.
16719;VF1MB000662768816;1AFX096;;CHYBÍ V UNIQA;Aktivní vozidlo nebylo nalezeno v UNIQA ani Allianz a poznámka TIRBazar neobsahuje informaci o depozitu.
18411;VF1MB000869494722;4K87038;;CHYBÍ V UNIQA;Aktivní vozidlo nebylo nalezeno v UNIQA ani Allianz a poznámka TIRBazar neobsahuje informaci o depozitu.
17161;VF1MB000869987848;9AT7801;;CHYBÍ V UNIQA;Aktivní vozidlo nebylo nalezeno v UNIQA ani Allianz a poznámka TIRBazar neobsahuje informaci o depozitu.
17398;VF1MB000962331585;1TN9948;;CHYBÍ V UNIQA;Aktivní vozidlo nebylo nalezeno v UNIQA ani Allianz a poznámka TIRBazar neobsahuje informaci o depozitu.
17393;VF1MB000962529681;7H88192;;CHYBÍ V UNIQA;Aktivní vozidlo nebylo nalezeno v UNIQA ani Allianz a poznámka TIRBazar neobsahuje informaci o depozitu.
18349;VF1MB14J244479491;5L41830;;CHYBÍ V UNIQA;Aktivní vozidlo nebylo nalezeno v UNIQA ani Allianz a poznámka TIRBazar neobsahuje informaci o depozitu.
19434;VF1MB14J246376247;3ST2824;;CHYBÍ V UNIQA;Aktivní vozidlo nebylo nalezeno v UNIQA ani Allianz a poznámka TIRBazar neobsahuje informaci o depozitu.
18241;VF1MB14J247602375;4AS3829;;CHYBÍ V UNIQA;Aktivní vozidlo nebylo nalezeno v UNIQA ani Allianz a poznámka TIRBazar neobsahuje informaci o depozitu.
18802;VF1MB14S252358095;5Z46805;;CHYBÍ V UNIQA;Aktivní vozidlo nebylo nalezeno v UNIQA ani Allianz a poznámka TIRBazar neobsahuje informaci o depozitu.
17307;VF1MB14S253563274;6AJ5799;;CHYBÍ V UNIQA;Aktivní vozidlo nebylo nalezeno v UNIQA ani Allianz a poznámka TIRBazar neobsahuje informaci o depozitu.
19192;VF1MB14Z254780904;9C91796;;CHYBÍ V UNIQA;Aktivní vozidlo nebylo nalezeno v UNIQA ani Allianz a poznámka TIRBazar neobsahuje informaci o depozitu.
19554;VF1MB16Z253976728;5Z59821;;CHYBÍ V UNIQA;Aktivní vozidlo nebylo nalezeno v UNIQA ani Allianz a poznámka TIRBazar neobsahuje informaci o depozitu.
18018;VF1MBH4D248765457;1TR9617;;CHYBÍ V UNIQA;Aktivní vozidlo nebylo nalezeno v UNIQA ani Allianz a poznámka TIRBazar neobsahuje informaci o depozitu.
17392;VF1MBM4S154807544;6H55270;;CHYBÍ V UNIQA;Aktivní vozidlo nebylo nalezeno v UNIQA ani Allianz a poznámka TIRBazar neobsahuje informaci o depozitu.
13335;VF1MBU6F448628740;8T77504;;CHYBÍ V UNIQA;Aktivní vozidlo nebylo nalezeno v UNIQA ani Allianz a poznámka TIRBazar neobsahuje informaci o depozitu.
17294;VF1NDDCL524024632;3J07445;;CHYBÍ V UNIQA;Aktivní vozidlo nebylo nalezeno v UNIQA ani Allianz a poznámka TIRBazar neobsahuje informaci o depozitu.
19729;VF1RDB00074082790;7SH8037;;CHYBÍ V UNIQA;Aktivní vozidlo nebylo nalezeno v UNIQA ani Allianz a poznámka TIRBazar neobsahuje informaci o depozitu.
19407;VF1RDB00474412284;1ALU164;;CHYBÍ V UNIQA;Aktivní vozidlo nebylo nalezeno v UNIQA ani Allianz a poznámka TIRBazar neobsahuje informaci o depozitu.
19409;VF1RDB00873778383;1ALD590;;CHYBÍ V UNIQA;Aktivní vozidlo nebylo nalezeno v UNIQA ani Allianz a poznámka TIRBazar neobsahuje informaci o depozitu.
19410;VF1RDB00X73778384;1AKY704;;CHYBÍ V UNIQA;Aktivní vozidlo nebylo nalezeno v UNIQA ani Allianz a poznámka TIRBazar neobsahuje informaci o depozitu.
18808;VF1RJL009UC366791;5SV5888;;CHYBÍ V UNIQA;Aktivní vozidlo nebylo nalezeno v UNIQA ani Allianz a poznámka TIRBazar neobsahuje informaci o depozitu.
19504;VF1UDC1G641697504;3AV9657;;CHYBÍ V UNIQA;Aktivní vozidlo nebylo nalezeno v UNIQA ani Allianz a poznámka TIRBazar neobsahuje informaci o depozitu.
18858;VF1UDC1K643375353;4J17855;;CHYBÍ V UNIQA;Aktivní vozidlo nebylo nalezeno v UNIQA ani Allianz a poznámka TIRBazar neobsahuje informaci o depozitu.
17286;VF1UDCUK635832298;3AR5680;;CHYBÍ V UNIQA;Aktivní vozidlo nebylo nalezeno v UNIQA ani Allianz a poznámka TIRBazar neobsahuje informaci o depozitu.
19225;VF1UDCVK535661034;4J29962;;CHYBÍ V UNIQA;Aktivní vozidlo nebylo nalezeno v UNIQA ani Allianz a poznámka TIRBazar neobsahuje informaci o depozitu.
18497;VF1VA000167082189;5SA9915;;CHYBÍ V UNIQA;Aktivní vozidlo nebylo nalezeno v UNIQA ani Allianz a poznámka TIRBazar neobsahuje informaci o depozitu.
18718;VF1VA000268970959;2BY1132;;CHYBÍ V UNIQA;Aktivní vozidlo nebylo nalezeno v UNIQA ani Allianz a poznámka TIRBazar neobsahuje informaci o depozitu.
17690;VF1VA000769983152;1AAI514;;CHYBÍ V UNIQA;Aktivní vozidlo nebylo nalezeno v UNIQA ani Allianz a poznámka TIRBazar neobsahuje informaci o depozitu.
16491;VF1VB000056711345;5E71364;;CHYBÍ V UNIQA;Aktivní vozidlo nebylo nalezeno v UNIQA ani Allianz a poznámka TIRBazar neobsahuje informaci o depozitu.
17866;VF1VB000059368146;1BP6555;;CHYBÍ V UNIQA;Aktivní vozidlo nebylo nalezeno v UNIQA ani Allianz a poznámka TIRBazar neobsahuje informaci o depozitu.
16434;VF1VB000062901347;9AA3004;;CHYBÍ V UNIQA;Aktivní vozidlo nebylo nalezeno v UNIQA ani Allianz a poznámka TIRBazar neobsahuje informaci o depozitu.
19248;VF1VB000067543458;6J92307;;CHYBÍ V UNIQA;Aktivní vozidlo nebylo nalezeno v UNIQA ani Allianz a poznámka TIRBazar neobsahuje informaci o depozitu.
19455;VF1VB000067545243;6J92085;;CHYBÍ V UNIQA;Aktivní vozidlo nebylo nalezeno v UNIQA ani Allianz a poznámka TIRBazar neobsahuje informaci o depozitu.
19592;VF1VB000067725788;8P98627;;CHYBÍ V UNIQA;Aktivní vozidlo nebylo nalezeno v UNIQA ani Allianz a poznámka TIRBazar neobsahuje informaci o depozitu.
18795;VF1VB000159832318;8C17957;;CHYBÍ V UNIQA;Aktivní vozidlo nebylo nalezeno v UNIQA ani Allianz a poznámka TIRBazar neobsahuje informaci o depozitu.
19545;VF1VB000162901275;1AFI155;;CHYBÍ V UNIQA;Aktivní vozidlo nebylo nalezeno v UNIQA ani Allianz a poznámka TIRBazar neobsahuje informaci o depozitu.
17745;VF1VB000166843712;8AP2152;;CHYBÍ V UNIQA;Aktivní vozidlo nebylo nalezeno v UNIQA ani Allianz a poznámka TIRBazar neobsahuje informaci o depozitu.
19731;VF1VB000167448312;8H33103;;CHYBÍ V UNIQA;Aktivní vozidlo nebylo nalezeno v UNIQA ani Allianz a poznámka TIRBazar neobsahuje informaci o depozitu.
17638;VF1VB000168755506;7M10315;;CHYBÍ V UNIQA;Aktivní vozidlo nebylo nalezeno v UNIQA ani Allianz a poznámka TIRBazar neobsahuje informaci o depozitu.
18714;VF1VB000263162167;6E19561;;CHYBÍ V UNIQA;Aktivní vozidlo nebylo nalezeno v UNIQA ani Allianz a poznámka TIRBazar neobsahuje informaci o depozitu.
18760;VF1VB000263235019;4SY3899;;CHYBÍ V UNIQA;Aktivní vozidlo nebylo nalezeno v UNIQA ani Allianz a poznámka TIRBazar neobsahuje informaci o depozitu.
18913;VF1VB000263235487;4SY4167;;CHYBÍ V UNIQA;Aktivní vozidlo nebylo nalezeno v UNIQA ani Allianz a poznámka TIRBazar neobsahuje informaci o depozitu.
19755;VF1VB000265830523;6L11520;;CHYBÍ V UNIQA;Aktivní vozidlo nebylo nalezeno v UNIQA ani Allianz a poznámka TIRBazar neobsahuje informaci o depozitu.
18692;VF1VB000267363222;2TE1395;;CHYBÍ V UNIQA;Aktivní vozidlo nebylo nalezeno v UNIQA ani Allianz a poznámka TIRBazar neobsahuje informaci o depozitu.
17794;VF1VB000359903986;4SM4115;;CHYBÍ V UNIQA;Aktivní vozidlo nebylo nalezeno v UNIQA ani Allianz a poznámka TIRBazar neobsahuje informaci o depozitu.
17836;VF1VB000365141767;1UC5376;;CHYBÍ V UNIQA;Aktivní vozidlo nebylo nalezeno v UNIQA ani Allianz a poznámka TIRBazar neobsahuje informaci o depozitu.
18043;VF1VB000367761507;8AY5864;;CHYBÍ V UNIQA;Aktivní vozidlo nebylo nalezeno v UNIQA ani Allianz a poznámka TIRBazar neobsahuje informaci o depozitu.
19065;VF1VB000368693767;6J94372;;CHYBÍ V UNIQA;Aktivní vozidlo nebylo nalezeno v UNIQA ani Allianz a poznámka TIRBazar neobsahuje informaci o depozitu.
19732;VF1VB000370514157;1AHL433;;CHYBÍ V UNIQA;Aktivní vozidlo nebylo nalezeno v UNIQA ani Allianz a poznámka TIRBazar neobsahuje informaci o depozitu.
18028;VF1VB000456728259;6AB3913;;CHYBÍ V UNIQA;Aktivní vozidlo nebylo nalezeno v UNIQA ani Allianz a poznámka TIRBazar neobsahuje informaci o depozitu.
18109;VF1VB000457375869;9U33394;;CHYBÍ V UNIQA;Aktivní vozidlo nebylo nalezeno v UNIQA ani Allianz a poznámka TIRBazar neobsahuje informaci o depozitu.
18344;VF1VB000463641741;2BI1702;;CHYBÍ V UNIQA;Aktivní vozidlo nebylo nalezeno v UNIQA ani Allianz a poznámka TIRBazar neobsahuje informaci o depozitu.
17741;VF1VB000466847124;8AT8566;;CHYBÍ V UNIQA;Aktivní vozidlo nebylo nalezeno v UNIQA ani Allianz a poznámka TIRBazar neobsahuje informaci o depozitu.
19612;VF1VB000467581095;8P99635;;CHYBÍ V UNIQA;Aktivní vozidlo nebylo nalezeno v UNIQA ani Allianz a poznámka TIRBazar neobsahuje informaci o depozitu.
19947;VF1VB000467725793;9P07946;;CHYBÍ V UNIQA;Aktivní vozidlo nebylo nalezeno v UNIQA ani Allianz a poznámka TIRBazar neobsahuje informaci o depozitu.
19498;VF1VB000469157159;5SZ5374;;CHYBÍ V UNIQA;Aktivní vozidlo nebylo nalezeno v UNIQA ani Allianz a poznámka TIRBazar neobsahuje informaci o depozitu.
18001;VF1VB000557371331;5Z93374;;CHYBÍ V UNIQA;Aktivní vozidlo nebylo nalezeno v UNIQA ani Allianz a poznámka TIRBazar neobsahuje informaci o depozitu.
18320;VF1VB000560315402;4SM6261;;CHYBÍ V UNIQA;Aktivní vozidlo nebylo nalezeno v UNIQA ani Allianz a poznámka TIRBazar neobsahuje informaci o depozitu.
18027;VF1VB000561409810;5SE6233;;CHYBÍ V UNIQA;Aktivní vozidlo nebylo nalezeno v UNIQA ani Allianz a poznámka TIRBazar neobsahuje informaci o depozitu.
18911;VF1VB000561409824;4SJ0722;;CHYBÍ V UNIQA;Aktivní vozidlo nebylo nalezeno v UNIQA ani Allianz a poznámka TIRBazar neobsahuje informaci o depozitu.
18124;VF1VB000563235290;4SY3901;;CHYBÍ V UNIQA;Aktivní vozidlo nebylo nalezeno v UNIQA ani Allianz a poznámka TIRBazar neobsahuje informaci o depozitu.
18176;VF1VB000567543441;6J87890;;CHYBÍ V UNIQA;Aktivní vozidlo nebylo nalezeno v UNIQA ani Allianz a poznámka TIRBazar neobsahuje informaci o depozitu.
17172;VF1VB000569984023;1ABA351;;CHYBÍ V UNIQA;Aktivní vozidlo nebylo nalezeno v UNIQA ani Allianz a poznámka TIRBazar neobsahuje informaci o depozitu.
17674;VF1VB000656525180;4K11739;;CHYBÍ V UNIQA;Aktivní vozidlo nebylo nalezeno v UNIQA ani Allianz a poznámka TIRBazar neobsahuje informaci o depozitu.
17427;VF1VB000661409816;4SJ0872;;CHYBÍ V UNIQA;Aktivní vozidlo nebylo nalezeno v UNIQA ani Allianz a poznámka TIRBazar neobsahuje informaci o depozitu.
17998;VF1VB000662768934;1ACL943;;CHYBÍ V UNIQA;Aktivní vozidlo nebylo nalezeno v UNIQA ani Allianz a poznámka TIRBazar neobsahuje informaci o depozitu.
17433;VF1VB000662901417;9AZ7028;;CHYBÍ V UNIQA;Aktivní vozidlo nebylo nalezeno v UNIQA ani Allianz a poznámka TIRBazar neobsahuje informaci o depozitu.
19247;VF1VB000668968841;9AR5629;;CHYBÍ V UNIQA;Aktivní vozidlo nebylo nalezeno v UNIQA ani Allianz a poznámka TIRBazar neobsahuje informaci o depozitu.
17171;VF1VB000669984015;1ACJ385;;CHYBÍ V UNIQA;Aktivní vozidlo nebylo nalezeno v UNIQA ani Allianz a poznámka TIRBazar neobsahuje informaci o depozitu.
17163;VF1VB000669987934;9AT6382;;CHYBÍ V UNIQA;Aktivní vozidlo nebylo nalezeno v UNIQA ani Allianz a poznámka TIRBazar neobsahuje informaci o depozitu.
17469;VF1VB000760270558;1UE9519;;CHYBÍ V UNIQA;Aktivní vozidlo nebylo nalezeno v UNIQA ani Allianz a poznámka TIRBazar neobsahuje informaci o depozitu.
18758;VF1VB000761409811;7M37464;;CHYBÍ V UNIQA;Aktivní vozidlo nebylo nalezeno v UNIQA ani Allianz a poznámka TIRBazar neobsahuje informaci o depozitu.
18953;VF1VB000761409839;4SJ0721;;CHYBÍ V UNIQA;Aktivní vozidlo nebylo nalezeno v UNIQA ani Allianz a poznámka TIRBazar neobsahuje informaci o depozitu.
18158;VF1VB000761409842;4SJ0702;;CHYBÍ V UNIQA;Aktivní vozidlo nebylo nalezeno v UNIQA ani Allianz a poznámka TIRBazar neobsahuje informaci o depozitu.
18108;VF1VB000762276395;1TR9700;;CHYBÍ V UNIQA;Aktivní vozidlo nebylo nalezeno v UNIQA ani Allianz a poznámka TIRBazar neobsahuje informaci o depozitu.
19224;VF1VB000762297117;4SZ5392;;CHYBÍ V UNIQA;Aktivní vozidlo nebylo nalezeno v UNIQA ani Allianz a poznámka TIRBazar neobsahuje informaci o depozitu.
18759;VF1VB000763235288;4SY3897;;CHYBÍ V UNIQA;Aktivní vozidlo nebylo nalezeno v UNIQA ani Allianz a poznámka TIRBazar neobsahuje informaci o depozitu.
17539;VF1VB000763457023;9AJ6120;;CHYBÍ V UNIQA;Aktivní vozidlo nebylo nalezeno v UNIQA ani Allianz a poznámka TIRBazar neobsahuje informaci o depozitu.
18174;VF1VB000767543442;6J80749;;CHYBÍ V UNIQA;Aktivní vozidlo nebylo nalezeno v UNIQA ani Allianz a poznámka TIRBazar neobsahuje informaci o depozitu.
19501;VF1VB000768968461;5ST3972;;CHYBÍ V UNIQA;Aktivní vozidlo nebylo nalezeno v UNIQA ani Allianz a poznámka TIRBazar neobsahuje informaci o depozitu.
17170;VF1VB000769973718;6SN2699;;CHYBÍ V UNIQA;Aktivní vozidlo nebylo nalezeno v UNIQA ani Allianz a poznámka TIRBazar neobsahuje informaci o depozitu.
17164;VF1VB000769987814;9AT6384;;CHYBÍ V UNIQA;Aktivní vozidlo nebylo nalezeno v UNIQA ani Allianz a poznámka TIRBazar neobsahuje informaci o depozitu.
17792;VF1VB000860952364;9U44916;;CHYBÍ V UNIQA;Aktivní vozidlo nebylo nalezeno v UNIQA ani Allianz a poznámka TIRBazar neobsahuje informaci o depozitu.
18253;VF1VB000861516558;7P83880;;CHYBÍ V UNIQA;Aktivní vozidlo nebylo nalezeno v UNIQA ani Allianz a poznámka TIRBazar neobsahuje informaci o depozitu.
19428;VF1VB000865298405;4SJ2451;;CHYBÍ V UNIQA;Aktivní vozidlo nebylo nalezeno v UNIQA ani Allianz a poznámka TIRBazar neobsahuje informaci o depozitu.
19826;VF1VB000866278150;5SF7859;;CHYBÍ V UNIQA;Aktivní vozidlo nebylo nalezeno v UNIQA ani Allianz a poznámka TIRBazar neobsahuje informaci o depozitu.
19546;VF1VB000867549590;8P86078;;CHYBÍ V UNIQA;Aktivní vozidlo nebylo nalezeno v UNIQA ani Allianz a poznámka TIRBazar neobsahuje informaci o depozitu.
19500;VF1VB000868693697;5ST3313;;CHYBÍ V UNIQA;Aktivní vozidlo nebylo nalezeno v UNIQA ani Allianz a poznámka TIRBazar neobsahuje informaci o depozitu.
18756;VF1VB000963234935;4SY3903;;CHYBÍ V UNIQA;Aktivní vozidlo nebylo nalezeno v UNIQA ani Allianz a poznámka TIRBazar neobsahuje informaci o depozitu.
19622;VF1VB000967583893;9P08056;;CHYBÍ V UNIQA;Aktivní vozidlo nebylo nalezeno v UNIQA ani Allianz a poznámka TIRBazar neobsahuje informaci o depozitu.
19502;VF1VB000968693689;5ST2363;;CHYBÍ V UNIQA;Aktivní vozidlo nebylo nalezeno v UNIQA ani Allianz a poznámka TIRBazar neobsahuje informaci o depozitu.
19346;VF1VB000969593926;8H23057;;CHYBÍ V UNIQA;Aktivní vozidlo nebylo nalezeno v UNIQA ani Allianz a poznámka TIRBazar neobsahuje informaci o depozitu.
18443;VF1VB000X57016705;6AC8648;;CHYBÍ V UNIQA;Aktivní vozidlo nebylo nalezeno v UNIQA ani Allianz a poznámka TIRBazar neobsahuje informaci o depozitu.
18794;VF1VB000X57315871;5SP3284;;CHYBÍ V UNIQA;Aktivní vozidlo nebylo nalezeno v UNIQA ani Allianz a poznámka TIRBazar neobsahuje informaci o depozitu.
18757;VF1VB000X63243563;4SY3902;;CHYBÍ V UNIQA;Aktivní vozidlo nebylo nalezeno v UNIQA ani Allianz a poznámka TIRBazar neobsahuje informaci o depozitu.
17837;VF1VB000X64110148;1UD5861;;CHYBÍ V UNIQA;Aktivní vozidlo nebylo nalezeno v UNIQA ani Allianz a poznámka TIRBazar neobsahuje informaci o depozitu.
19212;VF1VB000X70008681;7Z44962;;CHYBÍ V UNIQA;Aktivní vozidlo nebylo nalezeno v UNIQA ani Allianz a poznámka TIRBazar neobsahuje informaci o depozitu.
17387;VF1VBU4D148887076;3AM9022;;CHYBÍ V UNIQA;Aktivní vozidlo nebylo nalezeno v UNIQA ani Allianz a poznámka TIRBazar neobsahuje informaci o depozitu.
17916;VF1VBU4E245837484;4AV2308;;CHYBÍ V UNIQA;Aktivní vozidlo nebylo nalezeno v UNIQA ani Allianz a poznámka TIRBazar neobsahuje informaci o depozitu.
17979;VF1VBU4E245837505;3AB8630;;CHYBÍ V UNIQA;Aktivní vozidlo nebylo nalezeno v UNIQA ani Allianz a poznámka TIRBazar neobsahuje informaci o depozitu.
19678;VF1VBU4J245211585;6L85241;;CHYBÍ V UNIQA;Aktivní vozidlo nebylo nalezeno v UNIQA ani Allianz a poznámka TIRBazar neobsahuje informaci o depozitu.
17386;VF1VBU4S152440136;4AR7846;;CHYBÍ V UNIQA;Aktivní vozidlo nebylo nalezeno v UNIQA ani Allianz a poznámka TIRBazar neobsahuje informaci o depozitu.
19960;VF1VBU4Z251560549;5Z56676;;CHYBÍ V UNIQA;Aktivní vozidlo nebylo nalezeno v UNIQA ani Allianz a poznámka TIRBazar neobsahuje informaci o depozitu.
17782;VF1VBU4Z251651800;4AJ0065;;CHYBÍ V UNIQA;Aktivní vozidlo nebylo nalezeno v UNIQA ani Allianz a poznámka TIRBazar neobsahuje informaci o depozitu.
17648;VF1VBU4Z252303786;9U27308;;CHYBÍ V UNIQA;Aktivní vozidlo nebylo nalezeno v UNIQA ani Allianz a poznámka TIRBazar neobsahuje informaci o depozitu.
17991;VF1VBU4Z252416083;9AZ2955;;CHYBÍ V UNIQA;Aktivní vozidlo nebylo nalezeno v UNIQA ani Allianz a poznámka TIRBazar neobsahuje informaci o depozitu.
18647;VF1VBU4Z254541171;3SX4606;;CHYBÍ V UNIQA;Aktivní vozidlo nebylo nalezeno v UNIQA ani Allianz a poznámka TIRBazar neobsahuje informaci o depozitu.
19214;VF1VBU6E346083398;1UK9705;;CHYBÍ V UNIQA;Aktivní vozidlo nebylo nalezeno v UNIQA ani Allianz a poznámka TIRBazar neobsahuje informaci o depozitu.
18144;VF1VBU6F349818835;9B66579;;CHYBÍ V UNIQA;Aktivní vozidlo nebylo nalezeno v UNIQA ani Allianz a poznámka TIRBazar neobsahuje informaci o depozitu.
19106;VF1VBU6F449114253;2SK2365;;CHYBÍ V UNIQA;Aktivní vozidlo nebylo nalezeno v UNIQA ani Allianz a poznámka TIRBazar neobsahuje informaci o depozitu.
17742;VF1VBU6V250534205;5SI7158;;CHYBÍ V UNIQA;Aktivní vozidlo nebylo nalezeno v UNIQA ani Allianz a poznámka TIRBazar neobsahuje informaci o depozitu.
18157;VF1VBU6Z352512386;4AS3132;;CHYBÍ V UNIQA;Aktivní vozidlo nebylo nalezeno v UNIQA ani Allianz a poznámka TIRBazar neobsahuje informaci o depozitu.
19401;VF1VBUSZ355888227;2TU1242;;CHYBÍ V UNIQA;Aktivní vozidlo nebylo nalezeno v UNIQA ani Allianz a poznámka TIRBazar neobsahuje informaci o depozitu.
18804;VF3GBKFWC96236883;7A06051;;CHYBÍ V UNIQA;Aktivní vozidlo nebylo nalezeno v UNIQA ani Allianz a poznámka TIRBazar neobsahuje informaci o depozitu.
17006;VF3VABHXHHZ096061;7AJ7612;;CHYBÍ V UNIQA;Aktivní vozidlo nebylo nalezeno v UNIQA ani Allianz a poznámka TIRBazar neobsahuje informaci o depozitu.
18856;VF3VABHXHJZ034879;6AX7237;;CHYBÍ V UNIQA;Aktivní vozidlo nebylo nalezeno v UNIQA ani Allianz a poznámka TIRBazar neobsahuje informaci o depozitu.
19568;VF3VBBHVBJZ077773;9U80999;;CHYBÍ V UNIQA;Aktivní vozidlo nebylo nalezeno v UNIQA ani Allianz a poznámka TIRBazar neobsahuje informaci o depozitu.
18119;VF3VFAHKHKZ010810;1UL8576;;CHYBÍ V UNIQA;Aktivní vozidlo nebylo nalezeno v UNIQA ani Allianz a poznámka TIRBazar neobsahuje informaci o depozitu.
19464;VF3VFAHKKK7018971;7AZ8385;;CHYBÍ V UNIQA;Aktivní vozidlo nebylo nalezeno v UNIQA ani Allianz a poznámka TIRBazar neobsahuje informaci o depozitu.
19438;VF3VFAHKKKZ080859;4SU8638;;CHYBÍ V UNIQA;Aktivní vozidlo nebylo nalezeno v UNIQA ani Allianz a poznámka TIRBazar neobsahuje informaci o depozitu.
19955;VF3VFEHTMMZ115960;;;CHYBÍ V UNIQA;Aktivní vozidlo nebylo nalezeno v UNIQA ani Allianz a poznámka TIRBazar neobsahuje informaci o depozitu.
18417;VF3XBAHZ8GZ021285;5AL9529;;CHYBÍ V UNIQA;Aktivní vozidlo nebylo nalezeno v UNIQA ani Allianz a poznámka TIRBazar neobsahuje informaci o depozitu.
17752;VF3XU9HM0DZ039456;2SX9193;;CHYBÍ V UNIQA;Aktivní vozidlo nebylo nalezeno v UNIQA ani Allianz a poznámka TIRBazar neobsahuje informaci o depozitu.
19194;VF3XU9HM0DZ054477;3AV3526;;CHYBÍ V UNIQA;Aktivní vozidlo nebylo nalezeno v UNIQA ani Allianz a poznámka TIRBazar neobsahuje informaci o depozitu.
18694;VF3YA1MFA12E34797;4SB7268;;CHYBÍ V UNIQA;Aktivní vozidlo nebylo nalezeno v UNIQA ani Allianz a poznámka TIRBazar neobsahuje informaci o depozitu.
19869;VF3YAAMFB11512965;1AD9866;;CHYBÍ V UNIQA;Aktivní vozidlo nebylo nalezeno v UNIQA ani Allianz a poznámka TIRBazar neobsahuje informaci o depozitu.
17190;VF3YAANRA12K87587;1TJ0888;;CHYBÍ V UNIQA;Aktivní vozidlo nebylo nalezeno v UNIQA ani Allianz a poznámka TIRBazar neobsahuje informaci o depozitu.
17892;VF3YAAPFB12U16250;2BR3707;;CHYBÍ V UNIQA;Aktivní vozidlo nebylo nalezeno v UNIQA ani Allianz a poznámka TIRBazar neobsahuje informaci o depozitu.
18381;VF3YATMFA12676702;1BA5877;;CHYBÍ V UNIQA;Aktivní vozidlo nebylo nalezeno v UNIQA ani Allianz a poznámka TIRBazar neobsahuje informaci o depozitu.
18188;VF3YB1MFB12F01559;5SX7568;;CHYBÍ V UNIQA;Aktivní vozidlo nebylo nalezeno v UNIQA ani Allianz a poznámka TIRBazar neobsahuje informaci o depozitu.
19609;VF3YB1MFB12H70619;7AB9941;;CHYBÍ V UNIQA;Aktivní vozidlo nebylo nalezeno v UNIQA ani Allianz a poznámka TIRBazar neobsahuje informaci o depozitu.
17639;VF3YB2MFB12E28252;8AJ1081;;CHYBÍ V UNIQA;Aktivní vozidlo nebylo nalezeno v UNIQA ani Allianz a poznámka TIRBazar neobsahuje informaci o depozitu.
18189;VF3YB2MFB12F86925;6E01401;;CHYBÍ V UNIQA;Aktivní vozidlo nebylo nalezeno v UNIQA ani Allianz a poznámka TIRBazar neobsahuje informaci o depozitu.
18652;VF3YB2MFB12H42226;6SC0517;;CHYBÍ V UNIQA;Aktivní vozidlo nebylo nalezeno v UNIQA ani Allianz a poznámka TIRBazar neobsahuje informaci o depozitu.
18601;VF3YB2MFB12J08781;2BU5681;;CHYBÍ V UNIQA;Aktivní vozidlo nebylo nalezeno v UNIQA ani Allianz a poznámka TIRBazar neobsahuje informaci o depozitu.
18588;VF3YB2MFC12C71190;6SA5264;;CHYBÍ V UNIQA;Aktivní vozidlo nebylo nalezeno v UNIQA ani Allianz a poznámka TIRBazar neobsahuje informaci o depozitu.
16485;VF3YB2MRB12D04421;8U48416;;CHYBÍ V UNIQA;Aktivní vozidlo nebylo nalezeno v UNIQA ani Allianz a poznámka TIRBazar neobsahuje informaci o depozitu.
18187;VF3YB3MFB12C82191;8AT6548;;CHYBÍ V UNIQA;Aktivní vozidlo nebylo nalezeno v UNIQA ani Allianz a poznámka TIRBazar neobsahuje informaci o depozitu.
15825;VF3YBTMFB12485712;3AS2729;;CHYBÍ V UNIQA;Aktivní vozidlo nebylo nalezeno v UNIQA ani Allianz a poznámka TIRBazar neobsahuje informaci o depozitu.
15827;VF3YBTMFB12493252;3AS3013;;CHYBÍ V UNIQA;Aktivní vozidlo nebylo nalezeno v UNIQA ani Allianz a poznámka TIRBazar neobsahuje informaci o depozitu.
18201;VF3YBTMFB12694498;7AY8631;;CHYBÍ V UNIQA;Aktivní vozidlo nebylo nalezeno v UNIQA ani Allianz a poznámka TIRBazar neobsahuje informaci o depozitu.
16714;VF3YBTMFB12874472;6H06278;;CHYBÍ V UNIQA;Aktivní vozidlo nebylo nalezeno v UNIQA ani Allianz a poznámka TIRBazar neobsahuje informaci o depozitu.
18196;VF3YBTMFB12943480;8AJ0991;;CHYBÍ V UNIQA;Aktivní vozidlo nebylo nalezeno v UNIQA ani Allianz a poznámka TIRBazar neobsahuje informaci o depozitu.
18318;VF3YBTMFB12974084;8AI8297;;CHYBÍ V UNIQA;Aktivní vozidlo nebylo nalezeno v UNIQA ani Allianz a poznámka TIRBazar neobsahuje informaci o depozitu.
18353;VF3YBTMFB12995250;5AC2139;;CHYBÍ V UNIQA;Aktivní vozidlo nebylo nalezeno v UNIQA ani Allianz a poznámka TIRBazar neobsahuje informaci o depozitu.
18580;VF3YBTMFB12A61082;5SX7569;;CHYBÍ V UNIQA;Aktivní vozidlo nebylo nalezeno v UNIQA ani Allianz a poznámka TIRBazar neobsahuje informaci o depozitu.
18472;VF3YBTMRB12829062;4AT0516;;CHYBÍ V UNIQA;Aktivní vozidlo nebylo nalezeno v UNIQA ani Allianz a poznámka TIRBazar neobsahuje informaci o depozitu.
16715;VF3YBUMFB12868757;7H08429;;CHYBÍ V UNIQA;Aktivní vozidlo nebylo nalezeno v UNIQA ani Allianz a poznámka TIRBazar neobsahuje informaci o depozitu.
17480;VF3YC2MAU12F88669;4SJ6090;;CHYBÍ V UNIQA;Aktivní vozidlo nebylo nalezeno v UNIQA ani Allianz a poznámka TIRBazar neobsahuje informaci o depozitu.
19663;VF3YC3MDC12J59148;6M67980;;CHYBÍ V UNIQA;Aktivní vozidlo nebylo nalezeno v UNIQA ani Allianz a poznámka TIRBazar neobsahuje informaci o depozitu.
17871;VF3YC3MFC12C85858;6M18054;;CHYBÍ V UNIQA;Aktivní vozidlo nebylo nalezeno v UNIQA ani Allianz a poznámka TIRBazar neobsahuje informaci o depozitu.
17655;VF3YC3MFC12J54739;6M67996;;CHYBÍ V UNIQA;Aktivní vozidlo nebylo nalezeno v UNIQA ani Allianz a poznámka TIRBazar neobsahuje informaci o depozitu.
17959;VF3YC3MFC12L75792;7AS8908;;CHYBÍ V UNIQA;Aktivní vozidlo nebylo nalezeno v UNIQA ani Allianz a poznámka TIRBazar neobsahuje informaci o depozitu.
18855;VF3YC3MGC12F26149;7AL2696;;CHYBÍ V UNIQA;Aktivní vozidlo nebylo nalezeno v UNIQA ani Allianz a poznámka TIRBazar neobsahuje informaci o depozitu.
19241;VF3YCBMFC11968419;6T61614;;CHYBÍ V UNIQA;Aktivní vozidlo nebylo nalezeno v UNIQA ani Allianz a poznámka TIRBazar neobsahuje informaci o depozitu.
17410;VF3YCBMFC12036411;6U62215;;CHYBÍ V UNIQA;Aktivní vozidlo nebylo nalezeno v UNIQA ani Allianz a poznámka TIRBazar neobsahuje informaci o depozitu.
18440;VF3YCBNFC12N39257;8AL2439;;CHYBÍ V UNIQA;Aktivní vozidlo nebylo nalezeno v UNIQA ani Allianz a poznámka TIRBazar neobsahuje informaci o depozitu.
19453;VF3YCBNFC12N39394;8AJ7893;;CHYBÍ V UNIQA;Aktivní vozidlo nebylo nalezeno v UNIQA ani Allianz a poznámka TIRBazar neobsahuje informaci o depozitu.
18502;VF3YCBNFC12T60865;9AC9263;;CHYBÍ V UNIQA;Aktivní vozidlo nebylo nalezeno v UNIQA ani Allianz a poznámka TIRBazar neobsahuje informaci o depozitu.
18752;VF3YCBPDB12V98914;9AN4374;;CHYBÍ V UNIQA;Aktivní vozidlo nebylo nalezeno v UNIQA ani Allianz a poznámka TIRBazar neobsahuje informaci o depozitu.
18744;VF3YCBPDB12V99008;9AL7393;;CHYBÍ V UNIQA;Aktivní vozidlo nebylo nalezeno v UNIQA ani Allianz a poznámka TIRBazar neobsahuje informaci o depozitu.
18745;VF3YCBPDB12V99909;9AN4372;;CHYBÍ V UNIQA;Aktivní vozidlo nebylo nalezeno v UNIQA ani Allianz a poznámka TIRBazar neobsahuje informaci o depozitu.
18743;VF3YCBPDB12W00820;9AN4373;;CHYBÍ V UNIQA;Aktivní vozidlo nebylo nalezeno v UNIQA ani Allianz a poznámka TIRBazar neobsahuje informaci o depozitu.
18751;VF3YCBPDB12W00952;9AL4209;;CHYBÍ V UNIQA;Aktivní vozidlo nebylo nalezeno v UNIQA ani Allianz a poznámka TIRBazar neobsahuje informaci o depozitu.
18747;VF3YCBPDB12W01097;9AM2730;;CHYBÍ V UNIQA;Aktivní vozidlo nebylo nalezeno v UNIQA ani Allianz a poznámka TIRBazar neobsahuje informaci o depozitu.
18754;VF3YCBPDB12W31669;9AR3597;;CHYBÍ V UNIQA;Aktivní vozidlo nebylo nalezeno v UNIQA ani Allianz a poznámka TIRBazar neobsahuje informaci o depozitu.
18746;VF3YCBPDB12W31824;9AT7408;;CHYBÍ V UNIQA;Aktivní vozidlo nebylo nalezeno v UNIQA ani Allianz a poznámka TIRBazar neobsahuje informaci o depozitu.
18753;VF3YCBPGC12W01391;9AM2976;;CHYBÍ V UNIQA;Aktivní vozidlo nebylo nalezeno v UNIQA ani Allianz a poznámka TIRBazar neobsahuje informaci o depozitu.
18750;VF3YCBPGC12W36560;9AR0567;;CHYBÍ V UNIQA;Aktivní vozidlo nebylo nalezeno v UNIQA ani Allianz a poznámka TIRBazar neobsahuje informaci o depozitu.
18755;VF3YCBPGC12W41389;9AR0568;;CHYBÍ V UNIQA;Aktivní vozidlo nebylo nalezeno v UNIQA ani Allianz a poznámka TIRBazar neobsahuje informaci o depozitu.
18749;VF3YCBPGC12W55402;9AS5058;;CHYBÍ V UNIQA;Aktivní vozidlo nebylo nalezeno v UNIQA ani Allianz a poznámka TIRBazar neobsahuje informaci o depozitu.
18748;VF3YCBPGC12W67103;9AT7403;;CHYBÍ V UNIQA;Aktivní vozidlo nebylo nalezeno v UNIQA ani Allianz a poznámka TIRBazar neobsahuje informaci o depozitu.
19665;VF3YCCNDC12R43186;7M24146;;CHYBÍ V UNIQA;Aktivní vozidlo nebylo nalezeno v UNIQA ani Allianz a poznámka TIRBazar neobsahuje informaci o depozitu.
17331;VF3YCCNFC12S72127;8AS7476;;CHYBÍ V UNIQA;Aktivní vozidlo nebylo nalezeno v UNIQA ani Allianz a poznámka TIRBazar neobsahuje informaci o depozitu.
17266;VF3YCTMAU12587152;4SY9114;;CHYBÍ V UNIQA;Aktivní vozidlo nebylo nalezeno v UNIQA ani Allianz a poznámka TIRBazar neobsahuje informaci o depozitu.
19582;VF3YCTMAU12825393;2TX0161;;CHYBÍ V UNIQA;Aktivní vozidlo nebylo nalezeno v UNIQA ani Allianz a poznámka TIRBazar neobsahuje informaci o depozitu.
17653;VF3YCTMFB12425673;2BS2722;;CHYBÍ V UNIQA;Aktivní vozidlo nebylo nalezeno v UNIQA ani Allianz a poznámka TIRBazar neobsahuje informaci o depozitu.
18657;VF3YCTMFB12978009;8AT6600;;CHYBÍ V UNIQA;Aktivní vozidlo nebylo nalezeno v UNIQA ani Allianz a poznámka TIRBazar neobsahuje informaci o depozitu.
19805;VF3YCUMFB12767995;4SR5354;;CHYBÍ V UNIQA;Aktivní vozidlo nebylo nalezeno v UNIQA ani Allianz a poznámka TIRBazar neobsahuje informaci o depozitu.
18655;VF3YCUMFB12804275;8AT6631;;CHYBÍ V UNIQA;Aktivní vozidlo nebylo nalezeno v UNIQA ani Allianz a poznámka TIRBazar neobsahuje informaci o depozitu.
18372;VF3YCUMFC12903078;1BH5181;;CHYBÍ V UNIQA;Aktivní vozidlo nebylo nalezeno v UNIQA ani Allianz a poznámka TIRBazar neobsahuje informaci o depozitu.
16950;VF3YCUMFC12B04415;5Z77379;;CHYBÍ V UNIQA;Aktivní vozidlo nebylo nalezeno v UNIQA ani Allianz a poznámka TIRBazar neobsahuje informaci o depozitu.
17634;VF3YCUMGC12B11315;1BS1315;;CHYBÍ V UNIQA;Aktivní vozidlo nebylo nalezeno v UNIQA ani Allianz a poznámka TIRBazar neobsahuje informaci o depozitu.
17635;VF3YCUMHU12A16881;1BS2224;;CHYBÍ V UNIQA;Aktivní vozidlo nebylo nalezeno v UNIQA ani Allianz a poznámka TIRBazar neobsahuje informaci o depozitu.
17566;VF3YD2MAU12B96013;5AU2355;;CHYBÍ V UNIQA;Aktivní vozidlo nebylo nalezeno v UNIQA ani Allianz a poznámka TIRBazar neobsahuje informaci o depozitu.
18115;VF3YD2MFC12D46107;6AF4750;;CHYBÍ V UNIQA;Aktivní vozidlo nebylo nalezeno v UNIQA ani Allianz a poznámka TIRBazar neobsahuje informaci o depozitu.
18681;VF3YD2MFC12L27573;4SN0449;;CHYBÍ V UNIQA;Aktivní vozidlo nebylo nalezeno v UNIQA ani Allianz a poznámka TIRBazar neobsahuje informaci o depozitu.
16944;VF3YD3MAU12D56868;5J90242;;CHYBÍ V UNIQA;Aktivní vozidlo nebylo nalezeno v UNIQA ani Allianz a poznámka TIRBazar neobsahuje informaci o depozitu.
17870;VF3YD3MAU12E16311;5E88585;;CHYBÍ V UNIQA;Aktivní vozidlo nebylo nalezeno v UNIQA ani Allianz a poznámka TIRBazar neobsahuje informaci o depozitu.
18397;VF3YD3MAU12F35329;1TC2135;;CHYBÍ V UNIQA;Aktivní vozidlo nebylo nalezeno v UNIQA ani Allianz a poznámka TIRBazar neobsahuje informaci o depozitu.
17713;VF3YD3MAU12F48249;6AN3899;;CHYBÍ V UNIQA;Aktivní vozidlo nebylo nalezeno v UNIQA ani Allianz a poznámka TIRBazar neobsahuje informaci o depozitu.
19605;VF3YD3MAU12F57360;1TI6340;;CHYBÍ V UNIQA;Aktivní vozidlo nebylo nalezeno v UNIQA ani Allianz a poznámka TIRBazar neobsahuje informaci o depozitu.
18789;VF3YD3MAU12G19694;6AT1655;;CHYBÍ V UNIQA;Aktivní vozidlo nebylo nalezeno v UNIQA ani Allianz a poznámka TIRBazar neobsahuje informaci o depozitu.
18947;VF3YD3MAU12H33076;9P04265;;CHYBÍ V UNIQA;Aktivní vozidlo nebylo nalezeno v UNIQA ani Allianz a poznámka TIRBazar neobsahuje informaci o depozitu.
17581;VF3YD3MAU12H93513;7AF7773;;CHYBÍ V UNIQA;Aktivní vozidlo nebylo nalezeno v UNIQA ani Allianz a poznámka TIRBazar neobsahuje informaci o depozitu.
18092;VF3YD3MDC12E42583;6AJ6694;;CHYBÍ V UNIQA;Aktivní vozidlo nebylo nalezeno v UNIQA ani Allianz a poznámka TIRBazar neobsahuje informaci o depozitu.
18854;VF3YD3MDC12J43378;7AL2931;;CHYBÍ V UNIQA;Aktivní vozidlo nebylo nalezeno v UNIQA ani Allianz a poznámka TIRBazar neobsahuje informaci o depozitu.
18375;VF3YD3MFC12D47420;6AE2048;;CHYBÍ V UNIQA;Aktivní vozidlo nebylo nalezeno v UNIQA ani Allianz a poznámka TIRBazar neobsahuje informaci o depozitu.
17534;VF3YD3MFC12D53327;9AZ3908;;CHYBÍ V UNIQA;Aktivní vozidlo nebylo nalezeno v UNIQA ani Allianz a poznámka TIRBazar neobsahuje informaci o depozitu.
17535;VF3YD3MFC12D63722;1TC9426;;CHYBÍ V UNIQA;Aktivní vozidlo nebylo nalezeno v UNIQA ani Allianz a poznámka TIRBazar neobsahuje informaci o depozitu.
17922;VF3YD3MFC12E80419;6AJ8874;;CHYBÍ V UNIQA;Aktivní vozidlo nebylo nalezeno v UNIQA ani Allianz a poznámka TIRBazar neobsahuje informaci o depozitu.
18373;VF3YD3MFC12E95621;6L29825;;CHYBÍ V UNIQA;Aktivní vozidlo nebylo nalezeno v UNIQA ani Allianz a poznámka TIRBazar neobsahuje informaci o depozitu.
19233;VF3YD3MFC12G72702;7AE5194;;CHYBÍ V UNIQA;Aktivní vozidlo nebylo nalezeno v UNIQA ani Allianz a poznámka TIRBazar neobsahuje informaci o depozitu.
18347;VF3YD3MFC12H26199;7P52040;;CHYBÍ V UNIQA;Aktivní vozidlo nebylo nalezeno v UNIQA ani Allianz a poznámka TIRBazar neobsahuje informaci o depozitu.
19640;VF3YD3MFC12J00801;1BZ4622;;CHYBÍ V UNIQA;Aktivní vozidlo nebylo nalezeno v UNIQA ani Allianz a poznámka TIRBazar neobsahuje informaci o depozitu.
18426;VF3YD3MFC12K51079;7P75123;;CHYBÍ V UNIQA;Aktivní vozidlo nebylo nalezeno v UNIQA ani Allianz a poznámka TIRBazar neobsahuje informaci o depozitu.
17884;VF3YD3MFC12K70957;6J64648;;CHYBÍ V UNIQA;Aktivní vozidlo nebylo nalezeno v UNIQA ani Allianz a poznámka TIRBazar neobsahuje informaci o depozitu.
16381;VF3YD3MFC12K94287;7AN7578;;CHYBÍ V UNIQA;Aktivní vozidlo nebylo nalezeno v UNIQA ani Allianz a poznámka TIRBazar neobsahuje informaci o depozitu.
16324;VF3YD3MFC12K94960;7AP0077;;CHYBÍ V UNIQA;Aktivní vozidlo nebylo nalezeno v UNIQA ani Allianz a poznámka TIRBazar neobsahuje informaci o depozitu.
16384;VF3YD3MFC12K95252;7AN7716;;CHYBÍ V UNIQA;Aktivní vozidlo nebylo nalezeno v UNIQA ani Allianz a poznámka TIRBazar neobsahuje informaci o depozitu.
18891;VF3YD3MFC12L43007;4SN0450;;CHYBÍ V UNIQA;Aktivní vozidlo nebylo nalezeno v UNIQA ani Allianz a poznámka TIRBazar neobsahuje informaci o depozitu.
19182;VF3YDBNFC12T56127;2BR1083;;CHYBÍ V UNIQA;Aktivní vozidlo nebylo nalezeno v UNIQA ani Allianz a poznámka TIRBazar neobsahuje informaci o depozitu.
19313;VF3YDBPFC12U58827;2BX6513;;CHYBÍ V UNIQA;Aktivní vozidlo nebylo nalezeno v UNIQA ani Allianz a poznámka TIRBazar neobsahuje informaci o depozitu.
18853;VF3YDBPFCNG002897;9AH6621;;CHYBÍ V UNIQA;Aktivní vozidlo nebylo nalezeno v UNIQA ani Allianz a poznámka TIRBazar neobsahuje informaci o depozitu.
17780;VF3YDCNAU12N75115;1TU1406;;CHYBÍ V UNIQA;Aktivní vozidlo nebylo nalezeno v UNIQA ani Allianz a poznámka TIRBazar neobsahuje informaci o depozitu.
19184;VF3YDCNAU12P21563;6L05792;;CHYBÍ V UNIQA;Aktivní vozidlo nebylo nalezeno v UNIQA ani Allianz a poznámka TIRBazar neobsahuje informaci o depozitu.
18493;VF3YDCNFC12M15491;1BU3934;;CHYBÍ V UNIQA;Aktivní vozidlo nebylo nalezeno v UNIQA ani Allianz a poznámka TIRBazar neobsahuje informaci o depozitu.
17506;VF3YDCNFC12M85469;6J64647;;CHYBÍ V UNIQA;Aktivní vozidlo nebylo nalezeno v UNIQA ani Allianz a poznámka TIRBazar neobsahuje informaci o depozitu.
18852;VF3YDCNFC12S71107;8AS9457;;CHYBÍ V UNIQA;Aktivní vozidlo nebylo nalezeno v UNIQA ani Allianz a poznámka TIRBazar neobsahuje informaci o depozitu.
19603;VF3YDCNGC12M20049;8H81932;;CHYBÍ V UNIQA;Aktivní vozidlo nebylo nalezeno v UNIQA ani Allianz a poznámka TIRBazar neobsahuje informaci o depozitu.
19294;VF3YDCPFC12U69787;9C50670;;CHYBÍ V UNIQA;Aktivní vozidlo nebylo nalezeno v UNIQA ani Allianz a poznámka TIRBazar neobsahuje informaci o depozitu.
18398;VF3YDPMAU12831163;6L50134;;CHYBÍ V UNIQA;Aktivní vozidlo nebylo nalezeno v UNIQA ani Allianz a poznámka TIRBazar neobsahuje informaci o depozitu.
17424;VF3YDPMAU12990003;5AM6647;;CHYBÍ V UNIQA;Aktivní vozidlo nebylo nalezeno v UNIQA ani Allianz a poznámka TIRBazar neobsahuje informaci o depozitu.
17629;VF3YDPMAU12A98683;9T06132;;CHYBÍ V UNIQA;Aktivní vozidlo nebylo nalezeno v UNIQA ani Allianz a poznámka TIRBazar neobsahuje informaci o depozitu.
17763;VF3YDPMFC12835184;9T18539;;CHYBÍ V UNIQA;Aktivní vozidlo nebylo nalezeno v UNIQA ani Allianz a poznámka TIRBazar neobsahuje informaci o depozitu.
17927;VF3YDTMFC12513755;3AT2406;;CHYBÍ V UNIQA;Aktivní vozidlo nebylo nalezeno v UNIQA ani Allianz a poznámka TIRBazar neobsahuje informaci o depozitu.
18374;VF3YDTMFC12887948;4AV6500;;CHYBÍ V UNIQA;Aktivní vozidlo nebylo nalezeno v UNIQA ani Allianz a poznámka TIRBazar neobsahuje informaci o depozitu.
17926;VF3YDTMFC12888133;4AU9274;;CHYBÍ V UNIQA;Aktivní vozidlo nebylo nalezeno v UNIQA ani Allianz a poznámka TIRBazar neobsahuje informaci o depozitu.
17923;VF3YDTMFC12976728;5AB2813;;CHYBÍ V UNIQA;Aktivní vozidlo nebylo nalezeno v UNIQA ani Allianz a poznámka TIRBazar neobsahuje informaci o depozitu.
19641;VF3YDTMFC12980137;5AB5417;;CHYBÍ V UNIQA;Aktivní vozidlo nebylo nalezeno v UNIQA ani Allianz a poznámka TIRBazar neobsahuje informaci o depozitu.
19657;VF3YDUMAU12893174;7Z32957;;CHYBÍ V UNIQA;Aktivní vozidlo nebylo nalezeno v UNIQA ani Allianz a poznámka TIRBazar neobsahuje informaci o depozitu.
18348;VF3YDUMAU12B85382;8U35771;;CHYBÍ V UNIQA;Aktivní vozidlo nebylo nalezeno v UNIQA ani Allianz a poznámka TIRBazar neobsahuje informaci o depozitu.
19448;VF3YDUMFC12688497;1AMN846;;CHYBÍ V UNIQA;Aktivní vozidlo nebylo nalezeno v UNIQA ani Allianz a poznámka TIRBazar neobsahuje informaci o depozitu.
19209;VF3YDUMFC12993921;5AF0650;;CHYBÍ V UNIQA;Aktivní vozidlo nebylo nalezeno v UNIQA ani Allianz a poznámka TIRBazar neobsahuje informaci o depozitu.
19600;VF3YDUMFC12C05783;5AR5086;;CHYBÍ V UNIQA;Aktivní vozidlo nebylo nalezeno v UNIQA ani Allianz a poznámka TIRBazar neobsahuje informaci o depozitu.
17235;VF652AFA000032011;4M50598;;CHYBÍ V UNIQA;Aktivní vozidlo nebylo nalezeno v UNIQA ani Allianz a poznámka TIRBazar neobsahuje informaci o depozitu.
17233;VF652AFA000061791;5M11538;;CHYBÍ V UNIQA;Aktivní vozidlo nebylo nalezeno v UNIQA ani Allianz a poznámka TIRBazar neobsahuje informaci o depozitu.
17234;VF654ANA000002323;4M50597;;CHYBÍ V UNIQA;Aktivní vozidlo nebylo nalezeno v UNIQA ani Allianz a poznámka TIRBazar neobsahuje informaci o depozitu.
16548;VF654ANA000008860;2J07359;;CHYBÍ V UNIQA;Aktivní vozidlo nebylo nalezeno v UNIQA ani Allianz a poznámka TIRBazar neobsahuje informaci o depozitu.
17952;VF656ANA000012361;1AAD595;;CHYBÍ V UNIQA;Aktivní vozidlo nebylo nalezeno v UNIQA ani Allianz a poznámka TIRBazar neobsahuje informaci o depozitu.
18850;VF6MF000369078656;6SF2612;;CHYBÍ V UNIQA;Aktivní vozidlo nebylo nalezeno v UNIQA ani Allianz a poznámka TIRBazar neobsahuje informaci o depozitu.
18994;VF6MF000966130583;4ST3258;;CHYBÍ V UNIQA;Aktivní vozidlo nebylo nalezeno v UNIQA ani Allianz a poznámka TIRBazar neobsahuje informaci o depozitu.
17734;VF6MF000970517347;2TF8798;;CHYBÍ V UNIQA;Aktivní vozidlo nebylo nalezeno v UNIQA ani Allianz a poznámka TIRBazar neobsahuje informaci o depozitu.
17422;VF6MF46UK55657467;6AP2427;;CHYBÍ V UNIQA;Aktivní vozidlo nebylo nalezeno v UNIQA ani Allianz a poznámka TIRBazar neobsahuje informaci o depozitu.
18685;VF6MFF4DE46006492;4SI6658;;CHYBÍ V UNIQA;Aktivní vozidlo nebylo nalezeno v UNIQA ani Allianz a poznámka TIRBazar neobsahuje informaci o depozitu.
17197;VF6MFF4SE53380732;9T63645;;CHYBÍ V UNIQA;Aktivní vozidlo nebylo nalezeno v UNIQA ani Allianz a poznámka TIRBazar neobsahuje informaci o depozitu.
18210;VF6MFF6FJ43306665;9AL5033;;CHYBÍ V UNIQA;Aktivní vozidlo nebylo nalezeno v UNIQA ani Allianz a poznámka TIRBazar neobsahuje informaci o depozitu.
17622;VF6VF000163554653;7H35060;;CHYBÍ V UNIQA;Aktivní vozidlo nebylo nalezeno v UNIQA ani Allianz a poznámka TIRBazar neobsahuje informaci o depozitu.
19654;VF6VG000063569593;6J66325;;CHYBÍ V UNIQA;Aktivní vozidlo nebylo nalezeno v UNIQA ani Allianz a poznámka TIRBazar neobsahuje informaci o depozitu.
17623;VF6VG000163655298;6Z64902;;CHYBÍ V UNIQA;Aktivní vozidlo nebylo nalezeno v UNIQA ani Allianz a poznámka TIRBazar neobsahuje informaci o depozitu.
17624;VF6VG000163655608;6Z64956;;CHYBÍ V UNIQA;Aktivní vozidlo nebylo nalezeno v UNIQA ani Allianz a poznámka TIRBazar neobsahuje informaci o depozitu.
18693;VF6VG000359715979;1TZ3958;;CHYBÍ V UNIQA;Aktivní vozidlo nebylo nalezeno v UNIQA ani Allianz a poznámka TIRBazar neobsahuje informaci o depozitu.
17773;VF6VG000359716176;5E68734;;CHYBÍ V UNIQA;Aktivní vozidlo nebylo nalezeno v UNIQA ani Allianz a poznámka TIRBazar neobsahuje informaci o depozitu.
19264;VF6VG000364966693;7H49257;;CHYBÍ V UNIQA;Aktivní vozidlo nebylo nalezeno v UNIQA ani Allianz a poznámka TIRBazar neobsahuje informaci o depozitu.
18488;VF6VG000366517468;5SB4024;;CHYBÍ V UNIQA;Aktivní vozidlo nebylo nalezeno v UNIQA ani Allianz a poznámka TIRBazar neobsahuje informaci o depozitu.
17491;VF6VG000367290938;7Z02844;;CHYBÍ V UNIQA;Aktivní vozidlo nebylo nalezeno v UNIQA ani Allianz a poznámka TIRBazar neobsahuje informaci o depozitu.
17490;VF6VG000369594355;7Z25418;;CHYBÍ V UNIQA;Aktivní vozidlo nebylo nalezeno v UNIQA ani Allianz a poznámka TIRBazar neobsahuje informaci o depozitu.
19485;VF6VG000371041723;1ALI649;;CHYBÍ V UNIQA;Aktivní vozidlo nebylo nalezeno v UNIQA ani Allianz a poznámka TIRBazar neobsahuje informaci o depozitu.
19656;VF6VG000458841273;6J21356;;CHYBÍ V UNIQA;Aktivní vozidlo nebylo nalezeno v UNIQA ani Allianz a poznámka TIRBazar neobsahuje informaci o depozitu.
18726;VF6VG000465338877;6Z75876;;CHYBÍ V UNIQA;Aktivní vozidlo nebylo nalezeno v UNIQA ani Allianz a poznámka TIRBazar neobsahuje informaci o depozitu.
19484;VF6VG000471803506;1ALF453;;CHYBÍ V UNIQA;Aktivní vozidlo nebylo nalezeno v UNIQA ani Allianz a poznámka TIRBazar neobsahuje informaci o depozitu.
18128;VF6VG000561530350;6Z57702;;CHYBÍ V UNIQA;Aktivní vozidlo nebylo nalezeno v UNIQA ani Allianz a poznámka TIRBazar neobsahuje informaci o depozitu.
18637;VF6VG000659352612;4SA4221;;CHYBÍ V UNIQA;Aktivní vozidlo nebylo nalezeno v UNIQA ani Allianz a poznámka TIRBazar neobsahuje informaci o depozitu.
17270;VF6VG000663229185;6Z57678;;CHYBÍ V UNIQA;Aktivní vozidlo nebylo nalezeno v UNIQA ani Allianz a poznámka TIRBazar neobsahuje informaci o depozitu.
18489;VF6VG000665009095;4SX0185;;CHYBÍ V UNIQA;Aktivní vozidlo nebylo nalezeno v UNIQA ani Allianz a poznámka TIRBazar neobsahuje informaci o depozitu.
17489;VF6VG000666517464;6Z90272;;CHYBÍ V UNIQA;Aktivní vozidlo nebylo nalezeno v UNIQA ani Allianz a poznámka TIRBazar neobsahuje informaci o depozitu.
17368;VF6VG000762524611;6E06456;;CHYBÍ V UNIQA;Aktivní vozidlo nebylo nalezeno v UNIQA ani Allianz a poznámka TIRBazar neobsahuje informaci o depozitu.
19298;VF6VG000768406586;6E63964;;CHYBÍ V UNIQA;Aktivní vozidlo nebylo nalezeno v UNIQA ani Allianz a poznámka TIRBazar neobsahuje informaci o depozitu.
17367;VF6VG000962524657;6E06481;;CHYBÍ V UNIQA;Aktivní vozidlo nebylo nalezeno v UNIQA ani Allianz a poznámka TIRBazar neobsahuje informaci o depozitu.
18300;VF6VG000X56964278;5E67932;;CHYBÍ V UNIQA;Aktivní vozidlo nebylo nalezeno v UNIQA ani Allianz a poznámka TIRBazar neobsahuje informaci o depozitu.
18424;VF6VG000X63655297;6Z64844;;CHYBÍ V UNIQA;Aktivní vozidlo nebylo nalezeno v UNIQA ani Allianz a poznámka TIRBazar neobsahuje informaci o depozitu.
19105;VF6VGU4D249636856;4SD7786;;CHYBÍ V UNIQA;Aktivní vozidlo nebylo nalezeno v UNIQA ani Allianz a poznámka TIRBazar neobsahuje informaci o depozitu.
17413;VF77A9HN0GN514471;5J73598;;CHYBÍ V UNIQA;Aktivní vozidlo nebylo nalezeno v UNIQA ani Allianz a poznámka TIRBazar neobsahuje informaci o depozitu.
17058;VF77D9HTCBJ737113;4P90719;;CHYBÍ V UNIQA;Aktivní vozidlo nebylo nalezeno v UNIQA ani Allianz a poznámka TIRBazar neobsahuje informaci o depozitu.
19046;VF77DBHY6JJ701622;4SF0674;;CHYBÍ V UNIQA;Aktivní vozidlo nebylo nalezeno v UNIQA ani Allianz a poznámka TIRBazar neobsahuje informaci o depozitu.
19349;VF7VBBHXHGZ062681;2TK1209;;CHYBÍ V UNIQA;Aktivní vozidlo nebylo nalezeno v UNIQA ani Allianz a poznámka TIRBazar neobsahuje informaci o depozitu.
18666;VF7VFAHHWHZ090073;9C49845;;CHYBÍ V UNIQA;Aktivní vozidlo nebylo nalezeno v UNIQA ani Allianz a poznámka TIRBazar neobsahuje informaci o depozitu.
18052;VF7VFEHZ8KZ072682;;;CHYBÍ V UNIQA;Aktivní vozidlo nebylo nalezeno v UNIQA ani Allianz a poznámka TIRBazar neobsahuje informaci o depozitu.
18722;VF7VFEHZ8KZ072683;;;CHYBÍ V UNIQA;Aktivní vozidlo nebylo nalezeno v UNIQA ani Allianz a poznámka TIRBazar neobsahuje informaci o depozitu.
19465;VF7YA1MFA12K43795;6J31610;;CHYBÍ V UNIQA;Aktivní vozidlo nebylo nalezeno v UNIQA ani Allianz a poznámka TIRBazar neobsahuje informaci o depozitu.
19593;VF7YA1MFA12L05250;6J35578;;CHYBÍ V UNIQA;Aktivní vozidlo nebylo nalezeno v UNIQA ani Allianz a poznámka TIRBazar neobsahuje informaci o depozitu.
19113;VF7YA1MFB12E26781;1AKD898;;CHYBÍ V UNIQA;Aktivní vozidlo nebylo nalezeno v UNIQA ani Allianz a poznámka TIRBazar neobsahuje informaci o depozitu.
17542;VF7YAAMFA11251143;3E04261;;CHYBÍ V UNIQA;Aktivní vozidlo nebylo nalezeno v UNIQA ani Allianz a poznámka TIRBazar neobsahuje informaci o depozitu.
17543;VF7YAAMFA11425804;3E28574;;CHYBÍ V UNIQA;Aktivní vozidlo nebylo nalezeno v UNIQA ani Allianz a poznámka TIRBazar neobsahuje informaci o depozitu.
19334;VF7YAANFA12M18244;9P20172;;CHYBÍ V UNIQA;Aktivní vozidlo nebylo nalezeno v UNIQA ani Allianz a poznámka TIRBazar neobsahuje informaci o depozitu.
19781;VF7YAANFA12P58590;6J67451;;CHYBÍ V UNIQA;Aktivní vozidlo nebylo nalezeno v UNIQA ani Allianz a poznámka TIRBazar neobsahuje informaci o depozitu.
19003;VF7YABMFA11737031;1AKH281;;CHYBÍ V UNIQA;Aktivní vozidlo nebylo nalezeno v UNIQA ani Allianz a poznámka TIRBazar neobsahuje informaci o depozitu.
18138;VF7YASMFA12393184;3AJ1787;;CHYBÍ V UNIQA;Aktivní vozidlo nebylo nalezeno v UNIQA ani Allianz a poznámka TIRBazar neobsahuje informaci o depozitu.
17691;VF7YASMFA12942432;3SM4550;;CHYBÍ V UNIQA;Aktivní vozidlo nebylo nalezeno v UNIQA ani Allianz a poznámka TIRBazar neobsahuje informaci o depozitu.
18584;VF7YATMFB12B04670;5SK8886;;CHYBÍ V UNIQA;Aktivní vozidlo nebylo nalezeno v UNIQA ani Allianz a poznámka TIRBazar neobsahuje informaci o depozitu.
18602;VF7YB2MFB12D23115;6SA6002;;CHYBÍ V UNIQA;Aktivní vozidlo nebylo nalezeno v UNIQA ani Allianz a poznámka TIRBazar neobsahuje informaci o depozitu.
18127;VF7YB2MPB12G66605;6SB9429;;CHYBÍ V UNIQA;Aktivní vozidlo nebylo nalezeno v UNIQA ani Allianz a poznámka TIRBazar neobsahuje informaci o depozitu.
18051;VF7YB3MFB12G14464;7AD0407;;CHYBÍ V UNIQA;Aktivní vozidlo nebylo nalezeno v UNIQA ani Allianz a poznámka TIRBazar neobsahuje informaci o depozitu.
18170;VF7YBBMAD11228799;7S25684;;CHYBÍ V UNIQA;Aktivní vozidlo nebylo nalezeno v UNIQA ani Allianz a poznámka TIRBazar neobsahuje informaci o depozitu.
19263;VF7YBBNFB12S10742;9C22945;;CHYBÍ V UNIQA;Aktivní vozidlo nebylo nalezeno v UNIQA ani Allianz a poznámka TIRBazar neobsahuje informaci o depozitu.
19211;VF7YBSMFA12945173;4AZ8666;;CHYBÍ V UNIQA;Aktivní vozidlo nebylo nalezeno v UNIQA ani Allianz a poznámka TIRBazar neobsahuje informaci o depozitu.
18583;VF7YC2MFB12F10885;5SK9225;;CHYBÍ V UNIQA;Aktivní vozidlo nebylo nalezeno v UNIQA ani Allianz a poznámka TIRBazar neobsahuje informaci o depozitu.
18653;VF7YC2MFC12G66560;7AA1880;;CHYBÍ V UNIQA;Aktivní vozidlo nebylo nalezeno v UNIQA ani Allianz a poznámka TIRBazar neobsahuje informaci o depozitu.
18671;VF7YC3MAU12J18417;4SF9462;;CHYBÍ V UNIQA;Aktivní vozidlo nebylo nalezeno v UNIQA ani Allianz a poznámka TIRBazar neobsahuje informaci o depozitu.
18173;VF7YC3MFC12D07910;5AZ9896;;CHYBÍ V UNIQA;Aktivní vozidlo nebylo nalezeno v UNIQA ani Allianz a poznámka TIRBazar neobsahuje informaci o depozitu.
18741;VF7YC3MFC12F88120;5L56343;;CHYBÍ V UNIQA;Aktivní vozidlo nebylo nalezeno v UNIQA ani Allianz a poznámka TIRBazar neobsahuje informaci o depozitu.
19859;VF7YC3MFC12J81400;9U82513;;CHYBÍ V UNIQA;Aktivní vozidlo nebylo nalezeno v UNIQA ani Allianz a poznámka TIRBazar neobsahuje informaci o depozitu.
19157;VF7YCBMFC11789259;4H80088;;CHYBÍ V UNIQA;Aktivní vozidlo nebylo nalezeno v UNIQA ani Allianz a poznámka TIRBazar neobsahuje informaci o depozitu.
19344;VF7YCBNDC12N93543;6Z81480;;CHYBÍ V UNIQA;Aktivní vozidlo nebylo nalezeno v UNIQA ani Allianz a poznámka TIRBazar neobsahuje informaci o depozitu.
18162;VF7YCPMAU12811741;7C02959;;CHYBÍ V UNIQA;Aktivní vozidlo nebylo nalezeno v UNIQA ani Allianz a poznámka TIRBazar neobsahuje informaci o depozitu.
18604;VF7YCPMFB12575626;5SK8891;;CHYBÍ V UNIQA;Aktivní vozidlo nebylo nalezeno v UNIQA ani Allianz a poznámka TIRBazar neobsahuje informaci o depozitu.
18975;VF7YCPMFC12357763;2ST2220;;CHYBÍ V UNIQA;Aktivní vozidlo nebylo nalezeno v UNIQA ani Allianz a poznámka TIRBazar neobsahuje informaci o depozitu.
18274;VF7YCPMFC12498554;4L54531;;CHYBÍ V UNIQA;Aktivní vozidlo nebylo nalezeno v UNIQA ani Allianz a poznámka TIRBazar neobsahuje informaci o depozitu.
17743;VF7YCTMFB12510005;3AU8177;;CHYBÍ V UNIQA;Aktivní vozidlo nebylo nalezeno v UNIQA ani Allianz a poznámka TIRBazar neobsahuje informaci o depozitu.
19203;VF7YCTMFB12898375;7C08079;;CHYBÍ V UNIQA;Aktivní vozidlo nebylo nalezeno v UNIQA ani Allianz a poznámka TIRBazar neobsahuje informaci o depozitu.
18582;VF7YCTMFB12B77347;5SX7572;;CHYBÍ V UNIQA;Aktivní vozidlo nebylo nalezeno v UNIQA ani Allianz a poznámka TIRBazar neobsahuje informaci o depozitu.
17924;VF7YCTMFC12180579;9U00819;;CHYBÍ V UNIQA;Aktivní vozidlo nebylo nalezeno v UNIQA ani Allianz a poznámka TIRBazar neobsahuje informaci o depozitu.
17925;VF7YCTMFC12360619;3AI3986;;CHYBÍ V UNIQA;Aktivní vozidlo nebylo nalezeno v UNIQA ani Allianz a poznámka TIRBazar neobsahuje informaci o depozitu.
19506;VF7YCTMFC12751126;6SK9965;;CHYBÍ V UNIQA;Aktivní vozidlo nebylo nalezeno v UNIQA ani Allianz a poznámka TIRBazar neobsahuje informaci o depozitu.
19118;VF7YCTMFC12991389;8U72403;;CHYBÍ V UNIQA;Aktivní vozidlo nebylo nalezeno v UNIQA ani Allianz a poznámka TIRBazar neobsahuje informaci o depozitu.
19602;VF7YCTMGC12B69103;8AN8813;;CHYBÍ V UNIQA;Aktivní vozidlo nebylo nalezeno v UNIQA ani Allianz a poznámka TIRBazar neobsahuje informaci o depozitu.
18291;VF7YCUMFC12963800;6H49066;;CHYBÍ V UNIQA;Aktivní vozidlo nebylo nalezeno v UNIQA ani Allianz a poznámka TIRBazar neobsahuje informaci o depozitu.
18322;VF7YCUMFC12972228;3SR6815;;CHYBÍ V UNIQA;Aktivní vozidlo nebylo nalezeno v UNIQA ani Allianz a poznámka TIRBazar neobsahuje informaci o depozitu.
18485;VF7YCUMFC12A03591;1BK2699;;CHYBÍ V UNIQA;Aktivní vozidlo nebylo nalezeno v UNIQA ani Allianz a poznámka TIRBazar neobsahuje informaci o depozitu.
17711;VF7YD2MFC12L39869;7AR6988;;CHYBÍ V UNIQA;Aktivní vozidlo nebylo nalezeno v UNIQA ani Allianz a poznámka TIRBazar neobsahuje informaci o depozitu.
18689;VF7YD3MAU12D71913;1TF1799;;CHYBÍ V UNIQA;Aktivní vozidlo nebylo nalezeno v UNIQA ani Allianz a poznámka TIRBazar neobsahuje informaci o depozitu.
19069;VF7YD3MAU12G97174;7AC0947;;CHYBÍ V UNIQA;Aktivní vozidlo nebylo nalezeno v UNIQA ani Allianz a poznámka TIRBazar neobsahuje informaci o depozitu.
18713;VF7YD3MAU12J91623;3SD1147;;CHYBÍ V UNIQA;Aktivní vozidlo nebylo nalezeno v UNIQA ani Allianz a poznámka TIRBazar neobsahuje informaci o depozitu.
19216;VF7YD3MAU12L18129;1AKS308;;CHYBÍ V UNIQA;Aktivní vozidlo nebylo nalezeno v UNIQA ani Allianz a poznámka TIRBazar neobsahuje informaci o depozitu.
19854;VF7YD3MFC12E87701;6AT4171;;CHYBÍ V UNIQA;Aktivní vozidlo nebylo nalezeno v UNIQA ani Allianz a poznámka TIRBazar neobsahuje informaci o depozitu.
17267;VF7YD3MFC12L34625;8C55910;;CHYBÍ V UNIQA;Aktivní vozidlo nebylo nalezeno v UNIQA ani Allianz a poznámka TIRBazar neobsahuje informaci o depozitu.
18675;VF7YD3MFC12L81749;4SU8600;;CHYBÍ V UNIQA;Aktivní vozidlo nebylo nalezeno v UNIQA ani Allianz a poznámka TIRBazar neobsahuje informaci o depozitu.
18708;VF7YD3MFC12L81831;4SU8338;;CHYBÍ V UNIQA;Aktivní vozidlo nebylo nalezeno v UNIQA ani Allianz a poznámka TIRBazar neobsahuje informaci o depozitu.
17712;VF7YDBNFC12N08245;6J79964;;CHYBÍ V UNIQA;Aktivní vozidlo nebylo nalezeno v UNIQA ani Allianz a poznámka TIRBazar neobsahuje informaci o depozitu.
18635;VF7YDCNFC12T69468;6L06967;;CHYBÍ V UNIQA;Aktivní vozidlo nebylo nalezeno v UNIQA ani Allianz a poznámka TIRBazar neobsahuje informaci o depozitu.
19181;VF7YDCNFC12U15922;5SV3426;;CHYBÍ V UNIQA;Aktivní vozidlo nebylo nalezeno v UNIQA ani Allianz a poznámka TIRBazar neobsahuje informaci o depozitu.
19514;VF7YDCPFC12W62047;7J16459;;CHYBÍ V UNIQA;Aktivní vozidlo nebylo nalezeno v UNIQA ani Allianz a poznámka TIRBazar neobsahuje informaci o depozitu.
19776;VF7YDCPFCPG024147;7J23664;;CHYBÍ V UNIQA;Aktivní vozidlo nebylo nalezeno v UNIQA ani Allianz a poznámka TIRBazar neobsahuje informaci o depozitu.
18161;VF7YDPMFC12656444;4SN1897;;CHYBÍ V UNIQA;Aktivní vozidlo nebylo nalezeno v UNIQA ani Allianz a poznámka TIRBazar neobsahuje informaci o depozitu.
17568;VF7ZBRMNB17520718;7AK0823;;CHYBÍ V UNIQA;Aktivní vozidlo nebylo nalezeno v UNIQA ani Allianz a poznámka TIRBazar neobsahuje informaci o depozitu.
17972;VN1J9A2H641572730;1AF8181;;CHYBÍ V UNIQA;Aktivní vozidlo nebylo nalezeno v UNIQA ani Allianz a poznámka TIRBazar neobsahuje informaci o depozitu.
19710;VR3EFBHYBJJ868639;7AS0370;;CHYBÍ V UNIQA;Aktivní vozidlo nebylo nalezeno v UNIQA ani Allianz a poznámka TIRBazar neobsahuje informaci o depozitu.
19330;VR3EFYHP2NJ845138;9AR1604;;CHYBÍ V UNIQA;Aktivní vozidlo nebylo nalezeno v UNIQA ani Allianz a poznámka TIRBazar neobsahuje informaci o depozitu.
17765;VR7EFBHYBKJ609028;9AV8724;;CHYBÍ V UNIQA;Aktivní vozidlo nebylo nalezeno v UNIQA ani Allianz a poznámka TIRBazar neobsahuje informaci o depozitu.
17766;VR7EFBHYBKJ635879;9AV9962;;CHYBÍ V UNIQA;Aktivní vozidlo nebylo nalezeno v UNIQA ani Allianz a poznámka TIRBazar neobsahuje informaci o depozitu.
16993;VR7ERHNPJKJ668761;9U89623;;CHYBÍ V UNIQA;Aktivní vozidlo nebylo nalezeno v UNIQA ani Allianz a poznámka TIRBazar neobsahuje informaci o depozitu.
19136;VSKHBAM20U0171491;9U45403;;CHYBÍ V UNIQA;Aktivní vozidlo nebylo nalezeno v UNIQA ani Allianz a poznámka TIRBazar neobsahuje informaci o depozitu.
17510;VWASXTF24H7201886;4K82517;;CHYBÍ V UNIQA;Aktivní vozidlo nebylo nalezeno v UNIQA ani Allianz a poznámka TIRBazar neobsahuje informaci o depozitu.
19799;VXEVFAHXKL7009295;5SC2661;;CHYBÍ V UNIQA;Aktivní vozidlo nebylo nalezeno v UNIQA ani Allianz a poznámka TIRBazar neobsahuje informaci o depozitu.
18432;VXEYDBPFC12U46899;1AKT055;;CHYBÍ V UNIQA;Aktivní vozidlo nebylo nalezeno v UNIQA ani Allianz a poznámka TIRBazar neobsahuje informaci o depozitu.
18434;VXEYDBPFCNG011447;1ALD600;;CHYBÍ V UNIQA;Aktivní vozidlo nebylo nalezeno v UNIQA ani Allianz a poznámka TIRBazar neobsahuje informaci o depozitu.
18436;VXEYDBPFCNG013869;1ADP611;;CHYBÍ V UNIQA;Aktivní vozidlo nebylo nalezeno v UNIQA ani Allianz a poznámka TIRBazar neobsahuje informaci o depozitu.
18496;VXEYDCPAU12U68945;5SU3703;;CHYBÍ V UNIQA;Aktivní vozidlo nebylo nalezeno v UNIQA ani Allianz a poznámka TIRBazar neobsahuje informaci o depozitu.
18767;VXEYDCPAU12U68986;9C69752;;CHYBÍ V UNIQA;Aktivní vozidlo nebylo nalezeno v UNIQA ani Allianz a poznámka TIRBazar neobsahuje informaci o depozitu.
18766;VXEYDCPAU12U69562;9C69751;;CHYBÍ V UNIQA;Aktivní vozidlo nebylo nalezeno v UNIQA ani Allianz a poznámka TIRBazar neobsahuje informaci o depozitu.
18614;VXEYDCPAU12V21710;9AI3139;;CHYBÍ V UNIQA;Aktivní vozidlo nebylo nalezeno v UNIQA ani Allianz a poznámka TIRBazar neobsahuje informaci o depozitu.
18848;VXEYDCPAU12V84862;5SZ7058;;CHYBÍ V UNIQA;Aktivní vozidlo nebylo nalezeno v UNIQA ani Allianz a poznámka TIRBazar neobsahuje informaci o depozitu.
18846;VXEYDCPAU12V84952;5SZ0374;;CHYBÍ V UNIQA;Aktivní vozidlo nebylo nalezeno v UNIQA ani Allianz a poznámka TIRBazar neobsahuje informaci o depozitu.
19586;VXEYDCPFC12U88011;9AH2191;;CHYBÍ V UNIQA;Aktivní vozidlo nebylo nalezeno v UNIQA ani Allianz a poznámka TIRBazar neobsahuje informaci o depozitu.
18843;VXEYDCPFC12U88242;9AK9375;;CHYBÍ V UNIQA;Aktivní vozidlo nebylo nalezeno v UNIQA ani Allianz a poznámka TIRBazar neobsahuje informaci o depozitu.
18304;VXFVFEHTMNZ016240;9AD0436;;CHYBÍ V UNIQA;Aktivní vozidlo nebylo nalezeno v UNIQA ani Allianz a poznámka TIRBazar neobsahuje informaci o depozitu.
17950;VXKUPHMHDL4457710;;;CHYBÍ V UNIQA;Aktivní vozidlo nebylo nalezeno v UNIQA ani Allianz a poznámka TIRBazar neobsahuje informaci o depozitu.
17949;VXKUSHNSKMW039395;;;CHYBÍ V UNIQA;Aktivní vozidlo nebylo nalezeno v UNIQA ani Allianz a poznámka TIRBazar neobsahuje informaci o depozitu.
18494;W0L3F7218GV645109;8AK0095;;CHYBÍ V UNIQA;Aktivní vozidlo nebylo nalezeno v UNIQA ani Allianz a poznámka TIRBazar neobsahuje informaci o depozitu.
17000;W0L4F7002FV603305;1BA0196;;CHYBÍ V UNIQA;Aktivní vozidlo nebylo nalezeno v UNIQA ani Allianz a poznámka TIRBazar neobsahuje informaci o depozitu.
18369;W0L6AZN1BG9593058;5Z83466;;CHYBÍ V UNIQA;Aktivní vozidlo nebylo nalezeno v UNIQA ani Allianz a poznámka TIRBazar neobsahuje informaci o depozitu.
18427;W0L6WYD1BG9583789;5AC5588;;CHYBÍ V UNIQA;Aktivní vozidlo nebylo nalezeno v UNIQA ani Allianz a poznámka TIRBazar neobsahuje informaci o depozitu.
17917;W0LJ7BHB69V616539;5E89433;;CHYBÍ V UNIQA;Aktivní vozidlo nebylo nalezeno v UNIQA ani Allianz a poznámka TIRBazar neobsahuje informaci o depozitu.
19818;W0LMRF2YAFB072439;8AU4810;;CHYBÍ V UNIQA;Aktivní vozidlo nebylo nalezeno v UNIQA ani Allianz a poznámka TIRBazar neobsahuje informaci o depozitu.
19183;W0LMS56V4EB050697;5L02704;;CHYBÍ V UNIQA;Aktivní vozidlo nebylo nalezeno v UNIQA ani Allianz a poznámka TIRBazar neobsahuje informaci o depozitu.
17618;W0LVRE4Z6GB112239;5AY4336;;CHYBÍ V UNIQA;Aktivní vozidlo nebylo nalezeno v UNIQA ani Allianz a poznámka TIRBazar neobsahuje informaci o depozitu.
17814;W0LVSL606HB130551;3SR2171;;CHYBÍ V UNIQA;Aktivní vozidlo nebylo nalezeno v UNIQA ani Allianz a poznámka TIRBazar neobsahuje informaci o depozitu.
19804;W0LVSL609HB126784;7E69788;;CHYBÍ V UNIQA;Aktivní vozidlo nebylo nalezeno v UNIQA ani Allianz a poznámka TIRBazar neobsahuje informaci o depozitu.
17418;W0LVSU4S1GB111521;5AU0909;;CHYBÍ V UNIQA;Aktivní vozidlo nebylo nalezeno v UNIQA ani Allianz a poznámka TIRBazar neobsahuje informaci o depozitu.
18168;W0VF7D60XKV619317;7AS9739;;CHYBÍ V UNIQA;Aktivní vozidlo nebylo nalezeno v UNIQA ani Allianz a poznámka TIRBazar neobsahuje informaci o depozitu.
19315;W0VMR0601MB269655;1AKP581;;CHYBÍ V UNIQA;Aktivní vozidlo nebylo nalezeno v UNIQA ani Allianz a poznámka TIRBazar neobsahuje informaci o depozitu.
19314;W0VMR0603MB269706;1AKP579;;CHYBÍ V UNIQA;Aktivní vozidlo nebylo nalezeno v UNIQA ani Allianz a poznámka TIRBazar neobsahuje informaci o depozitu.
19260;W0VMR1600KB176936;6J75563;;CHYBÍ V UNIQA;Aktivní vozidlo nebylo nalezeno v UNIQA ani Allianz a poznámka TIRBazar neobsahuje informaci o depozitu.
18071;W0VMR2606MB272658;9AB8555;;CHYBÍ V UNIQA;Aktivní vozidlo nebylo nalezeno v UNIQA ani Allianz a poznámka TIRBazar neobsahuje informaci o depozitu.
19140;W0VMR3603MB272655;9AB7789;;CHYBÍ V UNIQA;Aktivní vozidlo nebylo nalezeno v UNIQA ani Allianz a poznámka TIRBazar neobsahuje informaci o depozitu.
17332;W0VMR3607LB216166;1UE5199;;CHYBÍ V UNIQA;Aktivní vozidlo nebylo nalezeno v UNIQA ani Allianz a poznámka TIRBazar neobsahuje informaci o depozitu.
18016;W0VMR360XMB272684;9AC7645;;CHYBÍ V UNIQA;Aktivní vozidlo nebylo nalezeno v UNIQA ani Allianz a poznámka TIRBazar neobsahuje informaci o depozitu.
18390;W0VMR4606MB264149;8C64221;;CHYBÍ V UNIQA;Aktivní vozidlo nebylo nalezeno v UNIQA ani Allianz a poznámka TIRBazar neobsahuje informaci o depozitu.
19237;W0VMR8601MB248545;5SP5405;;CHYBÍ V UNIQA;Aktivní vozidlo nebylo nalezeno v UNIQA ani Allianz a poznámka TIRBazar neobsahuje informaci o depozitu.
19307;W0VMR8601MB254636;1UF0521;;CHYBÍ V UNIQA;Aktivní vozidlo nebylo nalezeno v UNIQA ani Allianz a poznámka TIRBazar neobsahuje informaci o depozitu.
17654;W0VMR8601MB269184;2BV6136;;CHYBÍ V UNIQA;Aktivní vozidlo nebylo nalezeno v UNIQA ani Allianz a poznámka TIRBazar neobsahuje informaci o depozitu.
18407;W0VMR8602LB223300;5SB8144;;CHYBÍ V UNIQA;Aktivní vozidlo nebylo nalezeno v UNIQA ani Allianz a poznámka TIRBazar neobsahuje informaci o depozitu.
18406;W0VMR8602MB227929;5SB9057;;CHYBÍ V UNIQA;Aktivní vozidlo nebylo nalezeno v UNIQA ani Allianz a poznámka TIRBazar neobsahuje informaci o depozitu.
18410;W0VMR8607LB213703;5SB7580;;CHYBÍ V UNIQA;Aktivní vozidlo nebylo nalezeno v UNIQA ani Allianz a poznámka TIRBazar neobsahuje informaci o depozitu.
17749;W0VMR860XLB222587;7M24395;;CHYBÍ V UNIQA;Aktivní vozidlo nebylo nalezeno v UNIQA ani Allianz a poznámka TIRBazar neobsahuje informaci o depozitu.
18782;W0VMR860XMB272620;9AC7408;;CHYBÍ V UNIQA;Aktivní vozidlo nebylo nalezeno v UNIQA ani Allianz a poznámka TIRBazar neobsahuje informaci o depozitu.
18448;W0VMRT607JB161621;7AE5325;;CHYBÍ V UNIQA;Aktivní vozidlo nebylo nalezeno v UNIQA ani Allianz a poznámka TIRBazar neobsahuje informaci o depozitu.
18000;W0VMRU601KB167874;7AJ3157;;CHYBÍ V UNIQA;Aktivní vozidlo nebylo nalezeno v UNIQA ani Allianz a poznámka TIRBazar neobsahuje informaci o depozitu.
17784;W0VMRU608JB150424;7AB9673;;CHYBÍ V UNIQA;Aktivní vozidlo nebylo nalezeno v UNIQA ani Allianz a poznámka TIRBazar neobsahuje informaci o depozitu.
17839;W0VMRY601KB165579;7AI6717;;CHYBÍ V UNIQA;Aktivní vozidlo nebylo nalezeno v UNIQA ani Allianz a poznámka TIRBazar neobsahuje informaci o depozitu.
17783;W0VMRY602KB165008;7AI0148;;CHYBÍ V UNIQA;Aktivní vozidlo nebylo nalezeno v UNIQA ani Allianz a poznámka TIRBazar neobsahuje informaci o depozitu.
18288;W0VMS360XMB248003;1UF0526;;CHYBÍ V UNIQA;Aktivní vozidlo nebylo nalezeno v UNIQA ani Allianz a poznámka TIRBazar neobsahuje informaci o depozitu.
18185;W0VVS2600MB259655;5SM7497;;CHYBÍ V UNIQA;Aktivní vozidlo nebylo nalezeno v UNIQA ani Allianz a poznámka TIRBazar neobsahuje informaci o depozitu.
18847;W0VVS2602MB272889;5SX7267;;CHYBÍ V UNIQA;Aktivní vozidlo nebylo nalezeno v UNIQA ani Allianz a poznámka TIRBazar neobsahuje informaci o depozitu.
19595;W0VVS2603MB264865;9AC3922;;CHYBÍ V UNIQA;Aktivní vozidlo nebylo nalezeno v UNIQA ani Allianz a poznámka TIRBazar neobsahuje informaci o depozitu.
18768;W0VVS4600MB264169;9C17646;;CHYBÍ V UNIQA;Aktivní vozidlo nebylo nalezeno v UNIQA ani Allianz a poznámka TIRBazar neobsahuje informaci o depozitu.
19420;W0VVSL601JB161607;2BA4638;;CHYBÍ V UNIQA;Aktivní vozidlo nebylo nalezeno v UNIQA ani Allianz a poznámka TIRBazar neobsahuje informaci o depozitu.
18780;W0VVSL601KB182071;1UD3200;;CHYBÍ V UNIQA;Aktivní vozidlo nebylo nalezeno v UNIQA ani Allianz a poznámka TIRBazar neobsahuje informaci o depozitu.
19147;W0VVSL604JB141481;8AA0956;;CHYBÍ V UNIQA;Aktivní vozidlo nebylo nalezeno v UNIQA ani Allianz a poznámka TIRBazar neobsahuje informaci o depozitu.
18444;W0VVSL608JB157361;7AH7945;;CHYBÍ V UNIQA;Aktivní vozidlo nebylo nalezeno v UNIQA ani Allianz a poznámka TIRBazar neobsahuje informaci o depozitu.
18736;W0VVSL609KB164157;6Z40663;;CHYBÍ V UNIQA;Aktivní vozidlo nebylo nalezeno v UNIQA ani Allianz a poznámka TIRBazar neobsahuje informaci o depozitu.
18631;W1K1183541N301833;8P87438;;CHYBÍ V UNIQA;Aktivní vozidlo nebylo nalezeno v UNIQA ani Allianz a poznámka TIRBazar neobsahuje informaci o depozitu.
19033;W1K1183841N092119;7P67223;;CHYBÍ V UNIQA;Aktivní vozidlo nebylo nalezeno v UNIQA ani Allianz a poznámka TIRBazar neobsahuje informaci o depozitu.
17125;W1K1183841N208126;7MU9445;;CHYBÍ V UNIQA;Aktivní vozidlo nebylo nalezeno v UNIQA ani Allianz a poznámka TIRBazar neobsahuje informaci o depozitu.
19054;W1K1183861N322402;EL061BH;;CHYBÍ V UNIQA;Aktivní vozidlo nebylo nalezeno v UNIQA ani Allianz a poznámka TIRBazar neobsahuje informaci o depozitu.
17457;W1K1770031N194928;8AJ2363;;CHYBÍ V UNIQA;Aktivní vozidlo nebylo nalezeno v UNIQA ani Allianz a poznámka TIRBazar neobsahuje informaci o depozitu.
17249;W1K1770841N163849;4K69255;;CHYBÍ V UNIQA;Aktivní vozidlo nebylo nalezeno v UNIQA ani Allianz a poznámka TIRBazar neobsahuje informaci o depozitu.
17312;W1K1770871N156251;2BS6519;;CHYBÍ V UNIQA;Aktivní vozidlo nebylo nalezeno v UNIQA ani Allianz a poznámka TIRBazar neobsahuje informaci o depozitu.
17052;W1K1771841J203596;2BK1060;;CHYBÍ V UNIQA;Aktivní vozidlo nebylo nalezeno v UNIQA ani Allianz a poznámka TIRBazar neobsahuje informaci o depozitu.
18258;W1K1771841J281152;8AM4183;;CHYBÍ V UNIQA;Aktivní vozidlo nebylo nalezeno v UNIQA ani Allianz a poznámka TIRBazar neobsahuje informaci o depozitu.
18513;W1K2052151G030945;9P05568;;CHYBÍ V UNIQA;Aktivní vozidlo nebylo nalezeno v UNIQA ani Allianz a poznámka TIRBazar neobsahuje informaci o depozitu.
17943;W1K2062051F048539;9C43231;;CHYBÍ V UNIQA;Aktivní vozidlo nebylo nalezeno v UNIQA ani Allianz a poznámka TIRBazar neobsahuje informaci o depozitu.
17455;W1K2130051A972354;8AT5896;;CHYBÍ V UNIQA;Aktivní vozidlo nebylo nalezeno v UNIQA ani Allianz a poznámka TIRBazar neobsahuje informaci o depozitu.
17750;W1K2130051A975199;8AX0747;;CHYBÍ V UNIQA;Aktivní vozidlo nebylo nalezeno v UNIQA ani Allianz a poznámka TIRBazar neobsahuje informaci o depozitu.
17460;W1K2130051B014638;9AB0680;;CHYBÍ V UNIQA;Aktivní vozidlo nebylo nalezeno v UNIQA ani Allianz a poznámka TIRBazar neobsahuje informaci o depozitu.
17458;W1K2130051B043019;9AC4398;;CHYBÍ V UNIQA;Aktivní vozidlo nebylo nalezeno v UNIQA ani Allianz a poznámka TIRBazar neobsahuje informaci o depozitu.
17456;W1K2130051B062005;9AD2834;;CHYBÍ V UNIQA;Aktivní vozidlo nebylo nalezeno v UNIQA ani Allianz a poznámka TIRBazar neobsahuje informaci o depozitu.
18449;W1K2132171A882946;8AJ2301;;CHYBÍ V UNIQA;Aktivní vozidlo nebylo nalezeno v UNIQA ani Allianz a poznámka TIRBazar neobsahuje informaci o depozitu.
19079;W1K2231331A004843;8AL7012;;CHYBÍ V UNIQA;Aktivní vozidlo nebylo nalezeno v UNIQA ani Allianz a poznámka TIRBazar neobsahuje informaci o depozitu.
17725;W1K2231331A143196;9AD9711;;CHYBÍ V UNIQA;Aktivní vozidlo nebylo nalezeno v UNIQA ani Allianz a poznámka TIRBazar neobsahuje informaci o depozitu.
17697;W1K2231631A066752;9AP9078;;CHYBÍ V UNIQA;Aktivní vozidlo nebylo nalezeno v UNIQA ani Allianz a poznámka TIRBazar neobsahuje informaci o depozitu.
19141;W1K5J1CB6RN453311;9P46590;;CHYBÍ V UNIQA;Aktivní vozidlo nebylo nalezeno v UNIQA ani Allianz a poznámka TIRBazar neobsahuje informaci o depozitu.
18134;W1K8P9AB0PF054415;EL426BE;;CHYBÍ V UNIQA;Aktivní vozidlo nebylo nalezeno v UNIQA ani Allianz a poznámka TIRBazar neobsahuje informaci o depozitu.
19403;W1KLF5FB4RA001456;EL547BS;;CHYBÍ V UNIQA;Aktivní vozidlo nebylo nalezeno v UNIQA ani Allianz a poznámka TIRBazar neobsahuje informaci o depozitu.
19126;W1KZH8KB7PB115812;1ABI321;;CHYBÍ V UNIQA;Aktivní vozidlo nebylo nalezeno v UNIQA ani Allianz a poznámka TIRBazar neobsahuje informaci o depozitu.
18480;W1N1671091A759000;9AM9393;;CHYBÍ V UNIQA;Aktivní vozidlo nebylo nalezeno v UNIQA ani Allianz a poznámka TIRBazar neobsahuje informaci o depozitu.
18394;W1N1671171A387044;EL276AK;;CHYBÍ V UNIQA;Aktivní vozidlo nebylo nalezeno v UNIQA ani Allianz a poznámka TIRBazar neobsahuje informaci o depozitu.
18834;W1N1671211A280606;8P38702;;CHYBÍ V UNIQA;Aktivní vozidlo nebylo nalezeno v UNIQA ani Allianz a poznámka TIRBazar neobsahuje informaci o depozitu.
18699;W1N1671211A325120;8AV3822;;CHYBÍ V UNIQA;Aktivní vozidlo nebylo nalezeno v UNIQA ani Allianz a poznámka TIRBazar neobsahuje informaci o depozitu.
17236;W1N1671231A182306;8AC6960;;CHYBÍ V UNIQA;Aktivní vozidlo nebylo nalezeno v UNIQA ani Allianz a poznámka TIRBazar neobsahuje informaci o depozitu.
17036;W1N1673231A330636;2BT4265;;CHYBÍ V UNIQA;Aktivní vozidlo nebylo nalezeno v UNIQA ani Allianz a poznámka TIRBazar neobsahuje informaci o depozitu.
18044;W1N1679211A569443;2TB6225;;CHYBÍ V UNIQA;Aktivní vozidlo nebylo nalezeno v UNIQA ani Allianz a poznámka TIRBazar neobsahuje informaci o depozitu.
19185;W1N1679231A465670;8AU2075;;CHYBÍ V UNIQA;Aktivní vozidlo nebylo nalezeno v UNIQA ani Allianz a poznámka TIRBazar neobsahuje informaci o depozitu.
19591;W1N1679861A419835;1ANB198;;CHYBÍ V UNIQA;Aktivní vozidlo nebylo nalezeno v UNIQA ani Allianz a poznámka TIRBazar neobsahuje informaci o depozitu.
18697;W1N2476131W061624;8AL8824;;CHYBÍ V UNIQA;Aktivní vozidlo nebylo nalezeno v UNIQA ani Allianz a poznámka TIRBazar neobsahuje informaci o depozitu.
18540;W1N2476131W092733;8AM2757;;CHYBÍ V UNIQA;Aktivní vozidlo nebylo nalezeno v UNIQA ani Allianz a poznámka TIRBazar neobsahuje informaci o depozitu.
18441;W1N2476131W124753;8AS4377;;CHYBÍ V UNIQA;Aktivní vozidlo nebylo nalezeno v UNIQA ani Allianz a poznámka TIRBazar neobsahuje informaci o depozitu.
17459;W1N2476131W133426;8AV2924;;CHYBÍ V UNIQA;Aktivní vozidlo nebylo nalezeno v UNIQA ani Allianz a poznámka TIRBazar neobsahuje informaci o depozitu.
19262;W1N2476151W092166;8AR2427;;CHYBÍ V UNIQA;Aktivní vozidlo nebylo nalezeno v UNIQA ani Allianz a poznámka TIRBazar neobsahuje informaci o depozitu.
17893;W1N2477131J399316;9AK0093;;CHYBÍ V UNIQA;Aktivní vozidlo nebylo nalezeno v UNIQA ani Allianz a poznámka TIRBazar neobsahuje informaci o depozitu.
17508;W1N2539151F977809;8AT3545;;CHYBÍ V UNIQA;Aktivní vozidlo nebylo nalezeno v UNIQA ani Allianz a poznámka TIRBazar neobsahuje informaci o depozitu.
18358;W1NDM2EB7PA011523;EL930BS;;CHYBÍ V UNIQA;Aktivní vozidlo nebylo nalezeno v UNIQA ani Allianz a poznámka TIRBazar neobsahuje informaci o depozitu.
18622;W1NFB1HB4PA877068;EL434BE;;CHYBÍ V UNIQA;Aktivní vozidlo nebylo nalezeno v UNIQA ani Allianz a poznámka TIRBazar neobsahuje informaci o depozitu.
18941;W1NFB2DB3PA879146;7Z47893;;CHYBÍ V UNIQA;Aktivní vozidlo nebylo nalezeno v UNIQA ani Allianz a poznámka TIRBazar neobsahuje informaci o depozitu.
18389;W1NFD3DBXPA990406;5SY8848;;CHYBÍ V UNIQA;Aktivní vozidlo nebylo nalezeno v UNIQA ani Allianz a poznámka TIRBazar neobsahuje informaci o depozitu.
19201;W1NFF2DE3PA860188;2TH8399;;CHYBÍ V UNIQA;Aktivní vozidlo nebylo nalezeno v UNIQA ani Allianz a poznámka TIRBazar neobsahuje informaci o depozitu.
18778;W1NFF8KE3RB102967;LYC0NET8;;CHYBÍ V UNIQA;Aktivní vozidlo nebylo nalezeno v UNIQA ani Allianz a poznámka TIRBazar neobsahuje informaci o depozitu.
19021;W1V3KCFZ1RP653903;1ACR917;;CHYBÍ V UNIQA;Aktivní vozidlo nebylo nalezeno v UNIQA ani Allianz a poznámka TIRBazar neobsahuje informaci o depozitu.
19892;W1V3KCFZ6PP543880;9AS6444;;CHYBÍ V UNIQA;Aktivní vozidlo nebylo nalezeno v UNIQA ani Allianz a poznámka TIRBazar neobsahuje informaci o depozitu.
19037;W1V3KCFZXRP653186;1ACZ839;;CHYBÍ V UNIQA;Aktivní vozidlo nebylo nalezeno v UNIQA ani Allianz a poznámka TIRBazar neobsahuje informaci o depozitu.
19884;W1V3KDFZ9SP794617;6SL1326;;CHYBÍ V UNIQA;Aktivní vozidlo nebylo nalezeno v UNIQA ani Allianz a poznámka TIRBazar neobsahuje informaci o depozitu.
18463;W1V3KFFZ0PP568419;1AHN668;;CHYBÍ V UNIQA;Aktivní vozidlo nebylo nalezeno v UNIQA ani Allianz a poznámka TIRBazar neobsahuje informaci o depozitu.
19115;W1V3MBTZ3PP538239;9AN7470;;CHYBÍ V UNIQA;Aktivní vozidlo nebylo nalezeno v UNIQA ani Allianz a poznámka TIRBazar neobsahuje informaci o depozitu.
19043;W1V3MCFZ0PP567182;9AV1100;;CHYBÍ V UNIQA;Aktivní vozidlo nebylo nalezeno v UNIQA ani Allianz a poznámka TIRBazar neobsahuje informaci o depozitu.
19044;W1V3MCFZ6RP624505;1AAA394;;CHYBÍ V UNIQA;Aktivní vozidlo nebylo nalezeno v UNIQA ani Allianz a poznámka TIRBazar neobsahuje informaci o depozitu.
19030;W1V3MCFZ8RP646666;1AAU037;;CHYBÍ V UNIQA;Aktivní vozidlo nebylo nalezeno v UNIQA ani Allianz a poznámka TIRBazar neobsahuje informaci o depozitu.
17309;W1V44760113714451;8P38208;;CHYBÍ V UNIQA;Aktivní vozidlo nebylo nalezeno v UNIQA ani Allianz a poznámka TIRBazar neobsahuje informaci o depozitu.
19036;W1V44760513936462;9AA3425;;CHYBÍ V UNIQA;Aktivní vozidlo nebylo nalezeno v UNIQA ani Allianz a poznámka TIRBazar neobsahuje informaci o depozitu.
17149;W1V44770313684667;1TU2595;;CHYBÍ V UNIQA;Aktivní vozidlo nebylo nalezeno v UNIQA ani Allianz a poznámka TIRBazar neobsahuje informaci o depozitu.
18958;W1V44781313782821;8AI0844;;CHYBÍ V UNIQA;Aktivní vozidlo nebylo nalezeno v UNIQA ani Allianz a poznámka TIRBazar neobsahuje informaci o depozitu.
19116;W1V5M2FZ6RN290927;1ADB699;;CHYBÍ V UNIQA;Aktivní vozidlo nebylo nalezeno v UNIQA ani Allianz a poznámka TIRBazar neobsahuje informaci o depozitu.
18276;W1V9071331N212255;8S95673;;CHYBÍ V UNIQA;Aktivní vozidlo nebylo nalezeno v UNIQA ani Allianz a poznámka TIRBazar neobsahuje informaci o depozitu.
19867;W1V90713510000000;9AN1447;;CHYBÍ V UNIQA;Aktivní vozidlo nebylo nalezeno v UNIQA ani Allianz a poznámka TIRBazar neobsahuje informaci o depozitu.
18648;W1V9071351N075601;4SX5204;;CHYBÍ V UNIQA;Aktivní vozidlo nebylo nalezeno v UNIQA ani Allianz a poznámka TIRBazar neobsahuje informaci o depozitu.
17931;W1V9071351N085183;8P08452;;CHYBÍ V UNIQA;Aktivní vozidlo nebylo nalezeno v UNIQA ani Allianz a poznámka TIRBazar neobsahuje informaci o depozitu.
17704;W1V9071351N110935;2BT9658;;CHYBÍ V UNIQA;Aktivní vozidlo nebylo nalezeno v UNIQA ani Allianz a poznámka TIRBazar neobsahuje informaci o depozitu.
17702;W1V9071351N129012;1UA9063;;CHYBÍ V UNIQA;Aktivní vozidlo nebylo nalezeno v UNIQA ani Allianz a poznámka TIRBazar neobsahuje informaci o depozitu.
18735;W1V9071351N221137;2BZ5632;;CHYBÍ V UNIQA;Aktivní vozidlo nebylo nalezeno v UNIQA ani Allianz a poznámka TIRBazar neobsahuje informaci o depozitu.
19750;W1V9071551N118656;7M12872;;CHYBÍ V UNIQA;Aktivní vozidlo nebylo nalezeno v UNIQA ani Allianz a poznámka TIRBazar neobsahuje informaci o depozitu.
19646;W1V9071551N119140;7M12835;;CHYBÍ V UNIQA;Aktivní vozidlo nebylo nalezeno v UNIQA ani Allianz a poznámka TIRBazar neobsahuje informaci o depozitu.
19648;W1V9071551N119523;7M12871;;CHYBÍ V UNIQA;Aktivní vozidlo nebylo nalezeno v UNIQA ani Allianz a poznámka TIRBazar neobsahuje informaci o depozitu.
19028;W1V9071551N172609;2TB7497;;CHYBÍ V UNIQA;Aktivní vozidlo nebylo nalezeno v UNIQA ani Allianz a poznámka TIRBazar neobsahuje informaci o depozitu.
19659;W1V9071551N175794;7M13834;;CHYBÍ V UNIQA;Aktivní vozidlo nebylo nalezeno v UNIQA ani Allianz a poznámka TIRBazar neobsahuje informaci o depozitu.
19749;W1V9071551N175796;7M13819;;CHYBÍ V UNIQA;Aktivní vozidlo nebylo nalezeno v UNIQA ani Allianz a poznámka TIRBazar neobsahuje informaci o depozitu.
19745;W1V9076331P200004;;;CHYBÍ V UNIQA;Aktivní vozidlo nebylo nalezeno v UNIQA ani Allianz a poznámka TIRBazar neobsahuje informaci o depozitu.
16974;W1V9076351P193682;1TZ8397;;CHYBÍ V UNIQA;Aktivní vozidlo nebylo nalezeno v UNIQA ani Allianz a poznámka TIRBazar neobsahuje informaci o depozitu.
18643;W1V9076351P246488;7E14493;;CHYBÍ V UNIQA;Aktivní vozidlo nebylo nalezeno v UNIQA ani Allianz a poznámka TIRBazar neobsahuje informaci o depozitu.
17651;W1V9076351P387334;2BU6740;;CHYBÍ V UNIQA;Aktivní vozidlo nebylo nalezeno v UNIQA ani Allianz a poznámka TIRBazar neobsahuje informaci o depozitu.
17417;W1V9076351P472630;9AU9283;;CHYBÍ V UNIQA;Aktivní vozidlo nebylo nalezeno v UNIQA ani Allianz a poznámka TIRBazar neobsahuje informaci o depozitu.
17416;W1V9076351P473080;9AU9293;;CHYBÍ V UNIQA;Aktivní vozidlo nebylo nalezeno v UNIQA ani Allianz a poznámka TIRBazar neobsahuje informaci o depozitu.
19038;W1V9076351P489896;9AK6194;;CHYBÍ V UNIQA;Aktivní vozidlo nebylo nalezeno v UNIQA ani Allianz a poznámka TIRBazar neobsahuje informaci o depozitu.
19677;W1V9076371P354976;8AZ9608;;CHYBÍ V UNIQA;Aktivní vozidlo nebylo nalezeno v UNIQA ani Allianz a poznámka TIRBazar neobsahuje informaci o depozitu.
19676;W1V9076371P413589;5SH9575;;CHYBÍ V UNIQA;Aktivní vozidlo nebylo nalezeno v UNIQA ani Allianz a poznámka TIRBazar neobsahuje informaci o depozitu.
19311;W1V9076371P413604;6L17583;;CHYBÍ V UNIQA;Aktivní vozidlo nebylo nalezeno v UNIQA ani Allianz a poznámka TIRBazar neobsahuje informaci o depozitu.
19326;W1V9076371P490391;9AR4064;;CHYBÍ V UNIQA;Aktivní vozidlo nebylo nalezeno v UNIQA ani Allianz a poznámka TIRBazar neobsahuje informaci o depozitu.
19053;W1V9076551P505665;9AM1847;;CHYBÍ V UNIQA;Aktivní vozidlo nebylo nalezeno v UNIQA ani Allianz a poznámka TIRBazar neobsahuje informaci o depozitu.
18739;W1V9077231P480030;9AI0514;;CHYBÍ V UNIQA;Aktivní vozidlo nebylo nalezeno v UNIQA ani Allianz a poznámka TIRBazar neobsahuje informaci o depozitu.
18307;W1V9077331P374831;2TB5606;;CHYBÍ V UNIQA;Aktivní vozidlo nebylo nalezeno v UNIQA ani Allianz a poznámka TIRBazar neobsahuje informaci o depozitu.
17330;W1V9106211P260959;6M98303;;CHYBÍ V UNIQA;Aktivní vozidlo nebylo nalezeno v UNIQA ani Allianz a poznámka TIRBazar neobsahuje informaci o depozitu.
18032;W1V9106331P210213;1TU3042;;CHYBÍ V UNIQA;Aktivní vozidlo nebylo nalezeno v UNIQA ani Allianz a poznámka TIRBazar neobsahuje informaci o depozitu.
17533;W1V9106331P357659;EL674AP;;CHYBÍ V UNIQA;Aktivní vozidlo nebylo nalezeno v UNIQA ani Allianz a poznámka TIRBazar neobsahuje informaci o depozitu.
18259;W1V9106331P403458;2BX7172;;CHYBÍ V UNIQA;Aktivní vozidlo nebylo nalezeno v UNIQA ani Allianz a poznámka TIRBazar neobsahuje informaci o depozitu.
18918;W1VTUACZ1PU350461;;;CHYBÍ V UNIQA;Aktivní vozidlo nebylo nalezeno v UNIQA ani Allianz a poznámka TIRBazar neobsahuje informaci o depozitu.
18672;W1VVMFTZ9P4245009;3BB8077;;CHYBÍ V UNIQA;Aktivní vozidlo nebylo nalezeno v UNIQA ani Allianz a poznámka TIRBazar neobsahuje informaci o depozitu.
18481;WAUZZZ4H2DN020760;9AB1275;;CHYBÍ V UNIQA;Aktivní vozidlo nebylo nalezeno v UNIQA ani Allianz a poznámka TIRBazar neobsahuje informaci o depozitu.
17121;WAUZZZ4L57D001103;4M48238;;CHYBÍ V UNIQA;Aktivní vozidlo nebylo nalezeno v UNIQA ani Allianz a poznámka TIRBazar neobsahuje informaci o depozitu.
19637;WAUZZZ4M3GD028647;3ST2288;;CHYBÍ V UNIQA;Aktivní vozidlo nebylo nalezeno v UNIQA ani Allianz a poznámka TIRBazar neobsahuje informaci o depozitu.
19650;WAUZZZF10RD008507;EL392DJ;;CHYBÍ V UNIQA;Aktivní vozidlo nebylo nalezeno v UNIQA ani Allianz a poznámka TIRBazar neobsahuje informaci o depozitu.
18262;WAUZZZF17LD021195;8P16675;;CHYBÍ V UNIQA;Aktivní vozidlo nebylo nalezeno v UNIQA ani Allianz a poznámka TIRBazar neobsahuje informaci o depozitu.
17518;WAUZZZF23LN071255;9AT3672;;CHYBÍ V UNIQA;Aktivní vozidlo nebylo nalezeno v UNIQA ani Allianz a poznámka TIRBazar neobsahuje informaci o depozitu.
18476;WB2A12002J0000029;9AJ2622;;CHYBÍ V UNIQA;Aktivní vozidlo nebylo nalezeno v UNIQA ani Allianz a poznámka TIRBazar neobsahuje informaci o depozitu.
18023;WBA21EY0009T46615;1AAV630;;CHYBÍ V UNIQA;Aktivní vozidlo nebylo nalezeno v UNIQA ani Allianz a poznámka TIRBazar neobsahuje informaci o depozitu.
17311;WBA58FF0208C81034;9AP2931;;CHYBÍ V UNIQA;Aktivní vozidlo nebylo nalezeno v UNIQA ani Allianz a poznámka TIRBazar neobsahuje informaci o depozitu.
17611;WBAFH610100B37808;4AJ5094;;CHYBÍ V UNIQA;Aktivní vozidlo nebylo nalezeno v UNIQA ani Allianz a poznámka TIRBazar neobsahuje informaci o depozitu.
19155;WBAGV810X0CF90221;1AHR685;;CHYBÍ V UNIQA;Aktivní vozidlo nebylo nalezeno v UNIQA ani Allianz a poznámka TIRBazar neobsahuje informaci o depozitu.
16148;WBAJW81030BK94334;8AR4005;;CHYBÍ V UNIQA;Aktivní vozidlo nebylo nalezeno v UNIQA ani Allianz a poznámka TIRBazar neobsahuje informaci o depozitu.
18015;WBAKS810600S50128;6E46667;;CHYBÍ V UNIQA;Aktivní vozidlo nebylo nalezeno v UNIQA ani Allianz a poznámka TIRBazar neobsahuje informaci o depozitu.
18102;WBATC610409M04160;9AH7427;;CHYBÍ V UNIQA;Aktivní vozidlo nebylo nalezeno v UNIQA ani Allianz a poznámka TIRBazar neobsahuje informaci o depozitu.
18887;WBS4Y91010FJ62934;8AH7053;;CHYBÍ V UNIQA;Aktivní vozidlo nebylo nalezeno v UNIQA ani Allianz a poznámka TIRBazar neobsahuje informaci o depozitu.
16769;WDB67301015225939;1H34915;;CHYBÍ V UNIQA;Aktivní vozidlo nebylo nalezeno v UNIQA ani Allianz a poznámka TIRBazar neobsahuje informaci o depozitu.
16838;WDB9036111R759106;4A57328;;CHYBÍ V UNIQA;Aktivní vozidlo nebylo nalezeno v UNIQA ani Allianz a poznámka TIRBazar neobsahuje informaci o depozitu.
16836;WDB9036111R761052;3SH4718;;CHYBÍ V UNIQA;Aktivní vozidlo nebylo nalezeno v UNIQA ani Allianz a poznámka TIRBazar neobsahuje informaci o depozitu.
16821;WDB9036111R907172;1AA5947;;CHYBÍ V UNIQA;Aktivní vozidlo nebylo nalezeno v UNIQA ani Allianz a poznámka TIRBazar neobsahuje informaci o depozitu.
18022;WDB9036111R908196;1AB2028;;CHYBÍ V UNIQA;Aktivní vozidlo nebylo nalezeno v UNIQA ani Allianz a poznámka TIRBazar neobsahuje informaci o depozitu.
16819;WDB9036111R908763;1AA3419;;CHYBÍ V UNIQA;Aktivní vozidlo nebylo nalezeno v UNIQA ani Allianz a poznámka TIRBazar neobsahuje informaci o depozitu.
18021;WDB9036111R917473;1AA5184;;CHYBÍ V UNIQA;Aktivní vozidlo nebylo nalezeno v UNIQA ani Allianz a poznámka TIRBazar neobsahuje informaci o depozitu.
18974;WDB9036111R917534;1AV8446;;CHYBÍ V UNIQA;Aktivní vozidlo nebylo nalezeno v UNIQA ani Allianz a poznámka TIRBazar neobsahuje informaci o depozitu.
19466;WDB9036121R927974;9T25737;;CHYBÍ V UNIQA;Aktivní vozidlo nebylo nalezeno v UNIQA ani Allianz a poznámka TIRBazar neobsahuje informaci o depozitu.
18549;WDB9036631R914167;1AR9919;;CHYBÍ V UNIQA;Aktivní vozidlo nebylo nalezeno v UNIQA ani Allianz a poznámka TIRBazar neobsahuje informaci o depozitu.
19567;WDB9044121P750004;7SB9342;;CHYBÍ V UNIQA;Aktivní vozidlo nebylo nalezeno v UNIQA ani Allianz a poznámka TIRBazar neobsahuje informaci o depozitu.
18799;WDB9044231P960535;5S10511;;CHYBÍ V UNIQA;Aktivní vozidlo nebylo nalezeno v UNIQA ani Allianz a poznámka TIRBazar neobsahuje informaci o depozitu.
19598;WDB9046131R700138;3K51344;;CHYBÍ V UNIQA;Aktivní vozidlo nebylo nalezeno v UNIQA ani Allianz a poznámka TIRBazar neobsahuje informaci o depozitu.
18654;WDB9056131R270493;3P02373;;CHYBÍ V UNIQA;Aktivní vozidlo nebylo nalezeno v UNIQA ani Allianz a poznámka TIRBazar neobsahuje informaci o depozitu.
18864;WDB9056131R872071;4U16969;;CHYBÍ V UNIQA;Aktivní vozidlo nebylo nalezeno v UNIQA ani Allianz a poznámka TIRBazar neobsahuje informaci o depozitu.
17258;WDB9061311N379161;2SH8438;;CHYBÍ V UNIQA;Aktivní vozidlo nebylo nalezeno v UNIQA ani Allianz a poznámka TIRBazar neobsahuje informaci o depozitu.
17259;WDB9061311N381600;1AL1410;;CHYBÍ V UNIQA;Aktivní vozidlo nebylo nalezeno v UNIQA ani Allianz a poznámka TIRBazar neobsahuje informaci o depozitu.
18969;WDB9061311N382299;1AB4282;;CHYBÍ V UNIQA;Aktivní vozidlo nebylo nalezeno v UNIQA ani Allianz a poznámka TIRBazar neobsahuje informaci o depozitu.
18019;WDB9061311N382998;1AB4271;;CHYBÍ V UNIQA;Aktivní vozidlo nebylo nalezeno v UNIQA ani Allianz a poznámka TIRBazar neobsahuje informaci o depozitu.
18020;WDB9061311N383224;2SR9927;;CHYBÍ V UNIQA;Aktivní vozidlo nebylo nalezeno v UNIQA ani Allianz a poznámka TIRBazar neobsahuje informaci o depozitu.
18078;WDB9061311N383898;1AB4459;;CHYBÍ V UNIQA;Aktivní vozidlo nebylo nalezeno v UNIQA ani Allianz a poznámka TIRBazar neobsahuje informaci o depozitu.
18973;WDB9061311N383900;1AB6330;;CHYBÍ V UNIQA;Aktivní vozidlo nebylo nalezeno v UNIQA ani Allianz a poznámka TIRBazar neobsahuje informaci o depozitu.
17829;WDB9061311N384103;1AB8322;;CHYBÍ V UNIQA;Aktivní vozidlo nebylo nalezeno v UNIQA ani Allianz a poznámka TIRBazar neobsahuje informaci o depozitu.
18971;WDB9061311N384104;1AB6321;;CHYBÍ V UNIQA;Aktivní vozidlo nebylo nalezeno v UNIQA ani Allianz a poznámka TIRBazar neobsahuje informaci o depozitu.
18075;WDB9061311N385193;1AJ1967;;CHYBÍ V UNIQA;Aktivní vozidlo nebylo nalezeno v UNIQA ani Allianz a poznámka TIRBazar neobsahuje informaci o depozitu.
19394;WDB9061311N385609;2BX4079;;CHYBÍ V UNIQA;Aktivní vozidlo nebylo nalezeno v UNIQA ani Allianz a poznámka TIRBazar neobsahuje informaci o depozitu.
18077;WDB9061311N392992;9A34747;;CHYBÍ V UNIQA;Aktivní vozidlo nebylo nalezeno v UNIQA ani Allianz a poznámka TIRBazar neobsahuje informaci o depozitu.
17828;WDB9061311N396609;9A55237;;CHYBÍ V UNIQA;Aktivní vozidlo nebylo nalezeno v UNIQA ani Allianz a poznámka TIRBazar neobsahuje informaci o depozitu.
17281;WDB9061311N408918;1AA3407;;CHYBÍ V UNIQA;Aktivní vozidlo nebylo nalezeno v UNIQA ani Allianz a poznámka TIRBazar neobsahuje informaci o depozitu.
18073;WDB9061311N409337;3SH5382;;CHYBÍ V UNIQA;Aktivní vozidlo nebylo nalezeno v UNIQA ani Allianz a poznámka TIRBazar neobsahuje informaci o depozitu.
17282;WDB9061311N411287;1AA6918;;CHYBÍ V UNIQA;Aktivní vozidlo nebylo nalezeno v UNIQA ani Allianz a poznámka TIRBazar neobsahuje informaci o depozitu.
18970;WDB9061311N411858;1AA5822;;CHYBÍ V UNIQA;Aktivní vozidlo nebylo nalezeno v UNIQA ani Allianz a poznámka TIRBazar neobsahuje informaci o depozitu.
17830;WDB9061311N411860;6H33438;;CHYBÍ V UNIQA;Aktivní vozidlo nebylo nalezeno v UNIQA ani Allianz a poznámka TIRBazar neobsahuje informaci o depozitu.
17283;WDB9061311N412057;1AC8422;;CHYBÍ V UNIQA;Aktivní vozidlo nebylo nalezeno v UNIQA ani Allianz a poznámka TIRBazar neobsahuje informaci o depozitu.
17260;WDB9061311N412248;1AB6555;;CHYBÍ V UNIQA;Aktivní vozidlo nebylo nalezeno v UNIQA ani Allianz a poznámka TIRBazar neobsahuje informaci o depozitu.
17254;WDB9061311N413646;1AB2854;;CHYBÍ V UNIQA;Aktivní vozidlo nebylo nalezeno v UNIQA ani Allianz a poznámka TIRBazar neobsahuje informaci o depozitu.
18079;WDB9061311N414207;1AC8854;;CHYBÍ V UNIQA;Aktivní vozidlo nebylo nalezeno v UNIQA ani Allianz a poznámka TIRBazar neobsahuje informaci o depozitu.
18972;WDB9061311N414582;1AB2863;;CHYBÍ V UNIQA;Aktivní vozidlo nebylo nalezeno v UNIQA ani Allianz a poznámka TIRBazar neobsahuje informaci o depozitu.
18076;WDB9061311N414583;6H64564;;CHYBÍ V UNIQA;Aktivní vozidlo nebylo nalezeno v UNIQA ani Allianz a poznámka TIRBazar neobsahuje informaci o depozitu.
18074;WDB9061311N414584;1AC8851;;CHYBÍ V UNIQA;Aktivní vozidlo nebylo nalezeno v UNIQA ani Allianz a poznámka TIRBazar neobsahuje informaci o depozitu.
17255;WDB9061311N414586;1AC8825;;CHYBÍ V UNIQA;Aktivní vozidlo nebylo nalezeno v UNIQA ani Allianz a poznámka TIRBazar neobsahuje informaci o depozitu.
17827;WDB9061311N414951;1AC8821;;CHYBÍ V UNIQA;Aktivní vozidlo nebylo nalezeno v UNIQA ani Allianz a poznámka TIRBazar neobsahuje informaci o depozitu.
19171;WDB9061311N513299;3SN3820;;CHYBÍ V UNIQA;Aktivní vozidlo nebylo nalezeno v UNIQA ani Allianz a poznámka TIRBazar neobsahuje informaci o depozitu.
16594;WDB9061331N443407;1AR9892;;CHYBÍ V UNIQA;Aktivní vozidlo nebylo nalezeno v UNIQA ani Allianz a poznámka TIRBazar neobsahuje informaci o depozitu.
18093;WDB9061331N450259;9T04535;;CHYBÍ V UNIQA;Aktivní vozidlo nebylo nalezeno v UNIQA ani Allianz a poznámka TIRBazar neobsahuje informaci o depozitu.
19261;WDB9061331N533258;1SL0708;;CHYBÍ V UNIQA;Aktivní vozidlo nebylo nalezeno v UNIQA ani Allianz a poznámka TIRBazar neobsahuje informaci o depozitu.
19135;WDB9061331N552006;1SL1787;;CHYBÍ V UNIQA;Aktivní vozidlo nebylo nalezeno v UNIQA ani Allianz a poznámka TIRBazar neobsahuje informaci o depozitu.
17982;WDB9061331N571427;6AU4038;;CHYBÍ V UNIQA;Aktivní vozidlo nebylo nalezeno v UNIQA ani Allianz a poznámka TIRBazar neobsahuje informaci o depozitu.
19864;WDB9061331N655095;5SL6570;;CHYBÍ V UNIQA;Aktivní vozidlo nebylo nalezeno v UNIQA ani Allianz a poznámka TIRBazar neobsahuje informaci o depozitu.
17443;WDB9061331N672011;5AR4759;;CHYBÍ V UNIQA;Aktivní vozidlo nebylo nalezeno v UNIQA ani Allianz a poznámka TIRBazar neobsahuje informaci o depozitu.
17983;WDB9061331N722469;6AK1924;;CHYBÍ V UNIQA;Aktivní vozidlo nebylo nalezeno v UNIQA ani Allianz a poznámka TIRBazar neobsahuje informaci o depozitu.
17388;WDB9061331N736335;6AT1776;;CHYBÍ V UNIQA;Aktivní vozidlo nebylo nalezeno v UNIQA ani Allianz a poznámka TIRBazar neobsahuje informaci o depozitu.
18156;WDB9061331N737144;6AR1064;;CHYBÍ V UNIQA;Aktivní vozidlo nebylo nalezeno v UNIQA ani Allianz a poznámka TIRBazar neobsahuje informaci o depozitu.
17445;WDB9061331N737145;6AR1065;;CHYBÍ V UNIQA;Aktivní vozidlo nebylo nalezeno v UNIQA ani Allianz a poznámka TIRBazar neobsahuje informaci o depozitu.
18898;WDB9061351N429679;2SL2605;;CHYBÍ V UNIQA;Aktivní vozidlo nebylo nalezeno v UNIQA ani Allianz a poznámka TIRBazar neobsahuje informaci o depozitu.
19234;WDB9061351N448894;9S30203;;CHYBÍ V UNIQA;Aktivní vozidlo nebylo nalezeno v UNIQA ani Allianz a poznámka TIRBazar neobsahuje informaci o depozitu.
17549;WDB9061351N516065;5AE3131;;CHYBÍ V UNIQA;Aktivní vozidlo nebylo nalezeno v UNIQA ani Allianz a poznámka TIRBazar neobsahuje informaci o depozitu.
18342;WDB9061351N580691;8P20355;;CHYBÍ V UNIQA;Aktivní vozidlo nebylo nalezeno v UNIQA ani Allianz a poznámka TIRBazar neobsahuje informaci o depozitu.
17444;WDB9061351N629629;4AZ9685;;CHYBÍ V UNIQA;Aktivní vozidlo nebylo nalezeno v UNIQA ani Allianz a poznámka TIRBazar neobsahuje informaci o depozitu.
17930;WDB9061351N655522;7P94695;;CHYBÍ V UNIQA;Aktivní vozidlo nebylo nalezeno v UNIQA ani Allianz a poznámka TIRBazar neobsahuje informaci o depozitu.
18734;WDB9061351N710944;8AJ8412;;CHYBÍ V UNIQA;Aktivní vozidlo nebylo nalezeno v UNIQA ani Allianz a poznámka TIRBazar neobsahuje informaci o depozitu.
18330;WDB9061351N722004;6AL6785;;CHYBÍ V UNIQA;Aktivní vozidlo nebylo nalezeno v UNIQA ani Allianz a poznámka TIRBazar neobsahuje informaci o depozitu.
18399;WDB9061351N746069;6Z32542;;CHYBÍ V UNIQA;Aktivní vozidlo nebylo nalezeno v UNIQA ani Allianz a poznámka TIRBazar neobsahuje informaci o depozitu.
19008;WDB9061351N761044;5J96313;;CHYBÍ V UNIQA;Aktivní vozidlo nebylo nalezeno v UNIQA ani Allianz a poznámka TIRBazar neobsahuje informaci o depozitu.
18772;WDB9061351N762466;3SC9416;;CHYBÍ V UNIQA;Aktivní vozidlo nebylo nalezeno v UNIQA ani Allianz a poznámka TIRBazar neobsahuje informaci o depozitu.
18060;WDB9061531N321157;6AN8320;;CHYBÍ V UNIQA;Aktivní vozidlo nebylo nalezeno v UNIQA ani Allianz a poznámka TIRBazar neobsahuje informaci o depozitu.
19472;WDB9061531N341066;9T82356;;CHYBÍ V UNIQA;Aktivní vozidlo nebylo nalezeno v UNIQA ani Allianz a poznámka TIRBazar neobsahuje informaci o depozitu.
19526;WDB9061531N446139;7J28413;;CHYBÍ V UNIQA;Aktivní vozidlo nebylo nalezeno v UNIQA ani Allianz a poznámka TIRBazar neobsahuje informaci o depozitu.
18151;WDB9061531N630028;5E36928;;CHYBÍ V UNIQA;Aktivní vozidlo nebylo nalezeno v UNIQA ani Allianz a poznámka TIRBazar neobsahuje informaci o depozitu.
18717;WDB9061531N698869;6P98416;;CHYBÍ V UNIQA;Aktivní vozidlo nebylo nalezeno v UNIQA ani Allianz a poznámka TIRBazar neobsahuje informaci o depozitu.
18453;WDB9061531N742850;1ABJ389;;CHYBÍ V UNIQA;Aktivní vozidlo nebylo nalezeno v UNIQA ani Allianz a poznámka TIRBazar neobsahuje informaci o depozitu.
19707;WDB9061551N311433;5U00250;;CHYBÍ V UNIQA;Aktivní vozidlo nebylo nalezeno v UNIQA ani Allianz a poznámka TIRBazar neobsahuje informaci o depozitu.
13320;WDB9061551N331996;5AP2700;;CHYBÍ V UNIQA;Aktivní vozidlo nebylo nalezeno v UNIQA ani Allianz a poznámka TIRBazar neobsahuje informaci o depozitu.
18299;WDB9061551N360722;3SD0292;;CHYBÍ V UNIQA;Aktivní vozidlo nebylo nalezeno v UNIQA ani Allianz a poznámka TIRBazar neobsahuje informaci o depozitu.
19295;WDB9061551N369490;4U11277;;CHYBÍ V UNIQA;Aktivní vozidlo nebylo nalezeno v UNIQA ani Allianz a poznámka TIRBazar neobsahuje informaci o depozitu.
19784;WDB9061551N406943;3P95896;;CHYBÍ V UNIQA;Aktivní vozidlo nebylo nalezeno v UNIQA ani Allianz a poznámka TIRBazar neobsahuje informaci o depozitu.
18796;WDB9061551N528442;2SK3476;;CHYBÍ V UNIQA;Aktivní vozidlo nebylo nalezeno v UNIQA ani Allianz a poznámka TIRBazar neobsahuje informaci o depozitu.
17317;WDB9061551N557018;5P78179;;CHYBÍ V UNIQA;Aktivní vozidlo nebylo nalezeno v UNIQA ani Allianz a poznámka TIRBazar neobsahuje informaci o depozitu.
18423;WDB9061551N560624;7AX9033;;CHYBÍ V UNIQA;Aktivní vozidlo nebylo nalezeno v UNIQA ani Allianz a poznámka TIRBazar neobsahuje informaci o depozitu.
17583;WDB9061551N567533;3AT1629;;CHYBÍ V UNIQA;Aktivní vozidlo nebylo nalezeno v UNIQA ani Allianz a poznámka TIRBazar neobsahuje informaci o depozitu.
18037;WDB9061551N567848;3AT9756;;CHYBÍ V UNIQA;Aktivní vozidlo nebylo nalezeno v UNIQA ani Allianz a poznámka TIRBazar neobsahuje informaci o depozitu.
12950;WDB9061551N572098;3AV7073;;CHYBÍ V UNIQA;Aktivní vozidlo nebylo nalezeno v UNIQA ani Allianz a poznámka TIRBazar neobsahuje informaci o depozitu.
18272;WDB9061551N606116;8U33058;;CHYBÍ V UNIQA;Aktivní vozidlo nebylo nalezeno v UNIQA ani Allianz a poznámka TIRBazar neobsahuje informaci o depozitu.
16521;WDB9061551N623922;4AR8459;;CHYBÍ V UNIQA;Aktivní vozidlo nebylo nalezeno v UNIQA ani Allianz a poznámka TIRBazar neobsahuje informaci o depozitu.
19540;WDB9061551N634807;8U10069;;CHYBÍ V UNIQA;Aktivní vozidlo nebylo nalezeno v UNIQA ani Allianz a poznámka TIRBazar neobsahuje informaci o depozitu.
19296;WDB9061551N634808;9U39418;;CHYBÍ V UNIQA;Aktivní vozidlo nebylo nalezeno v UNIQA ani Allianz a poznámka TIRBazar neobsahuje informaci o depozitu.
19541;WDB9061551N674421;8U65271;;CHYBÍ V UNIQA;Aktivní vozidlo nebylo nalezeno v UNIQA ani Allianz a poznámka TIRBazar neobsahuje informaci o depozitu.
16522;WDB9061551N674442;5E79242;;CHYBÍ V UNIQA;Aktivní vozidlo nebylo nalezeno v UNIQA ani Allianz a poznámka TIRBazar neobsahuje informaci o depozitu.
18167;WDB9061551N704663;5L29569;;CHYBÍ V UNIQA;Aktivní vozidlo nebylo nalezeno v UNIQA ani Allianz a poznámka TIRBazar neobsahuje informaci o depozitu.
19542;WDB9061551N708642;9U28409;;CHYBÍ V UNIQA;Aktivní vozidlo nebylo nalezeno v UNIQA ani Allianz a poznámka TIRBazar neobsahuje informaci o depozitu.
18414;WDB9061551N716487;5J77849;;CHYBÍ V UNIQA;Aktivní vozidlo nebylo nalezeno v UNIQA ani Allianz a poznámka TIRBazar neobsahuje informaci o depozitu.
18068;WDB9061551N746882;3SC8763;;CHYBÍ V UNIQA;Aktivní vozidlo nebylo nalezeno v UNIQA ani Allianz a poznámka TIRBazar neobsahuje informaci o depozitu.
18112;WDB9062531N452504;8P74978;;CHYBÍ V UNIQA;Aktivní vozidlo nebylo nalezeno v UNIQA ani Allianz a poznámka TIRBazar neobsahuje informaci o depozitu.
18999;WDB9066111S135867;8P32292;;CHYBÍ V UNIQA;Aktivní vozidlo nebylo nalezeno v UNIQA ani Allianz a poznámka TIRBazar neobsahuje informaci o depozitu.
17736;WDB9066111S880420;3K59484;;CHYBÍ V UNIQA;Aktivní vozidlo nebylo nalezeno v UNIQA ani Allianz a poznámka TIRBazar neobsahuje informaci o depozitu.
18099;WDB9066311S243847;2K35678;;CHYBÍ V UNIQA;Aktivní vozidlo nebylo nalezeno v UNIQA ani Allianz a poznámka TIRBazar neobsahuje informaci o depozitu.
19446;WDB9066331P174026;6M04778;;CHYBÍ V UNIQA;Aktivní vozidlo nebylo nalezeno v UNIQA ani Allianz a poznámka TIRBazar neobsahuje informaci o depozitu.
19841;WDB9066331P175545;1AIE665;;CHYBÍ V UNIQA;Aktivní vozidlo nebylo nalezeno v UNIQA ani Allianz a poznámka TIRBazar neobsahuje informaci o depozitu.
19724;WDB9066331P353132;2BE2275;;CHYBÍ V UNIQA;Aktivní vozidlo nebylo nalezeno v UNIQA ani Allianz a poznámka TIRBazar neobsahuje informaci o depozitu.
18564;WDB9066331P558037;1BT6004;;CHYBÍ V UNIQA;Aktivní vozidlo nebylo nalezeno v UNIQA ani Allianz a poznámka TIRBazar neobsahuje informaci o depozitu.
17748;WDB9066331S218197;2AT4855;;CHYBÍ V UNIQA;Aktivní vozidlo nebylo nalezeno v UNIQA ani Allianz a poznámka TIRBazar neobsahuje informaci o depozitu.
17778;WDB9066331S355524;4C22630;;CHYBÍ V UNIQA;Aktivní vozidlo nebylo nalezeno v UNIQA ani Allianz a poznámka TIRBazar neobsahuje informaci o depozitu.
19821;WDB9066331S391998;1BE7203;;CHYBÍ V UNIQA;Aktivní vozidlo nebylo nalezeno v UNIQA ani Allianz a poznámka TIRBazar neobsahuje informaci o depozitu.
19844;WDB9066331S556524;1AIA088;;CHYBÍ V UNIQA;Aktivní vozidlo nebylo nalezeno v UNIQA ani Allianz a poznámka TIRBazar neobsahuje informaci o depozitu.
19102;WDB9066331S649202;2ST0095;;CHYBÍ V UNIQA;Aktivní vozidlo nebylo nalezeno v UNIQA ani Allianz a poznámka TIRBazar neobsahuje informaci o depozitu.
18045;WDB9066331S670176;8B36662;;CHYBÍ V UNIQA;Aktivní vozidlo nebylo nalezeno v UNIQA ani Allianz a poznámka TIRBazar neobsahuje informaci o depozitu.
18646;WDB9066331S670177;8B36661;;CHYBÍ V UNIQA;Aktivní vozidlo nebylo nalezeno v UNIQA ani Allianz a poznámka TIRBazar neobsahuje informaci o depozitu.
17813;WDB9066331S863060;3AU6611;;CHYBÍ V UNIQA;Aktivní vozidlo nebylo nalezeno v UNIQA ani Allianz a poznámka TIRBazar neobsahuje informaci o depozitu.
17652;WDB9066331S924237;7P44040;;CHYBÍ V UNIQA;Aktivní vozidlo nebylo nalezeno v UNIQA ani Allianz a poznámka TIRBazar neobsahuje informaci o depozitu.
17821;WDB9066331S948248;3SH5804;;CHYBÍ V UNIQA;Aktivní vozidlo nebylo nalezeno v UNIQA ani Allianz a poznámka TIRBazar neobsahuje informaci o depozitu.
18428;WDB9066331S958462;1BA8784;;CHYBÍ V UNIQA;Aktivní vozidlo nebylo nalezeno v UNIQA ani Allianz a poznámka TIRBazar neobsahuje informaci o depozitu.
16727;WDB9066351P180536;2TA4230;;CHYBÍ V UNIQA;Aktivní vozidlo nebylo nalezeno v UNIQA ani Allianz a poznámka TIRBazar neobsahuje informaci o depozitu.
19842;WDB9066351P297254;7SB4270;;CHYBÍ V UNIQA;Aktivní vozidlo nebylo nalezeno v UNIQA ani Allianz a poznámka TIRBazar neobsahuje informaci o depozitu.
19404;WDB9066351P300255;6AJ7434;;CHYBÍ V UNIQA;Aktivní vozidlo nebylo nalezeno v UNIQA ani Allianz a poznámka TIRBazar neobsahuje informaci o depozitu.
17705;WDB9066351P332623;1TN6949;;CHYBÍ V UNIQA;Aktivní vozidlo nebylo nalezeno v UNIQA ani Allianz a poznámka TIRBazar neobsahuje informaci o depozitu.
19372;WDB9066351P365402;5L40187;;CHYBÍ V UNIQA;Aktivní vozidlo nebylo nalezeno v UNIQA ani Allianz a poznámka TIRBazar neobsahuje informaci o depozitu.
18598;WDB9066351P389247;5SY9055;;CHYBÍ V UNIQA;Aktivní vozidlo nebylo nalezeno v UNIQA ani Allianz a poznámka TIRBazar neobsahuje informaci o depozitu.
16801;WDB9066351P504239;1TV1380;;CHYBÍ V UNIQA;Aktivní vozidlo nebylo nalezeno v UNIQA ani Allianz a poznámka TIRBazar neobsahuje informaci o depozitu.
19847;WDB9066351P530347;6Z05602;;CHYBÍ V UNIQA;Aktivní vozidlo nebylo nalezeno v UNIQA ani Allianz a poznámka TIRBazar neobsahuje informaci o depozitu.
16800;WDB9066351P539475;2TA9107;;CHYBÍ V UNIQA;Aktivní vozidlo nebylo nalezeno v UNIQA ani Allianz a poznámka TIRBazar neobsahuje informaci o depozitu.
19374;WDB9066351P611411;7J54623;;CHYBÍ V UNIQA;Aktivní vozidlo nebylo nalezeno v UNIQA ani Allianz a poznámka TIRBazar neobsahuje informaci o depozitu.
18997;WDB9066351S126157;3AA7356;;CHYBÍ V UNIQA;Aktivní vozidlo nebylo nalezeno v UNIQA ani Allianz a poznámka TIRBazar neobsahuje informaci o depozitu.
18606;WDB9066351S525891;4AF8634;;CHYBÍ V UNIQA;Aktivní vozidlo nebylo nalezeno v UNIQA ani Allianz a poznámka TIRBazar neobsahuje informaci o depozitu.
19123;WDB9066351S608491;8H25924;;CHYBÍ V UNIQA;Aktivní vozidlo nebylo nalezeno v UNIQA ani Allianz a poznámka TIRBazar neobsahuje informaci o depozitu.
17812;WDB9066351S909046;4SB7682;;CHYBÍ V UNIQA;Aktivní vozidlo nebylo nalezeno v UNIQA ani Allianz a poznámka TIRBazar neobsahuje informaci o depozitu.
19843;WDB9066351S918389;6SU1224;;CHYBÍ V UNIQA;Aktivní vozidlo nebylo nalezeno v UNIQA ani Allianz a poznámka TIRBazar neobsahuje informaci o depozitu.
18727;WDB906635GP208048;2BT8225;;CHYBÍ V UNIQA;Aktivní vozidlo nebylo nalezeno v UNIQA ani Allianz a poznámka TIRBazar neobsahuje informaci o depozitu.
19176;WDB9066371P150725;4AT1216;;CHYBÍ V UNIQA;Aktivní vozidlo nebylo nalezeno v UNIQA ani Allianz a poznámka TIRBazar neobsahuje informaci o depozitu.
17318;WDB9066371P189543;4AZ3877;;CHYBÍ V UNIQA;Aktivní vozidlo nebylo nalezeno v UNIQA ani Allianz a poznámka TIRBazar neobsahuje informaci o depozitu.
18178;WDB9066371P192128;1AEN882;;CHYBÍ V UNIQA;Aktivní vozidlo nebylo nalezeno v UNIQA ani Allianz a poznámka TIRBazar neobsahuje informaci o depozitu.
16726;WDB9066371P263497;9AN7225;;CHYBÍ V UNIQA;Aktivní vozidlo nebylo nalezeno v UNIQA ani Allianz a poznámka TIRBazar neobsahuje informaci o depozitu.
18908;WDB9066371P308156;4SZ0619;;CHYBÍ V UNIQA;Aktivní vozidlo nebylo nalezeno v UNIQA ani Allianz a poznámka TIRBazar neobsahuje informaci o depozitu.
19145;WDB9066371P506859;6AF6040;;CHYBÍ V UNIQA;Aktivní vozidlo nebylo nalezeno v UNIQA ani Allianz a poznámka TIRBazar neobsahuje informaci o depozitu.
19339;WDB9066371S824350;2SI8374;;CHYBÍ V UNIQA;Aktivní vozidlo nebylo nalezeno v UNIQA ani Allianz a poznámka TIRBazar neobsahuje informaci o depozitu.
17167;WDB9066551P271260;5AM5559;;CHYBÍ V UNIQA;Aktivní vozidlo nebylo nalezeno v UNIQA ani Allianz a poznámka TIRBazar neobsahuje informaci o depozitu.
17572;WDB9066551P284713;5AM4059;;CHYBÍ V UNIQA;Aktivní vozidlo nebylo nalezeno v UNIQA ani Allianz a poznámka TIRBazar neobsahuje informaci o depozitu.
17154;WDB9066551S276353;3H81427;;CHYBÍ V UNIQA;Aktivní vozidlo nebylo nalezeno v UNIQA ani Allianz a poznámka TIRBazar neobsahuje informaci o depozitu.
18456;WDB9066571P186004;4AY1398;;CHYBÍ V UNIQA;Aktivní vozidlo nebylo nalezeno v UNIQA ani Allianz a poznámka TIRBazar neobsahuje informaci o depozitu.
18360;WDB9066571P556470;8AK9877;;CHYBÍ V UNIQA;Aktivní vozidlo nebylo nalezeno v UNIQA ani Allianz a poznámka TIRBazar neobsahuje informaci o depozitu.
19562;WDB9066571S682491;3AE0438;;CHYBÍ V UNIQA;Aktivní vozidlo nebylo nalezeno v UNIQA ani Allianz a poznámka TIRBazar neobsahuje informaci o depozitu.
18595;WDB9066571S836962;3AZ6763;;CHYBÍ V UNIQA;Aktivní vozidlo nebylo nalezeno v UNIQA ani Allianz a poznámka TIRBazar neobsahuje informaci o depozitu.
18195;WDB9066571S949109;4AK4879;;CHYBÍ V UNIQA;Aktivní vozidlo nebylo nalezeno v UNIQA ani Allianz a poznámka TIRBazar neobsahuje informaci o depozitu.
19512;WDB9067131S743998;2SJ5512;;CHYBÍ V UNIQA;Aktivní vozidlo nebylo nalezeno v UNIQA ani Allianz a poznámka TIRBazar neobsahuje informaci o depozitu.
17382;WDB9067331S906218;8U06358;;CHYBÍ V UNIQA;Aktivní vozidlo nebylo nalezeno v UNIQA ani Allianz a poznámka TIRBazar neobsahuje informaci o depozitu.
18955;WDB9067351P392406;6AC3240;;CHYBÍ V UNIQA;Aktivní vozidlo nebylo nalezeno v UNIQA ani Allianz a poznámka TIRBazar neobsahuje informaci o depozitu.
19748;WDB9071351N003566;3SV5237;;CHYBÍ V UNIQA;Aktivní vozidlo nebylo nalezeno v UNIQA ani Allianz a poznámka TIRBazar neobsahuje informaci o depozitu.
17825;WDB9071351N021865;1TT4271;;CHYBÍ V UNIQA;Aktivní vozidlo nebylo nalezeno v UNIQA ani Allianz a poznámka TIRBazar neobsahuje informaci o depozitu.
17826;WDB9071351N022369;1TS3749;;CHYBÍ V UNIQA;Aktivní vozidlo nebylo nalezeno v UNIQA ani Allianz a poznámka TIRBazar neobsahuje informaci o depozitu.
17720;WDB9071351N024086;2BM6185;;CHYBÍ V UNIQA;Aktivní vozidlo nebylo nalezeno v UNIQA ani Allianz a poznámka TIRBazar neobsahuje informaci o depozitu.
19492;WDB9071351N043996;4H26944;;CHYBÍ V UNIQA;Aktivní vozidlo nebylo nalezeno v UNIQA ani Allianz a poznámka TIRBazar neobsahuje informaci o depozitu.
19324;WDB9071351N056239;TAB88888;;CHYBÍ V UNIQA;Aktivní vozidlo nebylo nalezeno v UNIQA ani Allianz a poznámka TIRBazar neobsahuje informaci o depozitu.
19862;WDB9071351N056959;3SV5405;;CHYBÍ V UNIQA;Aktivní vozidlo nebylo nalezeno v UNIQA ani Allianz a poznámka TIRBazar neobsahuje informaci o depozitu.
18070;WDB9071551N006457;1BZ4855;;CHYBÍ V UNIQA;Aktivní vozidlo nebylo nalezeno v UNIQA ani Allianz a poznámka TIRBazar neobsahuje informaci o depozitu.
18922;WDB9071551N068343;2BF8319;;CHYBÍ V UNIQA;Aktivní vozidlo nebylo nalezeno v UNIQA ani Allianz a poznámka TIRBazar neobsahuje informaci o depozitu.
18113;WDB9076331P148375;4SX2783;;CHYBÍ V UNIQA;Aktivní vozidlo nebylo nalezeno v UNIQA ani Allianz a poznámka TIRBazar neobsahuje informaci o depozitu.
18610;WDB9076351P005079;7J19767;;CHYBÍ V UNIQA;Aktivní vozidlo nebylo nalezeno v UNIQA ani Allianz a poznámka TIRBazar neobsahuje informaci o depozitu.
16962;WDB9076351P005973;1TV1379;;CHYBÍ V UNIQA;Aktivní vozidlo nebylo nalezeno v UNIQA ani Allianz a poznámka TIRBazar neobsahuje informaci o depozitu.
16963;WDB9076351P006136;1TV1364;;CHYBÍ V UNIQA;Aktivní vozidlo nebylo nalezeno v UNIQA ani Allianz a poznámka TIRBazar neobsahuje informaci o depozitu.
16961;WDB9076351P006139;1TV1367;;CHYBÍ V UNIQA;Aktivní vozidlo nebylo nalezeno v UNIQA ani Allianz a poznámka TIRBazar neobsahuje informaci o depozitu.
16960;WDB9076351P006144;2TA4276;;CHYBÍ V UNIQA;Aktivní vozidlo nebylo nalezeno v UNIQA ani Allianz a poznámka TIRBazar neobsahuje informaci o depozitu.
19639;WDB9076351P018417;3SD0448;;CHYBÍ V UNIQA;Aktivní vozidlo nebylo nalezeno v UNIQA ani Allianz a poznámka TIRBazar neobsahuje informaci o depozitu.
19057;WDB9076351P022450;1UR3800;;CHYBÍ V UNIQA;Aktivní vozidlo nebylo nalezeno v UNIQA ani Allianz a poznámka TIRBazar neobsahuje informaci o depozitu.
18897;WDB9076371P061517;;;CHYBÍ V UNIQA;Aktivní vozidlo nebylo nalezeno v UNIQA ani Allianz a poznámka TIRBazar neobsahuje informaci o depozitu.
18833;WDB9101331N048061;8AF3524;;CHYBÍ V UNIQA;Aktivní vozidlo nebylo nalezeno v UNIQA ani Allianz a poznámka TIRBazar neobsahuje informaci o depozitu.
19006;WDB9720321L514996;5P83378;;CHYBÍ V UNIQA;Aktivní vozidlo nebylo nalezeno v UNIQA ani Allianz a poznámka TIRBazar neobsahuje informaci o depozitu.
17250;WDC1569121J346313;9AM8423;;CHYBÍ V UNIQA;Aktivní vozidlo nebylo nalezeno v UNIQA ani Allianz a poznámka TIRBazar neobsahuje informaci o depozitu.
18569;WDC1668241A264157;5SL6290;;CHYBÍ V UNIQA;Aktivní vozidlo nebylo nalezeno v UNIQA ani Allianz a poznámka TIRBazar neobsahuje informaci o depozitu.
19218;WDC1668241A682756;6AE9516;;CHYBÍ V UNIQA;Aktivní vozidlo nebylo nalezeno v UNIQA ani Allianz a poznámka TIRBazar neobsahuje informaci o depozitu.
18154;WDC1668241A816094;5AT9891;;CHYBÍ V UNIQA;Aktivní vozidlo nebylo nalezeno v UNIQA ani Allianz a poznámka TIRBazar neobsahuje informaci o depozitu.
17995;WDC2533051F268205;7P11496;;CHYBÍ V UNIQA;Aktivní vozidlo nebylo nalezeno v UNIQA ani Allianz a poznámka TIRBazar neobsahuje informaci o depozitu.
18698;WDC2539151V198673;7AT3498;;CHYBÍ V UNIQA;Aktivní vozidlo nebylo nalezeno v UNIQA ani Allianz a poznámka TIRBazar neobsahuje informaci o depozitu.
17142;WDC2539251F343167;3SC9661;;CHYBÍ V UNIQA;Aktivní vozidlo nebylo nalezeno v UNIQA ani Allianz a poznámka TIRBazar neobsahuje informaci o depozitu.
17818;WDD1173031N021352;6AH9741;;CHYBÍ V UNIQA;Aktivní vozidlo nebylo nalezeno v UNIQA ani Allianz a poznámka TIRBazar neobsahuje informaci o depozitu.
18046;WDD1760121J347461;1ACJ475;;CHYBÍ V UNIQA;Aktivní vozidlo nebylo nalezeno v UNIQA ani Allianz a poznámka TIRBazar neobsahuje informaci o depozitu.
18100;WDD1760121J356591;1ACJ586;;CHYBÍ V UNIQA;Aktivní vozidlo nebylo nalezeno v UNIQA ani Allianz a poznámka TIRBazar neobsahuje informaci o depozitu.
18512;WDD1760121J578398;9P05954;;CHYBÍ V UNIQA;Aktivní vozidlo nebylo nalezeno v UNIQA ani Allianz a poznámka TIRBazar neobsahuje informaci o depozitu.
17722;WDD1771871W012129;4K67714;;CHYBÍ V UNIQA;Aktivní vozidlo nebylo nalezeno v UNIQA ani Allianz a poznámka TIRBazar neobsahuje informaci o depozitu.
18611;WDD2050051R376601;7AE7344;;CHYBÍ V UNIQA;Aktivní vozidlo nebylo nalezeno v UNIQA ani Allianz a poznámka TIRBazar neobsahuje informaci o depozitu.
17488;WDD2130051A599192;;;CHYBÍ V UNIQA;Aktivní vozidlo nebylo nalezeno v UNIQA ani Allianz a poznámka TIRBazar neobsahuje informaci o depozitu.
17453;WDD2130051A739030;7AY4177;;CHYBÍ V UNIQA;Aktivní vozidlo nebylo nalezeno v UNIQA ani Allianz a poznámka TIRBazar neobsahuje informaci o depozitu.
17843;WDD2221321A202987;7AF7070;;CHYBÍ V UNIQA;Aktivní vozidlo nebylo nalezeno v UNIQA ani Allianz a poznámka TIRBazar neobsahuje informaci o depozitu.
17643;WDD2573231A022711;7AS2803;;CHYBÍ V UNIQA;Aktivní vozidlo nebylo nalezeno v UNIQA ani Allianz a poznámka TIRBazar neobsahuje informaci o depozitu.
16964;WDDNG71X58A175698;6AS5589;;CHYBÍ V UNIQA;Aktivní vozidlo nebylo nalezeno v UNIQA ani Allianz a poznámka TIRBazar neobsahuje informaci o depozitu.
18292;WDF4156031U152459;5L21813;;CHYBÍ V UNIQA;Aktivní vozidlo nebylo nalezeno v UNIQA ani Allianz a poznámka TIRBazar neobsahuje informaci o depozitu.
17933;WDF4156031U215073;6AU4315;;CHYBÍ V UNIQA;Aktivní vozidlo nebylo nalezeno v UNIQA ani Allianz a poznámka TIRBazar neobsahuje informaci o depozitu.
17932;WDF4156031U215074;6AU1342;;CHYBÍ V UNIQA;Aktivní vozidlo nebylo nalezeno v UNIQA ani Allianz a poznámka TIRBazar neobsahuje informaci o depozitu.
17300;WDF4156031U229881;6AR8956;;CHYBÍ V UNIQA;Aktivní vozidlo nebylo nalezeno v UNIQA ani Allianz a poznámka TIRBazar neobsahuje informaci o depozitu.
17310;WDF4156031U229882;6AR4279;;CHYBÍ V UNIQA;Aktivní vozidlo nebylo nalezeno v UNIQA ani Allianz a poznámka TIRBazar neobsahuje informaci o depozitu.
17954;WDF44760313071906;1BE7135;;CHYBÍ V UNIQA;Aktivní vozidlo nebylo nalezeno v UNIQA ani Allianz a poznámka TIRBazar neobsahuje informaci o depozitu.
17721;WDF44760313071962;1BE7139;;CHYBÍ V UNIQA;Aktivní vozidlo nebylo nalezeno v UNIQA ani Allianz a poznámka TIRBazar neobsahuje informaci o depozitu.
17785;WDF44760313341701;8AL7359;;CHYBÍ V UNIQA;Aktivní vozidlo nebylo nalezeno v UNIQA ani Allianz a poznámka TIRBazar neobsahuje informaci o depozitu.
16060;WDF44760513202019;5AU1054;;CHYBÍ V UNIQA;Aktivní vozidlo nebylo nalezeno v UNIQA ani Allianz a poznámka TIRBazar neobsahuje informaci o depozitu.
16118;WDF44760513202055;5AU1055;;CHYBÍ V UNIQA;Aktivní vozidlo nebylo nalezeno v UNIQA ani Allianz a poznámka TIRBazar neobsahuje informaci o depozitu.
19934;WDF44760513207672;5SF4770;;CHYBÍ V UNIQA;Aktivní vozidlo nebylo nalezeno v UNIQA ani Allianz a poznámka TIRBazar neobsahuje informaci o depozitu.
16119;WDF44760513221674;5AY4883;;CHYBÍ V UNIQA;Aktivní vozidlo nebylo nalezeno v UNIQA ani Allianz a poznámka TIRBazar neobsahuje informaci o depozitu.
16123;WDF44760513240044;6AA4008;;CHYBÍ V UNIQA;Aktivní vozidlo nebylo nalezeno v UNIQA ani Allianz a poznámka TIRBazar neobsahuje informaci o depozitu.
16122;WDF44760513248412;5AZ6055;;CHYBÍ V UNIQA;Aktivní vozidlo nebylo nalezeno v UNIQA ani Allianz a poznámka TIRBazar neobsahuje informaci o depozitu.
18613;WDF44770313123604;7AL1812;;CHYBÍ V UNIQA;Aktivní vozidlo nebylo nalezeno v UNIQA ani Allianz a poznámka TIRBazar neobsahuje informaci o depozitu.
17474;WDF44770313308267;6AF5767;;CHYBÍ V UNIQA;Aktivní vozidlo nebylo nalezeno v UNIQA ani Allianz a poznámka TIRBazar neobsahuje informaci o depozitu.
17165;WDF44770313394371;9AP1261;;CHYBÍ V UNIQA;Aktivní vozidlo nebylo nalezeno v UNIQA ani Allianz a poznámka TIRBazar neobsahuje informaci o depozitu.
18656;WDF44770513162448;8C04430;;CHYBÍ V UNIQA;Aktivní vozidlo nebylo nalezeno v UNIQA ani Allianz a poznámka TIRBazar neobsahuje informaci o depozitu.
18660;WDF44770513195988;5AR4778;;CHYBÍ V UNIQA;Aktivní vozidlo nebylo nalezeno v UNIQA ani Allianz a poznámka TIRBazar neobsahuje informaci o depozitu.
17613;WDF44770513614159;8AX2060;;CHYBÍ V UNIQA;Aktivní vozidlo nebylo nalezeno v UNIQA ani Allianz a poznámka TIRBazar neobsahuje informaci o depozitu.
19668;WDF4702521G039342;7AZ1282;;CHYBÍ V UNIQA;Aktivní vozidlo nebylo nalezeno v UNIQA ani Allianz a poznámka TIRBazar neobsahuje informaci o depozitu.
17938;WDF63960313135780;1AK7506;;CHYBÍ V UNIQA;Aktivní vozidlo nebylo nalezeno v UNIQA ani Allianz a poznámka TIRBazar neobsahuje informaci o depozitu.
17412;WDF63960313556922;7B03598;;CHYBÍ V UNIQA;Aktivní vozidlo nebylo nalezeno v UNIQA ani Allianz a poznámka TIRBazar neobsahuje informaci o depozitu.
19107;WDF63960313759548;2AZ7195;;CHYBÍ V UNIQA;Aktivní vozidlo nebylo nalezeno v UNIQA ani Allianz a poznámka TIRBazar neobsahuje informaci o depozitu.
19559;WDF63960313905493;3SH1247;;CHYBÍ V UNIQA;Aktivní vozidlo nebylo nalezeno v UNIQA ani Allianz a poznámka TIRBazar neobsahuje informaci o depozitu.
18912;WDF63970513088655;3AM9786;;CHYBÍ V UNIQA;Aktivní vozidlo nebylo nalezeno v UNIQA ani Allianz a poznámka TIRBazar neobsahuje informaci o depozitu.
18396;WDF63970513221130;7A85157;;CHYBÍ V UNIQA;Aktivní vozidlo nebylo nalezeno v UNIQA ani Allianz a poznámka TIRBazar neobsahuje informaci o depozitu.
19517;WDF63970513857028;9C68368;;CHYBÍ V UNIQA;Aktivní vozidlo nebylo nalezeno v UNIQA ani Allianz a poznámka TIRBazar neobsahuje informaci o depozitu.
17958;WDF63971113728121;1UM2178;;CHYBÍ V UNIQA;Aktivní vozidlo nebylo nalezeno v UNIQA ani Allianz a poznámka TIRBazar neobsahuje informaci o depozitu.
18737;WDF63981113712736;8C95414;;CHYBÍ V UNIQA;Aktivní vozidlo nebylo nalezeno v UNIQA ani Allianz a poznámka TIRBazar neobsahuje informaci o depozitu.
18771;WDF63981313500965;1AD2942;;CHYBÍ V UNIQA;Aktivní vozidlo nebylo nalezeno v UNIQA ani Allianz a poznámka TIRBazar neobsahuje informaci o depozitu.
18945;WDF63981313661614;4AZ2940;;CHYBÍ V UNIQA;Aktivní vozidlo nebylo nalezeno v UNIQA ani Allianz a poznámka TIRBazar neobsahuje informaci o depozitu.
19117;WF01XXTTG1ES81333;4K92934;;CHYBÍ V UNIQA;Aktivní vozidlo nebylo nalezeno v UNIQA ani Allianz a poznámka TIRBazar neobsahuje informaci o depozitu.
17182;WF01XXTTG1JU26486;5SH9958;;CHYBÍ V UNIQA;Aktivní vozidlo nebylo nalezeno v UNIQA ani Allianz a poznámka TIRBazar neobsahuje informaci o depozitu.
18888;WF01XXTTG1LS21783;9AC5544;;CHYBÍ V UNIQA;Aktivní vozidlo nebylo nalezeno v UNIQA ani Allianz a poznámka TIRBazar neobsahuje informaci o depozitu.
19406;WF01XXTTG1NP05791;1AKY678;;CHYBÍ V UNIQA;Aktivní vozidlo nebylo nalezeno v UNIQA ani Allianz a poznámka TIRBazar neobsahuje informaci o depozitu.
19385;WF02XXTTG2EU29011;5E03826;;CHYBÍ V UNIQA;Aktivní vozidlo nebylo nalezeno v UNIQA ani Allianz a poznámka TIRBazar neobsahuje informaci o depozitu.
18840;WF02XXTTG2JY05975;7AI0798;;CHYBÍ V UNIQA;Aktivní vozidlo nebylo nalezeno v UNIQA ani Allianz a poznámka TIRBazar neobsahuje informaci o depozitu.
17671;WF04XXWPG4GR04000;2TC2606;;CHYBÍ V UNIQA;Aktivní vozidlo nebylo nalezeno v UNIQA ani Allianz a poznámka TIRBazar neobsahuje informaci o depozitu.
17842;WF05XXTTF5BY57102;7H09023;;CHYBÍ V UNIQA;Aktivní vozidlo nebylo nalezeno v UNIQA ani Allianz a poznámka TIRBazar neobsahuje informaci o depozitu.
19594;WF0AXXBDFA5D81795;1AB0758;;CHYBÍ V UNIQA;Aktivní vozidlo nebylo nalezeno v UNIQA ani Allianz a poznámka TIRBazar neobsahuje informaci o depozitu.
17364;WF0DXXTTGDEG42860;4AP7454;;CHYBÍ V UNIQA;Aktivní vozidlo nebylo nalezeno v UNIQA ani Allianz a poznámka TIRBazar neobsahuje informaci o depozitu.
19461;WF0DXXTTGDFJ58299;5AY9300;;CHYBÍ V UNIQA;Aktivní vozidlo nebylo nalezeno v UNIQA ani Allianz a poznámka TIRBazar neobsahuje informaci o depozitu.
18832;WF0DXXTTGDGC68764;5AS0200;;CHYBÍ V UNIQA;Aktivní vozidlo nebylo nalezeno v UNIQA ani Allianz a poznámka TIRBazar neobsahuje informaci o depozitu.
17885;WF0DXXTTGDGY86921;8U69276;;CHYBÍ V UNIQA;Aktivní vozidlo nebylo nalezeno v UNIQA ani Allianz a poznámka TIRBazar neobsahuje informaci o depozitu.
19575;WF0DXXTTGDGY87226;8U69329;;CHYBÍ V UNIQA;Aktivní vozidlo nebylo nalezeno v UNIQA ani Allianz a poznámka TIRBazar neobsahuje informaci o depozitu.
19254;WF0DXXTTGDGY87238;8U69271;;CHYBÍ V UNIQA;Aktivní vozidlo nebylo nalezeno v UNIQA ani Allianz a poznámka TIRBazar neobsahuje informaci o depozitu.
17703;WF0DXXTTGDHA46361;2BR8441;;CHYBÍ V UNIQA;Aktivní vozidlo nebylo nalezeno v UNIQA ani Allianz a poznámka TIRBazar neobsahuje informaci o depozitu.
18097;WF0DXXTTGDJS45621;2BR8270;;CHYBÍ V UNIQA;Aktivní vozidlo nebylo nalezeno v UNIQA ani Allianz a poznámka TIRBazar neobsahuje informaci o depozitu.
18116;WF0EXXTTGEFP37350;1ADK387;;CHYBÍ V UNIQA;Aktivní vozidlo nebylo nalezeno v UNIQA ani Allianz a poznámka TIRBazar neobsahuje informaci o depozitu.
17590;WF0EXXTTGEGR00183;5L20497;;CHYBÍ V UNIQA;Aktivní vozidlo nebylo nalezeno v UNIQA ani Allianz a poznámka TIRBazar neobsahuje informaci o depozitu.
17589;WF0EXXTTGEJY04865;5L49883;;CHYBÍ V UNIQA;Aktivní vozidlo nebylo nalezeno v UNIQA ani Allianz a poznámka TIRBazar neobsahuje informaci o depozitu.
18121;WF0EXXTTRELR04116;6SD9861;;CHYBÍ V UNIQA;Aktivní vozidlo nebylo nalezeno v UNIQA ani Allianz a poznámka TIRBazar neobsahuje informaci o depozitu.
19058;WF0FXXBDFF8S36390;2SB1604;;CHYBÍ V UNIQA;Aktivní vozidlo nebylo nalezeno v UNIQA ani Allianz a poznámka TIRBazar neobsahuje informaci o depozitu.
19753;WF0FXXTTFF6P45766;7B16293;;CHYBÍ V UNIQA;Aktivní vozidlo nebylo nalezeno v UNIQA ani Allianz a poznámka TIRBazar neobsahuje informaci o depozitu.
18339;WF0FXXTTFF7E31383;1AL3241;;CHYBÍ V UNIQA;Aktivní vozidlo nebylo nalezeno v UNIQA ani Allianz a poznámka TIRBazar neobsahuje informaci o depozitu.
18670;WF0FXXTTFF7E37250;2SI9630;;CHYBÍ V UNIQA;Aktivní vozidlo nebylo nalezeno v UNIQA ani Allianz a poznámka TIRBazar neobsahuje informaci o depozitu.
17656;WF0FXXTTFF8A35699;4SV3892;;CHYBÍ V UNIQA;Aktivní vozidlo nebylo nalezeno v UNIQA ani Allianz a poznámka TIRBazar neobsahuje informaci o depozitu.
18132;WF0FXXTTFF8G56223;5H06786;;CHYBÍ V UNIQA;Aktivní vozidlo nebylo nalezeno v UNIQA ani Allianz a poznámka TIRBazar neobsahuje informaci o depozitu.
16930;WF0FXXTTFF8L10654;3J42094;;CHYBÍ V UNIQA;Aktivní vozidlo nebylo nalezeno v UNIQA ani Allianz a poznámka TIRBazar neobsahuje informaci o depozitu.
18352;WF0FXXTTFF8R18211;8S79700;;CHYBÍ V UNIQA;Aktivní vozidlo nebylo nalezeno v UNIQA ani Allianz a poznámka TIRBazar neobsahuje informaci o depozitu.
17815;WF0FXXTTFF9R22116;3L85785;;CHYBÍ V UNIQA;Aktivní vozidlo nebylo nalezeno v UNIQA ani Allianz a poznámka TIRBazar neobsahuje informaci o depozitu.
19050;WF0FXXTTFFAG17348;1TL8104;;CHYBÍ V UNIQA;Aktivní vozidlo nebylo nalezeno v UNIQA ani Allianz a poznámka TIRBazar neobsahuje informaci o depozitu.
17298;WF0FXXTTFFBK45150;8B81398;;CHYBÍ V UNIQA;Aktivní vozidlo nebylo nalezeno v UNIQA ani Allianz a poznámka TIRBazar neobsahuje informaci o depozitu.
19537;WF0FXXTTFFBK46592;6U63410;;CHYBÍ V UNIQA;Aktivní vozidlo nebylo nalezeno v UNIQA ani Allianz a poznámka TIRBazar neobsahuje informaci o depozitu.
18340;WF0FXXTTFFBP12830;8AE0717;;CHYBÍ V UNIQA;Aktivní vozidlo nebylo nalezeno v UNIQA ani Allianz a poznámka TIRBazar neobsahuje informaci o depozitu.
19538;WF0FXXTTFFBU58966;6U76562;;CHYBÍ V UNIQA;Aktivní vozidlo nebylo nalezeno v UNIQA ani Allianz a poznámka TIRBazar neobsahuje informaci o depozitu.
17196;WF0FXXTTFFBU63468;4M97279;;CHYBÍ V UNIQA;Aktivní vozidlo nebylo nalezeno v UNIQA ani Allianz a poznámka TIRBazar neobsahuje informaci o depozitu.
18357;WF0FXXTTFFCL35250;3SC8624;;CHYBÍ V UNIQA;Aktivní vozidlo nebylo nalezeno v UNIQA ani Allianz a poznámka TIRBazar neobsahuje informaci o depozitu.
19449;WF0FXXTTFFCR75551;6U87089;;CHYBÍ V UNIQA;Aktivní vozidlo nebylo nalezeno v UNIQA ani Allianz a poznámka TIRBazar neobsahuje informaci o depozitu.
17183;WF0FXXTTFFDC52904;2SK7665;;CHYBÍ V UNIQA;Aktivní vozidlo nebylo nalezeno v UNIQA ani Allianz a poznámka TIRBazar neobsahuje informaci o depozitu.
17997;WF0FXXTTFFDM14247;6AZ5147;;CHYBÍ V UNIQA;Aktivní vozidlo nebylo nalezeno v UNIQA ani Allianz a poznámka TIRBazar neobsahuje informaci o depozitu.
19049;WF0FXXTTFFDP43577;1TL8559;;CHYBÍ V UNIQA;Aktivní vozidlo nebylo nalezeno v UNIQA ani Allianz a poznámka TIRBazar neobsahuje informaci o depozitu.
17315;WF0FXXTTFFDR77450;4SE4765;;CHYBÍ V UNIQA;Aktivní vozidlo nebylo nalezeno v UNIQA ani Allianz a poznámka TIRBazar neobsahuje informaci o depozitu.
17494;WF0FXXTTGFEA19901;8C99534;;CHYBÍ V UNIQA;Aktivní vozidlo nebylo nalezeno v UNIQA ani Allianz a poznámka TIRBazar neobsahuje informaci o depozitu.
17049;WF0FXXTTGFFC77930;7AI2095;;CHYBÍ V UNIQA;Aktivní vozidlo nebylo nalezeno v UNIQA ani Allianz a poznámka TIRBazar neobsahuje informaci o depozitu.
18904;WF0HXXTTGHGK87591;1CA7270;;CHYBÍ V UNIQA;Aktivní vozidlo nebylo nalezeno v UNIQA ani Allianz a poznámka TIRBazar neobsahuje informaci o depozitu.
19063;WF0KXXTTGKJA70710;4SK3896;;CHYBÍ V UNIQA;Aktivní vozidlo nebylo nalezeno v UNIQA ani Allianz a poznámka TIRBazar neobsahuje informaci o depozitu.
18110;WF0KXXTTGKJM57340;4SI9478;;CHYBÍ V UNIQA;Aktivní vozidlo nebylo nalezeno v UNIQA ani Allianz a poznámka TIRBazar neobsahuje informaci o depozitu.
18770;WF0NXXTTFN6G51682;6U41895;;CHYBÍ V UNIQA;Aktivní vozidlo nebylo nalezeno v UNIQA ani Allianz a poznámka TIRBazar neobsahuje informaci o depozitu.
17592;WF0NXXTTFNBM06811;3L99984;;CHYBÍ V UNIQA;Aktivní vozidlo nebylo nalezeno v UNIQA ani Allianz a poznámka TIRBazar neobsahuje informaci o depozitu.
19868;WF0NXXTTFNDR01149;5SP6017;;CHYBÍ V UNIQA;Aktivní vozidlo nebylo nalezeno v UNIQA ani Allianz a poznámka TIRBazar neobsahuje informaci o depozitu.
17733;WF0PXXTTFP4Y57048;6U97329;;CHYBÍ V UNIQA;Aktivní vozidlo nebylo nalezeno v UNIQA ani Allianz a poznámka TIRBazar neobsahuje informaci o depozitu.
17327;WF0RXXWPGREP41596;4AI1688;;CHYBÍ V UNIQA;Aktivní vozidlo nebylo nalezeno v UNIQA ani Allianz a poznámka TIRBazar neobsahuje informaci o depozitu.
18036;WF0RXXWPGRER75503;9T58723;;CHYBÍ V UNIQA;Aktivní vozidlo nebylo nalezeno v UNIQA ani Allianz a poznámka TIRBazar neobsahuje informaci o depozitu.
18072;WF0RXXWPGRER77386;9T57884;;CHYBÍ V UNIQA;Aktivní vozidlo nebylo nalezeno v UNIQA ani Allianz a poznámka TIRBazar neobsahuje informaci o depozitu.
18034;WF0RXXWPGRER77400;9T51575;;CHYBÍ V UNIQA;Aktivní vozidlo nebylo nalezeno v UNIQA ani Allianz a poznámka TIRBazar neobsahuje informaci o depozitu.
17707;WF0RXXWPGRES76296;8U11966;;CHYBÍ V UNIQA;Aktivní vozidlo nebylo nalezeno v UNIQA ani Allianz a poznámka TIRBazar neobsahuje informaci o depozitu.
17117;WF0SXXTTFSBS00346;9U40818;;CHYBÍ V UNIQA;Aktivní vozidlo nebylo nalezeno v UNIQA ani Allianz a poznámka TIRBazar neobsahuje informaci o depozitu.
18313;WF0SXXTTFSCB52993;6M21961;;CHYBÍ V UNIQA;Aktivní vozidlo nebylo nalezeno v UNIQA ani Allianz a poznámka TIRBazar neobsahuje informaci o depozitu.
17048;WF0SXXWPGSEJ52441;4AI1390;;CHYBÍ V UNIQA;Aktivní vozidlo nebylo nalezeno v UNIQA ani Allianz a poznámka TIRBazar neobsahuje informaci o depozitu.
18835;WF0SXXWPGSFU15650;5AN8786;;CHYBÍ V UNIQA;Aktivní vozidlo nebylo nalezeno v UNIQA ani Allianz a poznámka TIRBazar neobsahuje informaci o depozitu.
17328;WF0SXXWPGSGE20607;5AU1338;;CHYBÍ V UNIQA;Aktivní vozidlo nebylo nalezeno v UNIQA ani Allianz a poznámka TIRBazar neobsahuje informaci o depozitu.
17498;WF0SXXWPGSHP19277;6AF6762;;CHYBÍ V UNIQA;Aktivní vozidlo nebylo nalezeno v UNIQA ani Allianz a poznámka TIRBazar neobsahuje informaci o depozitu.
17856;WF0SXXWPGSKD62250;9AY9354;;CHYBÍ V UNIQA;Aktivní vozidlo nebylo nalezeno v UNIQA ani Allianz a poznámka TIRBazar neobsahuje informaci o depozitu.
17517;WF0SXXWPGSKD62268;9AU9273;;CHYBÍ V UNIQA;Aktivní vozidlo nebylo nalezeno v UNIQA ani Allianz a poznámka TIRBazar neobsahuje informaci o depozitu.
17579;WF0SXXWPGSKD62291;9AU9276;;CHYBÍ V UNIQA;Aktivní vozidlo nebylo nalezeno v UNIQA ani Allianz a poznámka TIRBazar neobsahuje informaci o depozitu.
17754;WF0SXXWPGSKD62296;9AY4474;;CHYBÍ V UNIQA;Aktivní vozidlo nebylo nalezeno v UNIQA ani Allianz a poznámka TIRBazar neobsahuje informaci o depozitu.
17438;WF0SXXWPGSKD62341;9AU3427;;CHYBÍ V UNIQA;Aktivní vozidlo nebylo nalezeno v UNIQA ani Allianz a poznámka TIRBazar neobsahuje informaci o depozitu.
17790;WF0SXXWPGSKD62345;9AY4445;;CHYBÍ V UNIQA;Aktivní vozidlo nebylo nalezeno v UNIQA ani Allianz a poznámka TIRBazar neobsahuje informaci o depozitu.
17858;WF0SXXWPGSKD62374;9AZ2308;;CHYBÍ V UNIQA;Aktivní vozidlo nebylo nalezeno v UNIQA ani Allianz a poznámka TIRBazar neobsahuje informaci o depozitu.
17478;WF0SXXWPGSKD62385;9AU3417;;CHYBÍ V UNIQA;Aktivní vozidlo nebylo nalezeno v UNIQA ani Allianz a poznámka TIRBazar neobsahuje informaci o depozitu.
17913;WF0SXXWPGSKD62395;1ANK588;;CHYBÍ V UNIQA;Aktivní vozidlo nebylo nalezeno v UNIQA ani Allianz a poznámka TIRBazar neobsahuje informaci o depozitu.
17854;WF0SXXWPGSKD62400;9AY7100;;CHYBÍ V UNIQA;Aktivní vozidlo nebylo nalezeno v UNIQA ani Allianz a poznámka TIRBazar neobsahuje informaci o depozitu.
17520;WF0SXXWPGSKD62414;9AV3708;;CHYBÍ V UNIQA;Aktivní vozidlo nebylo nalezeno v UNIQA ani Allianz a poznámka TIRBazar neobsahuje informaci o depozitu.
17514;WF0SXXWPGSKD62416;9AU3438;;CHYBÍ V UNIQA;Aktivní vozidlo nebylo nalezeno v UNIQA ani Allianz a poznámka TIRBazar neobsahuje informaci o depozitu.
17527;WF0SXXWPGSKD62418;9AU3448;;CHYBÍ V UNIQA;Aktivní vozidlo nebylo nalezeno v UNIQA ani Allianz a poznámka TIRBazar neobsahuje informaci o depozitu.
17755;WF0SXXWPGSKD62432;9AY4525;;CHYBÍ V UNIQA;Aktivní vozidlo nebylo nalezeno v UNIQA ani Allianz a poznámka TIRBazar neobsahuje informaci o depozitu.
17857;WF0SXXWPGSKD62436;9AY7051;;CHYBÍ V UNIQA;Aktivní vozidlo nebylo nalezeno v UNIQA ani Allianz a poznámka TIRBazar neobsahuje informaci o depozitu.
17855;WF0SXXWPGSKD62438;9AY8843;;CHYBÍ V UNIQA;Aktivní vozidlo nebylo nalezeno v UNIQA ani Allianz a poznámka TIRBazar neobsahuje informaci o depozitu.
17528;WF0SXXWPGSKD62456;9AU4784;;CHYBÍ V UNIQA;Aktivní vozidlo nebylo nalezeno v UNIQA ani Allianz a poznámka TIRBazar neobsahuje informaci o depozitu.
17680;WF0SXXWPGSKD62467;9AV8716;;CHYBÍ V UNIQA;Aktivní vozidlo nebylo nalezeno v UNIQA ani Allianz a poznámka TIRBazar neobsahuje informaci o depozitu.
17649;WF0SXXWPGSKD62468;9AV7321;;CHYBÍ V UNIQA;Aktivní vozidlo nebylo nalezeno v UNIQA ani Allianz a poznámka TIRBazar neobsahuje informaci o depozitu.
17753;WF0SXXWPGSKD62481;9AY4523;;CHYBÍ V UNIQA;Aktivní vozidlo nebylo nalezeno v UNIQA ani Allianz a poznámka TIRBazar neobsahuje informaci o depozitu.
17907;WF0SXXWPGSKD62483;1ABJ871;;CHYBÍ V UNIQA;Aktivní vozidlo nebylo nalezeno v UNIQA ani Allianz a poznámka TIRBazar neobsahuje informaci o depozitu.
17906;WF0SXXWPGSKD62493;1AAA063;;CHYBÍ V UNIQA;Aktivní vozidlo nebylo nalezeno v UNIQA ani Allianz a poznámka TIRBazar neobsahuje informaci o depozitu.
17904;WF0SXXWPGSKD62496;1AAA239;;CHYBÍ V UNIQA;Aktivní vozidlo nebylo nalezeno v UNIQA ani Allianz a poznámka TIRBazar neobsahuje informaci o depozitu.
17526;WF0SXXWPGSKD62506;9AU3436;;CHYBÍ V UNIQA;Aktivní vozidlo nebylo nalezeno v UNIQA ani Allianz a poznámka TIRBazar neobsahuje informaci o depozitu.
17593;WF0TXXERPTBD93485;3L99807;;CHYBÍ V UNIQA;Aktivní vozidlo nebylo nalezeno v UNIQA ani Allianz a poznámka TIRBazar neobsahuje informaci o depozitu.
18273;WF0TXXWPGTFM70357;1ADI505;;CHYBÍ V UNIQA;Aktivní vozidlo nebylo nalezeno v UNIQA ani Allianz a poznámka TIRBazar neobsahuje informaci o depozitu.
17419;WF0XXXBDFX7T31753;6AF9137;;CHYBÍ V UNIQA;Aktivní vozidlo nebylo nalezeno v UNIQA ani Allianz a poznámka TIRBazar neobsahuje informaci o depozitu.
18798;WF0XXXTTFX7C67860;4AF9204;;CHYBÍ V UNIQA;Aktivní vozidlo nebylo nalezeno v UNIQA ani Allianz a poznámka TIRBazar neobsahuje informaci o depozitu.
19337;WF0XXXTTFX7U02811;1AV9623;;CHYBÍ V UNIQA;Aktivní vozidlo nebylo nalezeno v UNIQA ani Allianz a poznámka TIRBazar neobsahuje informaci o depozitu.
18985;WF0XXXTTFX8B78535;5B56512;;CHYBÍ V UNIQA;Aktivní vozidlo nebylo nalezeno v UNIQA ani Allianz a poznámka TIRBazar neobsahuje informaci o depozitu.
16982;WF0XXXTTFX8C29071;1AB3411;;CHYBÍ V UNIQA;Aktivní vozidlo nebylo nalezeno v UNIQA ani Allianz a poznámka TIRBazar neobsahuje informaci o depozitu.
18117;WF0XXXTTFX8S50867;8U93720;;CHYBÍ V UNIQA;Aktivní vozidlo nebylo nalezeno v UNIQA ani Allianz a poznámka TIRBazar neobsahuje informaci o depozitu.
16631;WF0XXXTTFXBE24924;2AI5588;;CHYBÍ V UNIQA;Aktivní vozidlo nebylo nalezeno v UNIQA ani Allianz a poznámka TIRBazar neobsahuje informaci o depozitu.
19167;WF0XXXTTFXBJ29401;2AM1784;;CHYBÍ V UNIQA;Aktivní vozidlo nebylo nalezeno v UNIQA ani Allianz a poznámka TIRBazar neobsahuje informaci o depozitu.
19418;WF0XXXTTFXBM07987;7AT8661;;CHYBÍ V UNIQA;Aktivní vozidlo nebylo nalezeno v UNIQA ani Allianz a poznámka TIRBazar neobsahuje informaci o depozitu.
17811;WF0XXXTTFXBS10041;3SE7919;;CHYBÍ V UNIQA;Aktivní vozidlo nebylo nalezeno v UNIQA ani Allianz a poznámka TIRBazar neobsahuje informaci o depozitu.
17156;WF0XXXTTFXCA23282;4Z86925;;CHYBÍ V UNIQA;Aktivní vozidlo nebylo nalezeno v UNIQA ani Allianz a poznámka TIRBazar neobsahuje informaci o depozitu.
17744;WF0XXXTTFXCB43912;7U01440;;CHYBÍ V UNIQA;Aktivní vozidlo nebylo nalezeno v UNIQA ani Allianz a poznámka TIRBazar neobsahuje informaci o depozitu.
17929;WF0XXXTTFXCB48843;9U33741;;CHYBÍ V UNIQA;Aktivní vozidlo nebylo nalezeno v UNIQA ani Allianz a poznámka TIRBazar neobsahuje informaci o depozitu.
17819;WF0XXXTTFXCC57941;7U26012;;CHYBÍ V UNIQA;Aktivní vozidlo nebylo nalezeno v UNIQA ani Allianz a poznámka TIRBazar neobsahuje informaci o depozitu.
19742;WF0XXXTTFXCD01113;6E74775;;CHYBÍ V UNIQA;Aktivní vozidlo nebylo nalezeno v UNIQA ani Allianz a poznámka TIRBazar neobsahuje informaci o depozitu.
17928;WF0XXXTTFXCG39531;9U80553;;CHYBÍ V UNIQA;Aktivní vozidlo nebylo nalezeno v UNIQA ani Allianz a poznámka TIRBazar neobsahuje informaci o depozitu.
18562;WF0XXXTTFXCK69266;5AD3815;;CHYBÍ V UNIQA;Aktivní vozidlo nebylo nalezeno v UNIQA ani Allianz a poznámka TIRBazar neobsahuje informaci o depozitu.
19621;WF0XXXTTFXDA27684;3AY8150;;CHYBÍ V UNIQA;Aktivní vozidlo nebylo nalezeno v UNIQA ani Allianz a poznámka TIRBazar neobsahuje informaci o depozitu.
18267;WF0XXXTTFXDD20210;4E99325;;CHYBÍ V UNIQA;Aktivní vozidlo nebylo nalezeno v UNIQA ani Allianz a poznámka TIRBazar neobsahuje informaci o depozitu.
17738;WF0XXXTTFXDD27453;5H87751;;CHYBÍ V UNIQA;Aktivní vozidlo nebylo nalezeno v UNIQA ani Allianz a poznámka TIRBazar neobsahuje informaci o depozitu.
18805;WF0XXXTTFXDG46693;5AS0951;;CHYBÍ V UNIQA;Aktivní vozidlo nebylo nalezeno v UNIQA ani Allianz a poznámka TIRBazar neobsahuje informaci o depozitu.
19610;WF0XXXTTFXDJ54693;3AM7295;;CHYBÍ V UNIQA;Aktivní vozidlo nebylo nalezeno v UNIQA ani Allianz a poznámka TIRBazar neobsahuje informaci o depozitu.
18957;WF0XXXTTGXEA33470;8AT3237;;CHYBÍ V UNIQA;Aktivní vozidlo nebylo nalezeno v UNIQA ani Allianz a poznámka TIRBazar neobsahuje informaci o depozitu.
19433;WF0XXXTTGXEM45989;4AK5622;;CHYBÍ V UNIQA;Aktivní vozidlo nebylo nalezeno v UNIQA ani Allianz a poznámka TIRBazar neobsahuje informaci o depozitu.
19213;WF0XXXTTGXGC61687;5SR1619;;CHYBÍ V UNIQA;Aktivní vozidlo nebylo nalezeno v UNIQA ani Allianz a poznámka TIRBazar neobsahuje informaci o depozitu.
19725;WF0XXXTTGXGR11251;5E94412;;CHYBÍ V UNIQA;Aktivní vozidlo nebylo nalezeno v UNIQA ani Allianz a poznámka TIRBazar neobsahuje informaci o depozitu.
18733;WF0XXXTTGXHA28457;5SK9261;;CHYBÍ V UNIQA;Aktivní vozidlo nebylo nalezeno v UNIQA ani Allianz a poznámka TIRBazar neobsahuje informaci o depozitu.
19614;WF0XXXTTGXHB75329;1APD730;;CHYBÍ V UNIQA;Aktivní vozidlo nebylo nalezeno v UNIQA ani Allianz a poznámka TIRBazar neobsahuje informaci o depozitu.
17180;WF0XXXTTGXJA68534;4SZ1852;;CHYBÍ V UNIQA;Aktivní vozidlo nebylo nalezeno v UNIQA ani Allianz a poznámka TIRBazar neobsahuje informaci o depozitu.
17728;WF0XXXTTGXJA75122;9C19223;;CHYBÍ V UNIQA;Aktivní vozidlo nebylo nalezeno v UNIQA ani Allianz a poznámka TIRBazar neobsahuje informaci o depozitu.
18596;WF0XXXTTGXJB10795;7AF1136;;CHYBÍ V UNIQA;Aktivní vozidlo nebylo nalezeno v UNIQA ani Allianz a poznámka TIRBazar neobsahuje informaci o depozitu.
18712;WF0XXXTTGXJL89639;9AU6915;;CHYBÍ V UNIQA;Aktivní vozidlo nebylo nalezeno v UNIQA ani Allianz a poznámka TIRBazar neobsahuje informaci o depozitu.
18803;WF0XXXTTGXJU52586;6Z79021;;CHYBÍ V UNIQA;Aktivní vozidlo nebylo nalezeno v UNIQA ani Allianz a poznámka TIRBazar neobsahuje informaci o depozitu.
17421;WF0XXXTTGXKC22081;4K88300;;CHYBÍ V UNIQA;Aktivní vozidlo nebylo nalezeno v UNIQA ani Allianz a poznámka TIRBazar neobsahuje informaci o depozitu.
18684;WF0XXXTTGXKC29168;5SK9262;;CHYBÍ V UNIQA;Aktivní vozidlo nebylo nalezeno v UNIQA ani Allianz a poznámka TIRBazar neobsahuje informaci o depozitu.
17683;WF0YXXTTGYDE40250;9B74136;;CHYBÍ V UNIQA;Aktivní vozidlo nebylo nalezeno v UNIQA ani Allianz a poznámka TIRBazar neobsahuje informaci o depozitu.
18033;WF0YXXTTGYEP64864;7AH6107;;CHYBÍ V UNIQA;Aktivní vozidlo nebylo nalezeno v UNIQA ani Allianz a poznámka TIRBazar neobsahuje informaci o depozitu.
17833;WF0YXXTTGYFL62276;3SN8629;;CHYBÍ V UNIQA;Aktivní vozidlo nebylo nalezeno v UNIQA ani Allianz a poznámka TIRBazar neobsahuje informaci o depozitu.
16086;WF0YXXTTGYFU04339;5AX6895;;CHYBÍ V UNIQA;Aktivní vozidlo nebylo nalezeno v UNIQA ani Allianz a poznámka TIRBazar neobsahuje informaci o depozitu.
17486;WF0YXXTTGYFU77020;9C39901;;CHYBÍ V UNIQA;Aktivní vozidlo nebylo nalezeno v UNIQA ani Allianz a poznámka TIRBazar neobsahuje informaci o depozitu.
19629;WF0YXXTTGYGA14731;5AU7812;;CHYBÍ V UNIQA;Aktivní vozidlo nebylo nalezeno v UNIQA ani Allianz a poznámka TIRBazar neobsahuje informaci o depozitu.
16111;WF0YXXTTGYGB72864;5AY3086;;CHYBÍ V UNIQA;Aktivní vozidlo nebylo nalezeno v UNIQA ani Allianz a poznámka TIRBazar neobsahuje informaci o depozitu.
16113;WF0YXXTTGYHU88743;6AF3263;;CHYBÍ V UNIQA;Aktivní vozidlo nebylo nalezeno v UNIQA ani Allianz a poznámka TIRBazar neobsahuje informaci o depozitu.
16887;WF0YXXTTGYJB09819;9AP2680;;CHYBÍ V UNIQA;Aktivní vozidlo nebylo nalezeno v UNIQA ani Allianz a poznámka TIRBazar neobsahuje informaci o depozitu.
18323;WF0YXXTTGYLY69986;2TK8507;;CHYBÍ V UNIQA;Aktivní vozidlo nebylo nalezeno v UNIQA ani Allianz a poznámka TIRBazar neobsahuje informaci o depozitu.
17131;WF0YXXTTGYMG38850;8AY3074;;CHYBÍ V UNIQA;Aktivní vozidlo nebylo nalezeno v UNIQA ani Allianz a poznámka TIRBazar neobsahuje informaci o depozitu.
17684;WF0ZXXBDFZCK40932;1SY2726;;CHYBÍ V UNIQA;Aktivní vozidlo nebylo nalezeno v UNIQA ani Allianz a poznámka TIRBazar neobsahuje informaci o depozitu.
16663;WF0ZXXTTFZ8A41326;3Z38149;;CHYBÍ V UNIQA;Aktivní vozidlo nebylo nalezeno v UNIQA ani Allianz a poznámka TIRBazar neobsahuje informaci o depozitu.
17252;WF0ZXXTTFZAY77369;4M14042;;CHYBÍ V UNIQA;Aktivní vozidlo nebylo nalezeno v UNIQA ani Allianz a poznámka TIRBazar neobsahuje informaci o depozitu.
17198;WF0ZXXTTGZDJ53172;5J82156;;CHYBÍ V UNIQA;Aktivní vozidlo nebylo nalezeno v UNIQA ani Allianz a poznámka TIRBazar neobsahuje informaci o depozitu.
18402;WMA03VUY0L9003827;4SP6077;;CHYBÍ V UNIQA;Aktivní vozidlo nebylo nalezeno v UNIQA ani Allianz a poznámka TIRBazar neobsahuje informaci o depozitu.
18202;WMA03VUY0R9007353;1ACY834;;CHYBÍ V UNIQA;Aktivní vozidlo nebylo nalezeno v UNIQA ani Allianz a poznámka TIRBazar neobsahuje informaci o depozitu.
18649;WMA03VUY1K9002944;7AE4840;;CHYBÍ V UNIQA;Aktivní vozidlo nebylo nalezeno v UNIQA ani Allianz a poznámka TIRBazar neobsahuje informaci o depozitu.
18403;WMA03VUY1L9003822;4SP6078;;CHYBÍ V UNIQA;Aktivní vozidlo nebylo nalezeno v UNIQA ani Allianz a poznámka TIRBazar neobsahuje informaci o depozitu.
18404;WMA03VUY1M9001912;5SF2274;;CHYBÍ V UNIQA;Aktivní vozidlo nebylo nalezeno v UNIQA ani Allianz a poznámka TIRBazar neobsahuje informaci o depozitu.
18057;WMA03VUY1R9003375;1ADK647;;CHYBÍ V UNIQA;Aktivní vozidlo nebylo nalezeno v UNIQA ani Allianz a poznámka TIRBazar neobsahuje informaci o depozitu.
18486;WMA03VUY3L9003952;4SP6076;;CHYBÍ V UNIQA;Aktivní vozidlo nebylo nalezeno v UNIQA ani Allianz a poznámka TIRBazar neobsahuje informaci o depozitu.
18058;WMA03VUY3R9003524;1AAV311;;CHYBÍ V UNIQA;Aktivní vozidlo nebylo nalezeno v UNIQA ani Allianz a poznámka TIRBazar neobsahuje informaci o depozitu.
18126;WMA03VUY4R9005976;1AFN974;;CHYBÍ V UNIQA;Aktivní vozidlo nebylo nalezeno v UNIQA ani Allianz a poznámka TIRBazar neobsahuje informaci o depozitu.
18008;WMA03VUY5J9005019;5L62953;;CHYBÍ V UNIQA;Aktivní vozidlo nebylo nalezeno v UNIQA ani Allianz a poznámka TIRBazar neobsahuje informaci o depozitu.
17956;WMA03VUY7R9003543;1ABB464;;CHYBÍ V UNIQA;Aktivní vozidlo nebylo nalezeno v UNIQA ani Allianz a poznámka TIRBazar neobsahuje informaci o depozitu.
18567;WMA03VUY8R9011439;1AHS182;;CHYBÍ V UNIQA;Aktivní vozidlo nebylo nalezeno v UNIQA ani Allianz a poznámka TIRBazar neobsahuje informaci o depozitu.
18405;WMA03VUY9M9015900;5SF5970;;CHYBÍ V UNIQA;Aktivní vozidlo nebylo nalezeno v UNIQA ani Allianz a poznámka TIRBazar neobsahuje informaci o depozitu.
18104;WMA03VUYXP9007664;9AZ9796;;CHYBÍ V UNIQA;Aktivní vozidlo nebylo nalezeno v UNIQA ani Allianz a poznámka TIRBazar neobsahuje informaci o depozitu.
17850;WMA03VUYXR9003472;1AAD712;;CHYBÍ V UNIQA;Aktivní vozidlo nebylo nalezeno v UNIQA ani Allianz a poznámka TIRBazar neobsahuje informaci o depozitu.
18640;WMA08VUZ0N9014310;5ST9790;;CHYBÍ V UNIQA;Aktivní vozidlo nebylo nalezeno v UNIQA ani Allianz a poznámka TIRBazar neobsahuje informaci o depozitu.
18870;WMA08VUZ0P9017839;7J63703;;CHYBÍ V UNIQA;Aktivní vozidlo nebylo nalezeno v UNIQA ani Allianz a poznámka TIRBazar neobsahuje informaci o depozitu.
18869;WMA08VUZ1P9012181;5SZ0382;;CHYBÍ V UNIQA;Aktivní vozidlo nebylo nalezeno v UNIQA ani Allianz a poznámka TIRBazar neobsahuje informaci o depozitu.
18409;WMA08VUZ2L9005444;5SF2275;;CHYBÍ V UNIQA;Aktivní vozidlo nebylo nalezeno v UNIQA ani Allianz a poznámka TIRBazar neobsahuje informaci o depozitu.
18687;WMA08VUZ3P9017284;7J63693;;CHYBÍ V UNIQA;Aktivní vozidlo nebylo nalezeno v UNIQA ani Allianz a poznámka TIRBazar neobsahuje informaci o depozitu.
18868;WMA08VUZ3P9017463;7J63588;;CHYBÍ V UNIQA;Aktivní vozidlo nebylo nalezeno v UNIQA ani Allianz a poznámka TIRBazar neobsahuje informaci o depozitu.
18871;WMA08VUZ5P9012622;6SB5441;;CHYBÍ V UNIQA;Aktivní vozidlo nebylo nalezeno v UNIQA ani Allianz a poznámka TIRBazar neobsahuje informaci o depozitu.
18867;WMA08VUZ5P9017254;7J63722;;CHYBÍ V UNIQA;Aktivní vozidlo nebylo nalezeno v UNIQA ani Allianz a poznámka TIRBazar neobsahuje informaci o depozitu.
18865;WMA08VUZ5P9017318;7J63695;;CHYBÍ V UNIQA;Aktivní vozidlo nebylo nalezeno v UNIQA ani Allianz a poznámka TIRBazar neobsahuje informaci o depozitu.
19255;WMA08VUZ5P9017710;5SZ0891;;CHYBÍ V UNIQA;Aktivní vozidlo nebylo nalezeno v UNIQA ani Allianz a poznámka TIRBazar neobsahuje informaci o depozitu.
18678;WMA08VUZ7M9008485;5SA0641;;CHYBÍ V UNIQA;Aktivní vozidlo nebylo nalezeno v UNIQA ani Allianz a poznámka TIRBazar neobsahuje informaci o depozitu.
18842;WMA08VUZ8N9014331;7J05175;;CHYBÍ V UNIQA;Aktivní vozidlo nebylo nalezeno v UNIQA ani Allianz a poznámka TIRBazar neobsahuje informaci o depozitu.
18641;WMA08VUZ8P9013330;5SZ0379;;CHYBÍ V UNIQA;Aktivní vozidlo nebylo nalezeno v UNIQA ani Allianz a poznámka TIRBazar neobsahuje informaci o depozitu.
18880;WMA08VUZ9M9015356;1TZ2430;;CHYBÍ V UNIQA;Aktivní vozidlo nebylo nalezeno v UNIQA ani Allianz a poznámka TIRBazar neobsahuje informaci o depozitu.
18900;WMA08VUZ9N9011728;5SP2473;;CHYBÍ V UNIQA;Aktivní vozidlo nebylo nalezeno v UNIQA ani Allianz a poznámka TIRBazar neobsahuje informaci o depozitu.
18874;WMA08VUZ9P9017273;7J63706;;CHYBÍ V UNIQA;Aktivní vozidlo nebylo nalezeno v UNIQA ani Allianz a poznámka TIRBazar neobsahuje informaci o depozitu.
18873;WMA08VUZXP9006069;5SZ0125;;CHYBÍ V UNIQA;Aktivní vozidlo nebylo nalezeno v UNIQA ani Allianz a poznámka TIRBazar neobsahuje informaci o depozitu.
17865;WMA11VUY3N9006556;9AE0690;;CHYBÍ V UNIQA;Aktivní vozidlo nebylo nalezeno v UNIQA ani Allianz a poznámka TIRBazar neobsahuje informaci o depozitu.
19606;WMA16VUZ1N9005206;8P75636;;CHYBÍ V UNIQA;Aktivní vozidlo nebylo nalezeno v UNIQA ani Allianz a poznámka TIRBazar neobsahuje informaci o depozitu.
19025;WMA18VUZ5J9008131;5SY1236;;CHYBÍ V UNIQA;Aktivní vozidlo nebylo nalezeno v UNIQA ani Allianz a poznámka TIRBazar neobsahuje informaci o depozitu.
18475;WMAN14ZZ4KY388840;1AEB702;;CHYBÍ V UNIQA;Aktivní vozidlo nebylo nalezeno v UNIQA ani Allianz a poznámka TIRBazar neobsahuje informaci o depozitu.
19231;WME4530421Y098121;7AJ5965;;CHYBÍ V UNIQA;Aktivní vozidlo nebylo nalezeno v UNIQA ani Allianz a poznámka TIRBazar neobsahuje informaci o depozitu.
18690;WV1ZZZ2EZ96009032;7H62644;;CHYBÍ V UNIQA;Aktivní vozidlo nebylo nalezeno v UNIQA ani Allianz a poznámka TIRBazar neobsahuje informaci o depozitu.
17873;WV1ZZZ2EZ96027064;1AC1372;;CHYBÍ V UNIQA;Aktivní vozidlo nebylo nalezeno v UNIQA ani Allianz a poznámka TIRBazar neobsahuje informaci o depozitu.
18541;WV1ZZZ2EZ96035727;2AY3649;;CHYBÍ V UNIQA;Aktivní vozidlo nebylo nalezeno v UNIQA ani Allianz a poznámka TIRBazar neobsahuje informaci o depozitu.
19342;WV1ZZZ2EZ96035930;1SD7384;;CHYBÍ V UNIQA;Aktivní vozidlo nebylo nalezeno v UNIQA ani Allianz a poznámka TIRBazar neobsahuje informaci o depozitu.
18014;WV1ZZZ2EZB6014250;2AD0161;;CHYBÍ V UNIQA;Aktivní vozidlo nebylo nalezeno v UNIQA ani Allianz a poznámka TIRBazar neobsahuje informaci o depozitu.
17280;WV1ZZZ2EZB6025701;7B68387;;CHYBÍ V UNIQA;Aktivní vozidlo nebylo nalezeno v UNIQA ani Allianz a poznámka TIRBazar neobsahuje informaci o depozitu.
19051;WV1ZZZ2EZC6003720;2SE6222;;CHYBÍ V UNIQA;Aktivní vozidlo nebylo nalezeno v UNIQA ani Allianz a poznámka TIRBazar neobsahuje informaci o depozitu.
17894;WV1ZZZ2EZC6005849;7AI6580;;CHYBÍ V UNIQA;Aktivní vozidlo nebylo nalezeno v UNIQA ani Allianz a poznámka TIRBazar neobsahuje informaci o depozitu.
19845;WV1ZZZ2EZC6008555;1ANT956;;CHYBÍ V UNIQA;Aktivní vozidlo nebylo nalezeno v UNIQA ani Allianz a poznámka TIRBazar neobsahuje informaci o depozitu.
19381;WV1ZZZ2EZC6027675;5J19841;;CHYBÍ V UNIQA;Aktivní vozidlo nebylo nalezeno v UNIQA ani Allianz a poznámka TIRBazar neobsahuje informaci o depozitu.
17242;WV1ZZZ2EZD6017427;6H69657;;CHYBÍ V UNIQA;Aktivní vozidlo nebylo nalezeno v UNIQA ani Allianz a poznámka TIRBazar neobsahuje informaci o depozitu.
17606;WV1ZZZ2EZD6026417;3AI6910;;CHYBÍ V UNIQA;Aktivní vozidlo nebylo nalezeno v UNIQA ani Allianz a poznámka TIRBazar neobsahuje informaci o depozitu.
17605;WV1ZZZ2EZD6032020;4E85978;;CHYBÍ V UNIQA;Aktivní vozidlo nebylo nalezeno v UNIQA ani Allianz a poznámka TIRBazar neobsahuje informaci o depozitu.
18148;WV1ZZZ2EZD6033490;5H44462;;CHYBÍ V UNIQA;Aktivní vozidlo nebylo nalezeno v UNIQA ani Allianz a poznámka TIRBazar neobsahuje informaci o depozitu.
17607;WV1ZZZ2EZE6006483;3AP9397;;CHYBÍ V UNIQA;Aktivní vozidlo nebylo nalezeno v UNIQA ani Allianz a poznámka TIRBazar neobsahuje informaci o depozitu.
17608;WV1ZZZ2EZE6022086;3AX0781;;CHYBÍ V UNIQA;Aktivní vozidlo nebylo nalezeno v UNIQA ani Allianz a poznámka TIRBazar neobsahuje informaci o depozitu.
18141;WV1ZZZ2EZE6026190;4AA6652;;CHYBÍ V UNIQA;Aktivní vozidlo nebylo nalezeno v UNIQA ani Allianz a poznámka TIRBazar neobsahuje informaci o depozitu.
19483;WV1ZZZ2EZE6031865;4AH6893;;CHYBÍ V UNIQA;Aktivní vozidlo nebylo nalezeno v UNIQA ani Allianz a poznámka TIRBazar neobsahuje informaci o depozitu.
17771;WV1ZZZ2EZE6035615;9AI4723;;CHYBÍ V UNIQA;Aktivní vozidlo nebylo nalezeno v UNIQA ani Allianz a poznámka TIRBazar neobsahuje informaci o depozitu.
17609;WV1ZZZ2EZF6014213;4AI7272;;CHYBÍ V UNIQA;Aktivní vozidlo nebylo nalezeno v UNIQA ani Allianz a poznámka TIRBazar neobsahuje informaci o depozitu.
17846;WV1ZZZ2EZF6016214;1TH7088;;CHYBÍ V UNIQA;Aktivní vozidlo nebylo nalezeno v UNIQA ani Allianz a poznámka TIRBazar neobsahuje informaci o depozitu.
18633;WV1ZZZ2EZG6037341;5SX7210;;CHYBÍ V UNIQA;Aktivní vozidlo nebylo nalezeno v UNIQA ani Allianz a poznámka TIRBazar neobsahuje informaci o depozitu.
18482;WV1ZZZ2EZG6039891;1UB7551;;CHYBÍ V UNIQA;Aktivní vozidlo nebylo nalezeno v UNIQA ani Allianz a poznámka TIRBazar neobsahuje informaci o depozitu.
17610;WV1ZZZ2EZG6043314;5AP8204;;CHYBÍ V UNIQA;Aktivní vozidlo nebylo nalezeno v UNIQA ani Allianz a poznámka TIRBazar neobsahuje informaci o depozitu.
19777;WV1ZZZ2EZG6044345;5AP1266;;CHYBÍ V UNIQA;Aktivní vozidlo nebylo nalezeno v UNIQA ani Allianz a poznámka TIRBazar neobsahuje informaci o depozitu.
19519;WV1ZZZ2EZG6059462;5AY6948;;CHYBÍ V UNIQA;Aktivní vozidlo nebylo nalezeno v UNIQA ani Allianz a poznámka TIRBazar neobsahuje informaci o depozitu.
19096;WV1ZZZ2FZ87002786;3J19038;;CHYBÍ V UNIQA;Aktivní vozidlo nebylo nalezeno v UNIQA ani Allianz a poznámka TIRBazar neobsahuje informaci o depozitu.
18455;WV1ZZZ2FZ87007281;7J19534;;CHYBÍ V UNIQA;Aktivní vozidlo nebylo nalezeno v UNIQA ani Allianz a poznámka TIRBazar neobsahuje informaci o depozitu.
18661;WV1ZZZ2FZ97002986;6T13882;;CHYBÍ V UNIQA;Aktivní vozidlo nebylo nalezeno v UNIQA ani Allianz a poznámka TIRBazar neobsahuje informaci o depozitu.
19347;WV1ZZZ2FZA7001258;6M47687;;CHYBÍ V UNIQA;Aktivní vozidlo nebylo nalezeno v UNIQA ani Allianz a poznámka TIRBazar neobsahuje informaci o depozitu.
17806;WV1ZZZ2FZC7001072;1SZ4212;;CHYBÍ V UNIQA;Aktivní vozidlo nebylo nalezeno v UNIQA ani Allianz a poznámka TIRBazar neobsahuje informaci o depozitu.
18979;WV1ZZZ2FZD7003740;3AH5200;;CHYBÍ V UNIQA;Aktivní vozidlo nebylo nalezeno v UNIQA ani Allianz a poznámka TIRBazar neobsahuje informaci o depozitu.
19494;WV1ZZZ2FZD7003849;7Z72389;;CHYBÍ V UNIQA;Aktivní vozidlo nebylo nalezeno v UNIQA ani Allianz a poznámka TIRBazar neobsahuje informaci o depozitu.
18505;WV1ZZZ2FZE7001418;6C11547;;CHYBÍ V UNIQA;Aktivní vozidlo nebylo nalezeno v UNIQA ani Allianz a poznámka TIRBazar neobsahuje informaci o depozitu.
19090;WV1ZZZ2FZE7005405;6J45413;;CHYBÍ V UNIQA;Aktivní vozidlo nebylo nalezeno v UNIQA ani Allianz a poznámka TIRBazar neobsahuje informaci o depozitu.
19085;WV1ZZZ2FZF7002413;5J58725;;CHYBÍ V UNIQA;Aktivní vozidlo nebylo nalezeno v UNIQA ani Allianz a poznámka TIRBazar neobsahuje informaci o depozitu.
18338;WV1ZZZ2FZF7003171;8AY2474;;CHYBÍ V UNIQA;Aktivní vozidlo nebylo nalezeno v UNIQA ani Allianz a poznámka TIRBazar neobsahuje informaci o depozitu.
18951;WV1ZZZ2FZF7004239;9U86436;;CHYBÍ V UNIQA;Aktivní vozidlo nebylo nalezeno v UNIQA ani Allianz a poznámka TIRBazar neobsahuje informaci o depozitu.
19094;WV1ZZZ2FZG7013325;5J83256;;CHYBÍ V UNIQA;Aktivní vozidlo nebylo nalezeno v UNIQA ani Allianz a poznámka TIRBazar neobsahuje informaci o depozitu.
17981;WV1ZZZ2FZG7014813;1BE1004;;CHYBÍ V UNIQA;Aktivní vozidlo nebylo nalezeno v UNIQA ani Allianz a poznámka TIRBazar neobsahuje informaci o depozitu.
17547;WV1ZZZ2KZ7X103696;8A27911;;CHYBÍ V UNIQA;Aktivní vozidlo nebylo nalezeno v UNIQA ani Allianz a poznámka TIRBazar neobsahuje informaci o depozitu.
19227;WV1ZZZ2KZCX066886;2AR1144;;CHYBÍ V UNIQA;Aktivní vozidlo nebylo nalezeno v UNIQA ani Allianz a poznámka TIRBazar neobsahuje informaci o depozitu.
17848;WV1ZZZ2KZCX098205;2AS2069;;CHYBÍ V UNIQA;Aktivní vozidlo nebylo nalezeno v UNIQA ani Allianz a poznámka TIRBazar neobsahuje informaci o depozitu.
17086;WV1ZZZ2KZEX018763;3AN3341;;CHYBÍ V UNIQA;Aktivní vozidlo nebylo nalezeno v UNIQA ani Allianz a poznámka TIRBazar neobsahuje informaci o depozitu.
17152;WV1ZZZ2KZFX063500;9B97966;;CHYBÍ V UNIQA;Aktivní vozidlo nebylo nalezeno v UNIQA ani Allianz a poznámka TIRBazar neobsahuje informaci o depozitu.
18659;WV1ZZZ2KZFX070329;4AL7943;;CHYBÍ V UNIQA;Aktivní vozidlo nebylo nalezeno v UNIQA ani Allianz a poznámka TIRBazar neobsahuje informaci o depozitu.
17727;WV1ZZZ2KZGX081791;5AH3862;;CHYBÍ V UNIQA;Aktivní vozidlo nebylo nalezeno v UNIQA ani Allianz a poznámka TIRBazar neobsahuje informaci o depozitu.
17569;WV1ZZZ2KZJX067250;6AX7805;;CHYBÍ V UNIQA;Aktivní vozidlo nebylo nalezeno v UNIQA ani Allianz a poznámka TIRBazar neobsahuje informaci o depozitu.
17571;WV1ZZZ2KZJX069247;6AY2039;;CHYBÍ V UNIQA;Aktivní vozidlo nebylo nalezeno v UNIQA ani Allianz a poznámka TIRBazar neobsahuje informaci o depozitu.
17570;WV1ZZZ2KZJX069268;6AY6759;;CHYBÍ V UNIQA;Aktivní vozidlo nebylo nalezeno v UNIQA ani Allianz a poznámka TIRBazar neobsahuje informaci o depozitu.
17596;WV1ZZZ2KZJX071653;6AY6760;;CHYBÍ V UNIQA;Aktivní vozidlo nebylo nalezeno v UNIQA ani Allianz a poznámka TIRBazar neobsahuje informaci o depozitu.
17595;WV1ZZZ2KZJX071688;6AY6761;;CHYBÍ V UNIQA;Aktivní vozidlo nebylo nalezeno v UNIQA ani Allianz a poznámka TIRBazar neobsahuje informaci o depozitu.
19146;WV1ZZZ2KZKX126102;8C61655;;CHYBÍ V UNIQA;Aktivní vozidlo nebylo nalezeno v UNIQA ani Allianz a poznámka TIRBazar neobsahuje informaci o depozitu.
18385;WV1ZZZ2KZLX006731;7AY8344;;CHYBÍ V UNIQA;Aktivní vozidlo nebylo nalezeno v UNIQA ani Allianz a poznámka TIRBazar neobsahuje informaci o depozitu.
18384;WV1ZZZ2KZLX007412;7AZ3188;;CHYBÍ V UNIQA;Aktivní vozidlo nebylo nalezeno v UNIQA ani Allianz a poznámka TIRBazar neobsahuje informaci o depozitu.
17881;WV1ZZZ2KZLX103902;2BM5764;;CHYBÍ V UNIQA;Aktivní vozidlo nebylo nalezeno v UNIQA ani Allianz a poznámka TIRBazar neobsahuje informaci o depozitu.
17888;WV1ZZZ2KZLX104643;2BM5607;;CHYBÍ V UNIQA;Aktivní vozidlo nebylo nalezeno v UNIQA ani Allianz a poznámka TIRBazar neobsahuje informaci o depozitu.
17889;WV1ZZZ2KZLX104694;2BN5280;;CHYBÍ V UNIQA;Aktivní vozidlo nebylo nalezeno v UNIQA ani Allianz a poznámka TIRBazar neobsahuje informaci o depozitu.
19722;WV1ZZZ2KZLX107973;8AJ0056;;CHYBÍ V UNIQA;Aktivní vozidlo nebylo nalezeno v UNIQA ani Allianz a poznámka TIRBazar neobsahuje informaci o depozitu.
19790;WV1ZZZ2KZLX111541;9C13326;;CHYBÍ V UNIQA;Aktivní vozidlo nebylo nalezeno v UNIQA ani Allianz a poznámka TIRBazar neobsahuje informaci o depozitu.
17882;WV1ZZZ2KZLX138536;3BB5949;;CHYBÍ V UNIQA;Aktivní vozidlo nebylo nalezeno v UNIQA ani Allianz a poznámka TIRBazar neobsahuje informaci o depozitu.
17817;WV1ZZZ70ZVH091635;5ST3534;;CHYBÍ V UNIQA;Aktivní vozidlo nebylo nalezeno v UNIQA ani Allianz a poznámka TIRBazar neobsahuje informaci o depozitu.
18118;WV1ZZZ7HZ6H060001;4SE5208;;CHYBÍ V UNIQA;Aktivní vozidlo nebylo nalezeno v UNIQA ani Allianz a poznámka TIRBazar neobsahuje informaci o depozitu.
17715;WV1ZZZ7HZ9H019835;1BZ6737;;CHYBÍ V UNIQA;Aktivní vozidlo nebylo nalezeno v UNIQA ani Allianz a poznámka TIRBazar neobsahuje informaci o depozitu.
17877;WV1ZZZ7HZAH251508;1AR0648;;CHYBÍ V UNIQA;Aktivní vozidlo nebylo nalezeno v UNIQA ani Allianz a poznámka TIRBazar neobsahuje informaci o depozitu.
17662;WV1ZZZ7HZBH092619;6AJ1507;;CHYBÍ V UNIQA;Aktivní vozidlo nebylo nalezeno v UNIQA ani Allianz a poznámka TIRBazar neobsahuje informaci o depozitu.
17129;WV1ZZZ7HZCH006935;9U05008;;CHYBÍ V UNIQA;Aktivní vozidlo nebylo nalezeno v UNIQA ani Allianz a poznámka TIRBazar neobsahuje informaci o depozitu.
17188;WV1ZZZ7HZGH147630;5AP6488;;CHYBÍ V UNIQA;Aktivní vozidlo nebylo nalezeno v UNIQA ani Allianz a poznámka TIRBazar neobsahuje informaci o depozitu.
17102;WV1ZZZ7HZJH050275;1BU9087;;CHYBÍ V UNIQA;Aktivní vozidlo nebylo nalezeno v UNIQA ani Allianz a poznámka TIRBazar neobsahuje informaci o depozitu.
17145;WV1ZZZ7HZJH051110;1BU8952;;CHYBÍ V UNIQA;Aktivní vozidlo nebylo nalezeno v UNIQA ani Allianz a poznámka TIRBazar neobsahuje informaci o depozitu.
18171;WV1ZZZ7HZJH177703;7AB2230;;CHYBÍ V UNIQA;Aktivní vozidlo nebylo nalezeno v UNIQA ani Allianz a poznámka TIRBazar neobsahuje informaci o depozitu.
19152;WV1ZZZ7HZJH195688;6SI9253;;CHYBÍ V UNIQA;Aktivní vozidlo nebylo nalezeno v UNIQA ani Allianz a poznámka TIRBazar neobsahuje informaci o depozitu.
17531;WV1ZZZ7HZKH004007;;;CHYBÍ V UNIQA;Aktivní vozidlo nebylo nalezeno v UNIQA ani Allianz a poznámka TIRBazar neobsahuje informaci o depozitu.
18416;WV1ZZZ7HZKH035118;7AJ2416;;CHYBÍ V UNIQA;Aktivní vozidlo nebylo nalezeno v UNIQA ani Allianz a poznámka TIRBazar neobsahuje informaci o depozitu.
17362;WV1ZZZ7HZKH123469;2BF5384;;CHYBÍ V UNIQA;Aktivní vozidlo nebylo nalezeno v UNIQA ani Allianz a poznámka TIRBazar neobsahuje informaci o depozitu.
18169;WV1ZZZ7HZKH123998;2BF5395;;CHYBÍ V UNIQA;Aktivní vozidlo nebylo nalezeno v UNIQA ani Allianz a poznámka TIRBazar neobsahuje informaci o depozitu.
18247;WV1ZZZSKZMX024310;9AC6035;;CHYBÍ V UNIQA;Aktivní vozidlo nebylo nalezeno v UNIQA ani Allianz a poznámka TIRBazar neobsahuje informaci o depozitu.
19180;WV1ZZZSY4P9064168;1ACF172;;CHYBÍ V UNIQA;Aktivní vozidlo nebylo nalezeno v UNIQA ani Allianz a poznámka TIRBazar neobsahuje informaci o depozitu.
19516;WV1ZZZSYZH9007295;8U96726;;CHYBÍ V UNIQA;Aktivní vozidlo nebylo nalezeno v UNIQA ani Allianz a poznámka TIRBazar neobsahuje informaci o depozitu.
17226;WV1ZZZSYZH9008292;9C76228;;CHYBÍ V UNIQA;Aktivní vozidlo nebylo nalezeno v UNIQA ani Allianz a poznámka TIRBazar neobsahuje informaci o depozitu.
17709;WV1ZZZSYZH9010028;5J68689;;CHYBÍ V UNIQA;Aktivní vozidlo nebylo nalezeno v UNIQA ani Allianz a poznámka TIRBazar neobsahuje informaci o depozitu.
17016;WV1ZZZSYZJ9006664;6AM3609;;CHYBÍ V UNIQA;Aktivní vozidlo nebylo nalezeno v UNIQA ani Allianz a poznámka TIRBazar neobsahuje informaci o depozitu.
19329;WV1ZZZSYZJ9009029;6AR8031;;CHYBÍ V UNIQA;Aktivní vozidlo nebylo nalezeno v UNIQA ani Allianz a poznámka TIRBazar neobsahuje informaci o depozitu.
18742;WV1ZZZSYZK9019823;7AH6471;;CHYBÍ V UNIQA;Aktivní vozidlo nebylo nalezeno v UNIQA ani Allianz a poznámka TIRBazar neobsahuje informaci o depozitu.
19649;WV1ZZZSYZK9024638;1TN6630;;CHYBÍ V UNIQA;Aktivní vozidlo nebylo nalezeno v UNIQA ani Allianz a poznámka TIRBazar neobsahuje informaci o depozitu.
18645;WV1ZZZSYZK9032697;4SL1881;;CHYBÍ V UNIQA;Aktivní vozidlo nebylo nalezeno v UNIQA ani Allianz a poznámka TIRBazar neobsahuje informaci o depozitu.
17522;WV1ZZZSYZK9032950;7AT2293;;CHYBÍ V UNIQA;Aktivní vozidlo nebylo nalezeno v UNIQA ani Allianz a poznámka TIRBazar neobsahuje informaci o depozitu.
17288;WV1ZZZSYZK9035004;7AJ7790;;CHYBÍ V UNIQA;Aktivní vozidlo nebylo nalezeno v UNIQA ani Allianz a poznámka TIRBazar neobsahuje informaci o depozitu.
17586;WV1ZZZSYZK9048578;7AL9687;;CHYBÍ V UNIQA;Aktivní vozidlo nebylo nalezeno v UNIQA ani Allianz a poznámka TIRBazar neobsahuje informaci o depozitu.
19853;WV1ZZZSYZM9040546;6Z85285;;CHYBÍ V UNIQA;Aktivní vozidlo nebylo nalezeno v UNIQA ani Allianz a poznámka TIRBazar neobsahuje informaci o depozitu.
19309;WV1ZZZSYZM9042027;8AN7626;;CHYBÍ V UNIQA;Aktivní vozidlo nebylo nalezeno v UNIQA ani Allianz a poznámka TIRBazar neobsahuje informaci o depozitu.
18376;WV1ZZZSYZM9051322;2BS6509;;CHYBÍ V UNIQA;Aktivní vozidlo nebylo nalezeno v UNIQA ani Allianz a poznámka TIRBazar neobsahuje informaci o depozitu.
18285;WV2ZZZ2KZHX151252;1TE4126;;CHYBÍ V UNIQA;Aktivní vozidlo nebylo nalezeno v UNIQA ani Allianz a poznámka TIRBazar neobsahuje informaci o depozitu.
18704;WV2ZZZ2KZHX156866;6AI4108;;CHYBÍ V UNIQA;Aktivní vozidlo nebylo nalezeno v UNIQA ani Allianz a poznámka TIRBazar neobsahuje informaci o depozitu.
17299;WV2ZZZ70Z1X061872;AKV5477;;CHYBÍ V UNIQA;Aktivní vozidlo nebylo nalezeno v UNIQA ani Allianz a poznámka TIRBazar neobsahuje informaci o depozitu.
17970;WV2ZZZ70Z2H059124;5AR3570;;CHYBÍ V UNIQA;Aktivní vozidlo nebylo nalezeno v UNIQA ani Allianz a poznámka TIRBazar neobsahuje informaci o depozitu.
16455;WV2ZZZ70ZWH123632;2AC7456;;CHYBÍ V UNIQA;Aktivní vozidlo nebylo nalezeno v UNIQA ani Allianz a poznámka TIRBazar neobsahuje informaci o depozitu.
18275;WV2ZZZ7HZ4X018273;2AH2369;;CHYBÍ V UNIQA;Aktivní vozidlo nebylo nalezeno v UNIQA ani Allianz a poznámka TIRBazar neobsahuje informaci o depozitu.
18680;WV2ZZZ7HZ8H098931;1AEU538;;CHYBÍ V UNIQA;Aktivní vozidlo nebylo nalezeno v UNIQA ani Allianz a poznámka TIRBazar neobsahuje informaci o depozitu.
18388;WV2ZZZ7HZBH065524;8U07100;;CHYBÍ V UNIQA;Aktivní vozidlo nebylo nalezeno v UNIQA ani Allianz a poznámka TIRBazar neobsahuje informaci o depozitu.
17404;WV2ZZZ7HZEH024047;5SM2736;;CHYBÍ V UNIQA;Aktivní vozidlo nebylo nalezeno v UNIQA ani Allianz a poznámka TIRBazar neobsahuje informaci o depozitu.
17399;WV2ZZZ7HZEH053013;1BN1055;;CHYBÍ V UNIQA;Aktivní vozidlo nebylo nalezeno v UNIQA ani Allianz a poznámka TIRBazar neobsahuje informaci o depozitu.
18674;WV2ZZZ7HZGH018957;7H90245;;CHYBÍ V UNIQA;Aktivní vozidlo nebylo nalezeno v UNIQA ani Allianz a poznámka TIRBazar neobsahuje informaci o depozitu.
19872;WV2ZZZ7HZHH099272;7P49772;;CHYBÍ V UNIQA;Aktivní vozidlo nebylo nalezeno v UNIQA ani Allianz a poznámka TIRBazar neobsahuje informaci o depozitu.
19515;WV2ZZZ7HZHH151363;8U96849;;CHYBÍ V UNIQA;Aktivní vozidlo nebylo nalezeno v UNIQA ani Allianz a poznámka TIRBazar neobsahuje informaci o depozitu.
18926;WV2ZZZ7HZJH126693;9U93079;;CHYBÍ V UNIQA;Aktivní vozidlo nebylo nalezeno v UNIQA ani Allianz a poznámka TIRBazar neobsahuje informaci o depozitu.
19207;WV2ZZZ7HZKH051790;4ST9868;;CHYBÍ V UNIQA;Aktivní vozidlo nebylo nalezeno v UNIQA ani Allianz a poznámka TIRBazar neobsahuje informaci o depozitu.
18082;WV2ZZZSKZNX011111;5SN4755;;CHYBÍ V UNIQA;Aktivní vozidlo nebylo nalezeno v UNIQA ani Allianz a poznámka TIRBazar neobsahuje informaci o depozitu.
18452;WV2ZZZST7PH011227;EL198BK;;CHYBÍ V UNIQA;Aktivní vozidlo nebylo nalezeno v UNIQA ani Allianz a poznámka TIRBazar neobsahuje informaci o depozitu.
17980;WV3ZZZ5ZZK9005599;1BZ5448;;CHYBÍ V UNIQA;Aktivní vozidlo nebylo nalezeno v UNIQA ani Allianz a poznámka TIRBazar neobsahuje informaci o depozitu.
18774;WV3ZZZ70Z3H137541;1UM1110;;CHYBÍ V UNIQA;Aktivní vozidlo nebylo nalezeno v UNIQA ani Allianz a poznámka TIRBazar neobsahuje informaci o depozitu.
19423;WV3ZZZ7JZ9X016800;3L51031;;CHYBÍ V UNIQA;Aktivní vozidlo nebylo nalezeno v UNIQA ani Allianz a poznámka TIRBazar neobsahuje informaci o depozitu.
18775;WV3ZZZ7JZDX005927;8U41000;;CHYBÍ V UNIQA;Aktivní vozidlo nebylo nalezeno v UNIQA ani Allianz a poznámka TIRBazar neobsahuje informaci o depozitu.
18812;WV3ZZZSZ5P9059643;1AMR100;;CHYBÍ V UNIQA;Aktivní vozidlo nebylo nalezeno v UNIQA ani Allianz a poznámka TIRBazar neobsahuje informaci o depozitu.
18519;WV3ZZZSZ5P9063997;6SD0212;;CHYBÍ V UNIQA;Aktivní vozidlo nebylo nalezeno v UNIQA ani Allianz a poznámka TIRBazar neobsahuje informaci o depozitu.
19092;WV3ZZZSZZJ9001383;1AMM990;;CHYBÍ V UNIQA;Aktivní vozidlo nebylo nalezeno v UNIQA ani Allianz a poznámka TIRBazar neobsahuje informaci o depozitu.
19099;WV3ZZZSZZJ9023566;6J02973;;CHYBÍ V UNIQA;Aktivní vozidlo nebylo nalezeno v UNIQA ani Allianz a poznámka TIRBazar neobsahuje informaci o depozitu.
18769;WV3ZZZSZZJ9048744;7AN2930;;CHYBÍ V UNIQA;Aktivní vozidlo nebylo nalezeno v UNIQA ani Allianz a poznámka TIRBazar neobsahuje informaci o depozitu.
17844;WV3ZZZSZZK9012213;1TK7372;;CHYBÍ V UNIQA;Aktivní vozidlo nebylo nalezeno v UNIQA ani Allianz a poznámka TIRBazar neobsahuje informaci o depozitu.
18025;WV3ZZZSZZK9070754;7H26659;;CHYBÍ V UNIQA;Aktivní vozidlo nebylo nalezeno v UNIQA ani Allianz a poznámka TIRBazar neobsahuje informaci o depozitu.
19462;WV3ZZZSZZL9018099;1ALR694;;CHYBÍ V UNIQA;Aktivní vozidlo nebylo nalezeno v UNIQA ani Allianz a poznámka TIRBazar neobsahuje informaci o depozitu.
18815;WV3ZZZSZZN9012479;5ST3745;;CHYBÍ V UNIQA;Aktivní vozidlo nebylo nalezeno v UNIQA ani Allianz a poznámka TIRBazar neobsahuje informaci o depozitu.
19836;WVGZZZ1TZ5W173980;6H25374;;CHYBÍ V UNIQA;Aktivní vozidlo nebylo nalezeno v UNIQA ani Allianz a poznámka TIRBazar neobsahuje informaci o depozitu.
17230;WVGZZZ7PZJD001660;6AN3034;;CHYBÍ V UNIQA;Aktivní vozidlo nebylo nalezeno v UNIQA ani Allianz a poznámka TIRBazar neobsahuje informaci o depozitu.
10330;WVWZZZ1KZCW196957;7AN8798;;CHYBÍ V UNIQA;Aktivní vozidlo nebylo nalezeno v UNIQA ani Allianz a poznámka TIRBazar neobsahuje informaci o depozitu.
17948;WVWZZZCDZLW023169;;;CHYBÍ V UNIQA;Aktivní vozidlo nebylo nalezeno v UNIQA ani Allianz a poznámka TIRBazar neobsahuje informaci o depozitu.
17947;WVWZZZCDZNW505904;;;CHYBÍ V UNIQA;Aktivní vozidlo nebylo nalezeno v UNIQA ani Allianz a poznámka TIRBazar neobsahuje informaci o depozitu.
18901;XLRTEH4300G375372;9AF1916;;CHYBÍ V UNIQA;Aktivní vozidlo nebylo nalezeno v UNIQA ani Allianz a poznámka TIRBazar neobsahuje informaci o depozitu.
19031;YARVBYHVKGZ156501;7AT9300;;CHYBÍ V UNIQA;Aktivní vozidlo nebylo nalezeno v UNIQA ani Allianz a poznámka TIRBazar neobsahuje informaci o depozitu.
18978;YARVEEHZ7GZ245754;2BY8614;;CHYBÍ V UNIQA;Aktivní vozidlo nebylo nalezeno v UNIQA ani Allianz a poznámka TIRBazar neobsahuje informaci o depozitu.
18180;YARVFAHKHGZ067920;6AR2933;;CHYBÍ V UNIQA;Aktivní vozidlo nebylo nalezeno v UNIQA ani Allianz a poznámka TIRBazar neobsahuje informaci o depozitu.
18483;YARVFAHKHGZ148367;7AU2925;;CHYBÍ V UNIQA;Aktivní vozidlo nebylo nalezeno v UNIQA ani Allianz a poznámka TIRBazar neobsahuje informaci o depozitu.
18952;YARVFEHZ8GZ174603;5SD9274;;CHYBÍ V UNIQA;Aktivní vozidlo nebylo nalezeno v UNIQA ani Allianz a poznámka TIRBazar neobsahuje informaci o depozitu.
19143;Z3B3302738R004599;7J06966;;CHYBÍ V UNIQA;Aktivní vozidlo nebylo nalezeno v UNIQA ani Allianz a poznámka TIRBazar neobsahuje informaci o depozitu.
17961;ZAPNP6B1D0P001310;4K86482;;CHYBÍ V UNIQA;Aktivní vozidlo nebylo nalezeno v UNIQA ani Allianz a poznámka TIRBazar neobsahuje informaci o depozitu.
19020;ZAPS90CJW00000153;6L45301;;CHYBÍ V UNIQA;Aktivní vozidlo nebylo nalezeno v UNIQA ani Allianz a poznámka TIRBazar neobsahuje informaci o depozitu.
18720;ZCFA1ED0302525855;5SR5681;;CHYBÍ V UNIQA;Aktivní vozidlo nebylo nalezeno v UNIQA ani Allianz a poznámka TIRBazar neobsahuje informaci o depozitu.
18145;ZCFA1ED0402571952;3SH3771;;CHYBÍ V UNIQA;Aktivní vozidlo nebylo nalezeno v UNIQA ani Allianz a poznámka TIRBazar neobsahuje informaci o depozitu.
17201;ZCFA1VM1402562748;1AM5812;;CHYBÍ V UNIQA;Aktivní vozidlo nebylo nalezeno v UNIQA ani Allianz a poznámka TIRBazar neobsahuje informaci o depozitu.
17349;ZCFA71EF502657232;5AV3896;;CHYBÍ V UNIQA;Aktivní vozidlo nebylo nalezeno v UNIQA ani Allianz a poznámka TIRBazar neobsahuje informaci o depozitu.
3704;ZCFA80F1102400869;4E85158;;CHYBÍ V UNIQA;Aktivní vozidlo nebylo nalezeno v UNIQA ani Allianz a poznámka TIRBazar neobsahuje informaci o depozitu.
17986;ZCFAH1EG202720678;5SP3147;;CHYBÍ V UNIQA;Aktivní vozidlo nebylo nalezeno v UNIQA ani Allianz a poznámka TIRBazar neobsahuje informaci o depozitu.
17774;ZCFC1357805995348;4SI7928;;CHYBÍ V UNIQA;Aktivní vozidlo nebylo nalezeno v UNIQA ani Allianz a poznámka TIRBazar neobsahuje informaci o depozitu.
19634;ZCFC1358605179926;1ADD728;;CHYBÍ V UNIQA;Aktivní vozidlo nebylo nalezeno v UNIQA ani Allianz a poznámka TIRBazar neobsahuje informaci o depozitu.
18335;ZCFC1359205022032;5SJ4985;;CHYBÍ V UNIQA;Aktivní vozidlo nebylo nalezeno v UNIQA ani Allianz a poznámka TIRBazar neobsahuje informaci o depozitu.
18334;ZCFC1359405022033;4AP8346;;CHYBÍ V UNIQA;Aktivní vozidlo nebylo nalezeno v UNIQA ani Allianz a poznámka TIRBazar neobsahuje informaci o depozitu.
19579;ZCFC1359805003419;7H24316;;CHYBÍ V UNIQA;Aktivní vozidlo nebylo nalezeno v UNIQA ani Allianz a poznámka TIRBazar neobsahuje informaci o depozitu.
17696;ZCFC135A205026219;5SH9271;;CHYBÍ V UNIQA;Aktivní vozidlo nebylo nalezeno v UNIQA ani Allianz a poznámka TIRBazar neobsahuje informaci o depozitu.
18578;ZCFC135A305017982;6Z53601;;CHYBÍ V UNIQA;Aktivní vozidlo nebylo nalezeno v UNIQA ani Allianz a poznámka TIRBazar neobsahuje informaci o depozitu.
18469;ZCFC135A505106047;8C26671;;CHYBÍ V UNIQA;Aktivní vozidlo nebylo nalezeno v UNIQA ani Allianz a poznámka TIRBazar neobsahuje informaci o depozitu.
19112;ZCFC135A605997319;1BV5149;;CHYBÍ V UNIQA;Aktivní vozidlo nebylo nalezeno v UNIQA ani Allianz a poznámka TIRBazar neobsahuje informaci o depozitu.
17822;ZCFC135AX0D551051;8AH2367;;CHYBÍ V UNIQA;Aktivní vozidlo nebylo nalezeno v UNIQA ani Allianz a poznámka TIRBazar neobsahuje informaci o depozitu.
19770;ZCFC135B105288676;8AX5286;;CHYBÍ V UNIQA;Aktivní vozidlo nebylo nalezeno v UNIQA ani Allianz a poznámka TIRBazar neobsahuje informaci o depozitu.
18095;ZCFC135B205184164;5SH1901;;CHYBÍ V UNIQA;Aktivní vozidlo nebylo nalezeno v UNIQA ani Allianz a poznámka TIRBazar neobsahuje informaci o depozitu.
19317;ZCFC135B205210620;1ALK460;;CHYBÍ V UNIQA;Aktivní vozidlo nebylo nalezeno v UNIQA ani Allianz a poznámka TIRBazar neobsahuje informaci o depozitu.
18479;ZCFC135B205263673;4K83457;;CHYBÍ V UNIQA;Aktivní vozidlo nebylo nalezeno v UNIQA ani Allianz a poznámka TIRBazar neobsahuje informaci o depozitu.
18517;ZCFC135B305215860;5SI0116;;CHYBÍ V UNIQA;Aktivní vozidlo nebylo nalezeno v UNIQA ani Allianz a poznámka TIRBazar neobsahuje informaci o depozitu.
18368;ZCFC135B405262525;8P44066;;CHYBÍ V UNIQA;Aktivní vozidlo nebylo nalezeno v UNIQA ani Allianz a poznámka TIRBazar neobsahuje informaci o depozitu.
19760;ZCFC135B505181775;8AA6877;;CHYBÍ V UNIQA;Aktivní vozidlo nebylo nalezeno v UNIQA ani Allianz a poznámka TIRBazar neobsahuje informaci o depozitu.
18098;ZCFC135B505247550;2BR3285;;CHYBÍ V UNIQA;Aktivní vozidlo nebylo nalezeno v UNIQA ani Allianz a poznámka TIRBazar neobsahuje informaci o depozitu.
18153;ZCFC135B605289595;9AM3792;;CHYBÍ V UNIQA;Aktivní vozidlo nebylo nalezeno v UNIQA ani Allianz a poznámka TIRBazar neobsahuje informaci o depozitu.
17580;ZCFC135B705169885;6AL7509;;CHYBÍ V UNIQA;Aktivní vozidlo nebylo nalezeno v UNIQA ani Allianz a poznámka TIRBazar neobsahuje informaci o depozitu.
19134;ZCFC135B705228689;4SV2875;;CHYBÍ V UNIQA;Aktivní vozidlo nebylo nalezeno v UNIQA ani Allianz a poznámka TIRBazar neobsahuje informaci o depozitu.
18287;ZCFC135B705264625;5SP2923;;CHYBÍ V UNIQA;Aktivní vozidlo nebylo nalezeno v UNIQA ani Allianz a poznámka TIRBazar neobsahuje informaci o depozitu.
18830;ZCFC135B805181821;8P10248;;CHYBÍ V UNIQA;Aktivní vozidlo nebylo nalezeno v UNIQA ani Allianz a poznámka TIRBazar neobsahuje informaci o depozitu.
17679;ZCFC135B805263421;8P68571;;CHYBÍ V UNIQA;Aktivní vozidlo nebylo nalezeno v UNIQA ani Allianz a poznámka TIRBazar neobsahuje informaci o depozitu.
19768;ZCFC135B805265301;8AV6411;;CHYBÍ V UNIQA;Aktivní vozidlo nebylo nalezeno v UNIQA ani Allianz a poznámka TIRBazar neobsahuje informaci o depozitu.
17261;ZCFC135B905196442;1UH8109;;CHYBÍ V UNIQA;Aktivní vozidlo nebylo nalezeno v UNIQA ani Allianz a poznámka TIRBazar neobsahuje informaci o depozitu.
18986;ZCFC135BX05230775;8P38869;;CHYBÍ V UNIQA;Aktivní vozidlo nebylo nalezeno v UNIQA ani Allianz a poznámka TIRBazar neobsahuje informaci o depozitu.
18005;ZCFC135C005028147;4SD4524;;CHYBÍ V UNIQA;Aktivní vozidlo nebylo nalezeno v UNIQA ani Allianz a poznámka TIRBazar neobsahuje informaci o depozitu.
18146;ZCFC135C405082289;1BH6135;;CHYBÍ V UNIQA;Aktivní vozidlo nebylo nalezeno v UNIQA ani Allianz a poznámka TIRBazar neobsahuje informaci o depozitu.
18921;ZCFC135C605058849;5SI9696;;CHYBÍ V UNIQA;Aktivní vozidlo nebylo nalezeno v UNIQA ani Allianz a poznámka TIRBazar neobsahuje informaci o depozitu.
18251;ZCFC135C605080429;8P80123;;CHYBÍ V UNIQA;Aktivní vozidlo nebylo nalezeno v UNIQA ani Allianz a poznámka TIRBazar neobsahuje informaci o depozitu.
19686;ZCFC135C805057377;5M91002;;CHYBÍ V UNIQA;Aktivní vozidlo nebylo nalezeno v UNIQA ani Allianz a poznámka TIRBazar neobsahuje informaci o depozitu.
19290;ZCFC135C90D559787;8P36678;;CHYBÍ V UNIQA;Aktivní vozidlo nebylo nalezeno v UNIQA ani Allianz a poznámka TIRBazar neobsahuje informaci o depozitu.
18773;ZCFC135D005247991;7AJ7694;;CHYBÍ V UNIQA;Aktivní vozidlo nebylo nalezeno v UNIQA ani Allianz a poznámka TIRBazar neobsahuje informaci o depozitu.
19052;ZCFC135D105173061;1TN4076;;CHYBÍ V UNIQA;Aktivní vozidlo nebylo nalezeno v UNIQA ani Allianz a poznámka TIRBazar neobsahuje informaci o depozitu.
18981;ZCFC135D105232917;7AE8373;;CHYBÍ V UNIQA;Aktivní vozidlo nebylo nalezeno v UNIQA ani Allianz a poznámka TIRBazar neobsahuje informaci o depozitu.
19829;ZCFC135D1H5150598;8AR0094;;CHYBÍ V UNIQA;Aktivní vozidlo nebylo nalezeno v UNIQA ani Allianz a poznámka TIRBazar neobsahuje informaci o depozitu.
19436;ZCFC135D1K5277875;6L77808;;CHYBÍ V UNIQA;Aktivní vozidlo nebylo nalezeno v UNIQA ani Allianz a poznámka TIRBazar neobsahuje informaci o depozitu.
19685;ZCFC135D205158603;6M31316;;CHYBÍ V UNIQA;Aktivní vozidlo nebylo nalezeno v UNIQA ani Allianz a poznámka TIRBazar neobsahuje informaci o depozitu.
17737;ZCFC135D205297968;1TP0541;;CHYBÍ V UNIQA;Aktivní vozidlo nebylo nalezeno v UNIQA ani Allianz a poznámka TIRBazar neobsahuje informaci o depozitu.
17886;ZCFC135D2K5281529;1TP0138;;CHYBÍ V UNIQA;Aktivní vozidlo nebylo nalezeno v UNIQA ani Allianz a poznámka TIRBazar neobsahuje informaci o depozitu.
17426;ZCFC135D3H5150599;9U69803;;CHYBÍ V UNIQA;Aktivní vozidlo nebylo nalezeno v UNIQA ani Allianz a poznámka TIRBazar neobsahuje informaci o depozitu.
17425;ZCFC135D3H5175678;9U63765;;CHYBÍ V UNIQA;Aktivní vozidlo nebylo nalezeno v UNIQA ani Allianz a poznámka TIRBazar neobsahuje informaci o depozitu.
18785;ZCFC135D4H5159375;6SH2062;;CHYBÍ V UNIQA;Aktivní vozidlo nebylo nalezeno v UNIQA ani Allianz a poznámka TIRBazar neobsahuje informaci o depozitu.
18939;ZCFC135D4K5254123;8P22910;;CHYBÍ V UNIQA;Aktivní vozidlo nebylo nalezeno v UNIQA ani Allianz a poznámka TIRBazar neobsahuje informaci o depozitu.
16869;ZCFC135D505130262;9T76232;;CHYBÍ V UNIQA;Aktivní vozidlo nebylo nalezeno v UNIQA ani Allianz a poznámka TIRBazar neobsahuje informaci o depozitu.
19173;ZCFC135D505261272;7AP5116;;CHYBÍ V UNIQA;Aktivní vozidlo nebylo nalezeno v UNIQA ani Allianz a poznámka TIRBazar neobsahuje informaci o depozitu.
19553;ZCFC135D7J5223706;8P98206;;CHYBÍ V UNIQA;Aktivní vozidlo nebylo nalezeno v UNIQA ani Allianz a poznámka TIRBazar neobsahuje informaci o depozitu.
19168;ZCFC135DX05153276;6AC8774;;CHYBÍ V UNIQA;Aktivní vozidlo nebylo nalezeno v UNIQA ani Allianz a poznámka TIRBazar neobsahuje informaci o depozitu.
18142;ZCFC135DX05162317;6H51399;;CHYBÍ V UNIQA;Aktivní vozidlo nebylo nalezeno v UNIQA ani Allianz a poznámka TIRBazar neobsahuje informaci o depozitu.
16859;ZCFC135DX05213105;6E05717;;CHYBÍ V UNIQA;Aktivní vozidlo nebylo nalezeno v UNIQA ani Allianz a poznámka TIRBazar neobsahuje informaci o depozitu.
17323;ZCFC150A005091931;6AX8227;;CHYBÍ V UNIQA;Aktivní vozidlo nebylo nalezeno v UNIQA ani Allianz a poznámka TIRBazar neobsahuje informaci o depozitu.
17604;ZCFC150A105065256;5AD3440;;CHYBÍ V UNIQA;Aktivní vozidlo nebylo nalezeno v UNIQA ani Allianz a poznámka TIRBazar neobsahuje informaci o depozitu.
17447;ZCFC150A105091937;6AY4078;;CHYBÍ V UNIQA;Aktivní vozidlo nebylo nalezeno v UNIQA ani Allianz a poznámka TIRBazar neobsahuje informaci o depozitu.
17325;ZCFC150A105091940;6AE3757;;CHYBÍ V UNIQA;Aktivní vozidlo nebylo nalezeno v UNIQA ani Allianz a poznámka TIRBazar neobsahuje informaci o depozitu.
18594;ZCFC150A205040690;5M65635;;CHYBÍ V UNIQA;Aktivní vozidlo nebylo nalezeno v UNIQA ani Allianz a poznámka TIRBazar neobsahuje informaci o depozitu.
17290;ZCFC150A205076167;5SJ0236;;CHYBÍ V UNIQA;Aktivní vozidlo nebylo nalezeno v UNIQA ani Allianz a poznámka TIRBazar neobsahuje informaci o depozitu.
17384;ZCFC150A205091932;7AS9974;;CHYBÍ V UNIQA;Aktivní vozidlo nebylo nalezeno v UNIQA ani Allianz a poznámka TIRBazar neobsahuje informaci o depozitu.
17919;ZCFC150A305091941;5AP6981;;CHYBÍ V UNIQA;Aktivní vozidlo nebylo nalezeno v UNIQA ani Allianz a poznámka TIRBazar neobsahuje informaci o depozitu.
17291;ZCFC150A405061220;5AZ9529;;CHYBÍ V UNIQA;Aktivní vozidlo nebylo nalezeno v UNIQA ani Allianz a poznámka TIRBazar neobsahuje informaci o depozitu.
18662;ZCFC150A405076168;5AE0395;;CHYBÍ V UNIQA;Aktivní vozidlo nebylo nalezeno v UNIQA ani Allianz a poznámka TIRBazar neobsahuje informaci o depozitu.
18147;ZCFC150A405084805;5AK9694;;CHYBÍ V UNIQA;Aktivní vozidlo nebylo nalezeno v UNIQA ani Allianz a poznámka TIRBazar neobsahuje informaci o depozitu.
17688;ZCFC150A405091933;5SX2110;;CHYBÍ V UNIQA;Aktivní vozidlo nebylo nalezeno v UNIQA ani Allianz a poznámka TIRBazar neobsahuje informaci o depozitu.
18621;ZCFC150A405989917;5E30178;;CHYBÍ V UNIQA;Aktivní vozidlo nebylo nalezeno v UNIQA ani Allianz a poznámka TIRBazar neobsahuje informaci o depozitu.
17329;ZCFC150A505048847;1UJ7506;;CHYBÍ V UNIQA;Aktivní vozidlo nebylo nalezeno v UNIQA ani Allianz a poznámka TIRBazar neobsahuje informaci o depozitu.
17324;ZCFC150A505091939;6AD6233;;CHYBÍ V UNIQA;Aktivní vozidlo nebylo nalezeno v UNIQA ani Allianz a poznámka TIRBazar neobsahuje informaci o depozitu.
17686;ZCFC150A505091942;6AD8900;;CHYBÍ V UNIQA;Aktivní vozidlo nebylo nalezeno v UNIQA ani Allianz a poznámka TIRBazar neobsahuje informaci o depozitu.
17326;ZCFC150A605061221;5AB8950;;CHYBÍ V UNIQA;Aktivní vozidlo nebylo nalezeno v UNIQA ani Allianz a poznámka TIRBazar neobsahuje informaci o depozitu.
17599;ZCFC150A705091943;7AM1796;;CHYBÍ V UNIQA;Aktivní vozidlo nebylo nalezeno v UNIQA ani Allianz a poznámka TIRBazar neobsahuje informaci o depozitu.
17603;ZCFC150A705098200;5SU2035;;CHYBÍ V UNIQA;Aktivní vozidlo nebylo nalezeno v UNIQA ani Allianz a poznámka TIRBazar neobsahuje informaci o depozitu.
17292;ZCFC150A805061219;5SL7757;;CHYBÍ V UNIQA;Aktivní vozidlo nebylo nalezeno v UNIQA ani Allianz a poznámka TIRBazar neobsahuje informaci o depozitu.
17602;ZCFC150A805061222;6AD6256;;CHYBÍ V UNIQA;Aktivní vozidlo nebylo nalezeno v UNIQA ani Allianz a poznámka TIRBazar neobsahuje informaci o depozitu.
17446;ZCFC150A805091935;5AN2625;;CHYBÍ V UNIQA;Aktivní vozidlo nebylo nalezeno v UNIQA ani Allianz a poznámka TIRBazar neobsahuje informaci o depozitu.
17601;ZCFC150A905091944;6AA8849;;CHYBÍ V UNIQA;Aktivní vozidlo nebylo nalezeno v UNIQA ani Allianz a poznámka TIRBazar neobsahuje informaci o depozitu.
18367;ZCFC150AX05061223;5AC2642;;CHYBÍ V UNIQA;Aktivní vozidlo nebylo nalezeno v UNIQA ani Allianz a poznámka TIRBazar neobsahuje informaci o depozitu.
17990;ZCFC150AX05091936;5AP6980;;CHYBÍ V UNIQA;Aktivní vozidlo nebylo nalezeno v UNIQA ani Allianz a poznámka TIRBazar neobsahuje informaci o depozitu.
17193;ZCFC150B105158190;5SN1750;;CHYBÍ V UNIQA;Aktivní vozidlo nebylo nalezeno v UNIQA ani Allianz a poznámka TIRBazar neobsahuje informaci o depozitu.
19397;ZCFC150B105176110;3SX9427;;CHYBÍ V UNIQA;Aktivní vozidlo nebylo nalezeno v UNIQA ani Allianz a poznámka TIRBazar neobsahuje informaci o depozitu.
19384;ZCFC150B105230800;6J06732;;CHYBÍ V UNIQA;Aktivní vozidlo nebylo nalezeno v UNIQA ani Allianz a poznámka TIRBazar neobsahuje informaci o depozitu.
18362;ZCFC150B205272912;7AL3668;;CHYBÍ V UNIQA;Aktivní vozidlo nebylo nalezeno v UNIQA ani Allianz a poznámka TIRBazar neobsahuje informaci o depozitu.
19396;ZCFC150B305176111;3SX9426;;CHYBÍ V UNIQA;Aktivní vozidlo nebylo nalezeno v UNIQA ani Allianz a poznámka TIRBazar neobsahuje informaci o depozitu.
18563;ZCFC150B305230801;6J06658;;CHYBÍ V UNIQA;Aktivní vozidlo nebylo nalezeno v UNIQA ani Allianz a poznámka TIRBazar neobsahuje informaci o depozitu.
17989;ZCFC150B305260655;7AI6645;;CHYBÍ V UNIQA;Aktivní vozidlo nebylo nalezeno v UNIQA ani Allianz a poznámka TIRBazar neobsahuje informaci o depozitu.
18366;ZCFC150B405272913;7AL3666;;CHYBÍ V UNIQA;Aktivní vozidlo nebylo nalezeno v UNIQA ani Allianz a poznámka TIRBazar neobsahuje informaci o depozitu.
18429;ZCFC150B405285788;5L89447;;CHYBÍ V UNIQA;Aktivní vozidlo nebylo nalezeno v UNIQA ani Allianz a poznámka TIRBazar neobsahuje informaci o depozitu.
17320;ZCFC150B505174294;6AL0687;;CHYBÍ V UNIQA;Aktivní vozidlo nebylo nalezeno v UNIQA ani Allianz a poznámka TIRBazar neobsahuje informaci o depozitu.
18084;ZCFC150B605272914;7AL3667;;CHYBÍ V UNIQA;Aktivní vozidlo nebylo nalezeno v UNIQA ani Allianz a poznámka TIRBazar neobsahuje informaci o depozitu.
18363;ZCFC150B605278745;7AL3539;;CHYBÍ V UNIQA;Aktivní vozidlo nebylo nalezeno v UNIQA ani Allianz a poznámka TIRBazar neobsahuje informaci o depozitu.
18083;ZCFC150B605279314;7AL9467;;CHYBÍ V UNIQA;Aktivní vozidlo nebylo nalezeno v UNIQA ani Allianz a poznámka TIRBazar neobsahuje informaci o depozitu.
18081;ZCFC150B705279595;7AL9466;;CHYBÍ V UNIQA;Aktivní vozidlo nebylo nalezeno v UNIQA ani Allianz a poznámka TIRBazar neobsahuje informaci o depozitu.
17558;ZCFC150B805174290;7AB0144;;CHYBÍ V UNIQA;Aktivní vozidlo nebylo nalezeno v UNIQA ani Allianz a poznámka TIRBazar neobsahuje informaci o depozitu.
18246;ZCFC150C105043744;1TZ4126;;CHYBÍ V UNIQA;Aktivní vozidlo nebylo nalezeno v UNIQA ani Allianz a poznámka TIRBazar neobsahuje informaci o depozitu.
17025;ZCFC150C405065446;5AD9618;;CHYBÍ V UNIQA;Aktivní vozidlo nebylo nalezeno v UNIQA ani Allianz a poznámka TIRBazar neobsahuje informaci o depozitu.
19205;ZCFC150C605059213;7M94238;;CHYBÍ V UNIQA;Aktivní vozidlo nebylo nalezeno v UNIQA ani Allianz a poznámka TIRBazar neobsahuje informaci o depozitu.
17026;ZCFC150C605065447;5AD9619;;CHYBÍ V UNIQA;Aktivní vozidlo nebylo nalezeno v UNIQA ani Allianz a poznámka TIRBazar neobsahuje informaci o depozitu.
19671;ZCFC150CX05095759;9T99689;;CHYBÍ V UNIQA;Aktivní vozidlo nebylo nalezeno v UNIQA ani Allianz a poznámka TIRBazar neobsahuje informaci o depozitu.
19376;ZCFC150CX05119395;3SZ7469;;CHYBÍ V UNIQA;Aktivní vozidlo nebylo nalezeno v UNIQA ani Allianz a poznámka TIRBazar neobsahuje informaci o depozitu.
19488;ZCFC150D005142869;3SH6353;;CHYBÍ V UNIQA;Aktivní vozidlo nebylo nalezeno v UNIQA ani Allianz a poznámka TIRBazar neobsahuje informaci o depozitu.
18841;ZCFC150D005291802;9C85905;;CHYBÍ V UNIQA;Aktivní vozidlo nebylo nalezeno v UNIQA ani Allianz a poznámka TIRBazar neobsahuje informaci o depozitu.
18881;ZCFC150D105185732;9P29136;;CHYBÍ V UNIQA;Aktivní vozidlo nebylo nalezeno v UNIQA ani Allianz a poznámka TIRBazar neobsahuje informaci o depozitu.
18807;ZCFC150D105199887;8C07685;;CHYBÍ V UNIQA;Aktivní vozidlo nebylo nalezeno v UNIQA ani Allianz a poznámka TIRBazar neobsahuje informaci o depozitu.
19670;ZCFC150D105214467;1TD5778;;CHYBÍ V UNIQA;Aktivní vozidlo nebylo nalezeno v UNIQA ani Allianz a poznámka TIRBazar neobsahuje informaci o depozitu.
19071;ZCFC150D405228556;9P78076;;CHYBÍ V UNIQA;Aktivní vozidlo nebylo nalezeno v UNIQA ani Allianz a poznámka TIRBazar neobsahuje informaci o depozitu.
19230;ZCFC150D505212530;8C07329;;CHYBÍ V UNIQA;Aktivní vozidlo nebylo nalezeno v UNIQA ani Allianz a poznámka TIRBazar neobsahuje informaci o depozitu.
19618;ZCFC150D505247231;4SD7640;;CHYBÍ V UNIQA;Aktivní vozidlo nebylo nalezeno v UNIQA ani Allianz a poznámka TIRBazar neobsahuje informaci o depozitu.
17475;ZCFC150D505286093;6E33652;;CHYBÍ V UNIQA;Aktivní vozidlo nebylo nalezeno v UNIQA ani Allianz a poznámka TIRBazar neobsahuje informaci o depozitu.
18283;ZCFC150D605258206;6M70257;;CHYBÍ V UNIQA;Aktivní vozidlo nebylo nalezeno v UNIQA ani Allianz a poznámka TIRBazar neobsahuje informaci o depozitu.
19055;ZCFC150D705239227;9P85942;;CHYBÍ V UNIQA;Aktivní vozidlo nebylo nalezeno v UNIQA ani Allianz a poznámka TIRBazar neobsahuje informaci o depozitu.
18105;ZCFC150D705271482;1BS8495;;CHYBÍ V UNIQA;Aktivní vozidlo nebylo nalezeno v UNIQA ani Allianz a poznámka TIRBazar neobsahuje informaci o depozitu.
18696;ZCFC150D905154647;6SH0205;;CHYBÍ V UNIQA;Aktivní vozidlo nebylo nalezeno v UNIQA ani Allianz a poznámka TIRBazar neobsahuje informaci o depozitu.
19457;ZCFC165A805989725;5E34285;;CHYBÍ V UNIQA;Aktivní vozidlo nebylo nalezeno v UNIQA ani Allianz a poznámka TIRBazar neobsahuje informaci o depozitu.
17667;ZCFC165C105018471;3SN1856;;CHYBÍ V UNIQA;Aktivní vozidlo nebylo nalezeno v UNIQA ani Allianz a poznámka TIRBazar neobsahuje informaci o depozitu.
19809;ZCFC165C105085538;3SV0578;;CHYBÍ V UNIQA;Aktivní vozidlo nebylo nalezeno v UNIQA ani Allianz a poznámka TIRBazar neobsahuje informaci o depozitu.
18183;ZCFC170C705056655;5M75961;;CHYBÍ V UNIQA;Aktivní vozidlo nebylo nalezeno v UNIQA ani Allianz a poznámka TIRBazar neobsahuje informaci o depozitu.
18006;ZCFC170C805033028;6H47424;;CHYBÍ V UNIQA;Aktivní vozidlo nebylo nalezeno v UNIQA ani Allianz a poznámka TIRBazar neobsahuje informaci o depozitu.
19583;ZCFC170C805122694;5SK4016;;CHYBÍ V UNIQA;Aktivní vozidlo nebylo nalezeno v UNIQA ani Allianz a poznámka TIRBazar neobsahuje informaci o depozitu.
18903;ZCFC170D205229460;6J06834;;CHYBÍ V UNIQA;Aktivní vozidlo nebylo nalezeno v UNIQA ani Allianz a poznámka TIRBazar neobsahuje informaci o depozitu.
18556;ZCFC2359205010962;6AK2480;;CHYBÍ V UNIQA;Aktivní vozidlo nebylo nalezeno v UNIQA ani Allianz a poznámka TIRBazar neobsahuje informaci o depozitu.
18992;ZCFC235990D571682;5K38392;;CHYBÍ V UNIQA;Aktivní vozidlo nebylo nalezeno v UNIQA ani Allianz a poznámka TIRBazar neobsahuje informaci o depozitu.
19683;ZCFC235A305110871;1AAK170;;CHYBÍ V UNIQA;Aktivní vozidlo nebylo nalezeno v UNIQA ani Allianz a poznámka TIRBazar neobsahuje informaci o depozitu.
18516;ZCFC235A805085515;5AH1271;;CHYBÍ V UNIQA;Aktivní vozidlo nebylo nalezeno v UNIQA ani Allianz a poznámka TIRBazar neobsahuje informaci o depozitu.
18909;ZCFC235AX05083264;6SN8566;;CHYBÍ V UNIQA;Aktivní vozidlo nebylo nalezeno v UNIQA ani Allianz a poznámka TIRBazar neobsahuje informaci o depozitu.
17802;ZCFC235B805189768;7AS2446;;CHYBÍ V UNIQA;Aktivní vozidlo nebylo nalezeno v UNIQA ani Allianz a poznámka TIRBazar neobsahuje informaci o depozitu.
17189;ZCFC235D605216743;1TV0056;;CHYBÍ V UNIQA;Aktivní vozidlo nebylo nalezeno v UNIQA ani Allianz a poznámka TIRBazar neobsahuje informaci o depozitu.
17072;ZCFC235D805182367;4SF2880;;CHYBÍ V UNIQA;Aktivní vozidlo nebylo nalezeno v UNIQA ani Allianz a poznámka TIRBazar neobsahuje informaci o depozitu.
17023;ZCFC235D905166212;4SC7522;;CHYBÍ V UNIQA;Aktivní vozidlo nebylo nalezeno v UNIQA ani Allianz a poznámka TIRBazar neobsahuje informaci o depozitu.
18096;ZCFC235F105007301;5L76414;;CHYBÍ V UNIQA;Aktivní vozidlo nebylo nalezeno v UNIQA ani Allianz a poznámka TIRBazar neobsahuje informaci o depozitu.
19310;ZCFC250A605011870;5J24913;;CHYBÍ V UNIQA;Aktivní vozidlo nebylo nalezeno v UNIQA ani Allianz a poznámka TIRBazar neobsahuje informaci o depozitu.
19142;ZCFC250B205213839;4SA5137;;CHYBÍ V UNIQA;Aktivní vozidlo nebylo nalezeno v UNIQA ani Allianz a poznámka TIRBazar neobsahuje informaci o depozitu.
18679;ZCFC250B305174260;6J10188;;CHYBÍ V UNIQA;Aktivní vozidlo nebylo nalezeno v UNIQA ani Allianz a poznámka TIRBazar neobsahuje informaci o depozitu.
19382;ZCFC250B505239657;5SA8183;;CHYBÍ V UNIQA;Aktivní vozidlo nebylo nalezeno v UNIQA ani Allianz a poznámka TIRBazar neobsahuje informaci o depozitu.
17660;ZCFC250C105139726;1TC6228;;CHYBÍ V UNIQA;Aktivní vozidlo nebylo nalezeno v UNIQA ani Allianz a poznámka TIRBazar neobsahuje informaci o depozitu.
18244;ZCFC250C405128963;5AX9350;;CHYBÍ V UNIQA;Aktivní vozidlo nebylo nalezeno v UNIQA ani Allianz a poznámka TIRBazar neobsahuje informaci o depozitu.
18872;ZCFC250C405139736;7C85982;;CHYBÍ V UNIQA;Aktivní vozidlo nebylo nalezeno v UNIQA ani Allianz a poznámka TIRBazar neobsahuje informaci o depozitu.
18514;ZCFC250C705138564;6AC2421;;CHYBÍ V UNIQA;Aktivní vozidlo nebylo nalezeno v UNIQA ani Allianz a poznámka TIRBazar neobsahuje informaci o depozitu.
16949;ZCFC250D505268898;4SK3962;;CHYBÍ V UNIQA;Aktivní vozidlo nebylo nalezeno v UNIQA ani Allianz a poznámka TIRBazar neobsahuje informaci o depozitu.
19266;ZCFC250D705166468;9B22127;;CHYBÍ V UNIQA;Aktivní vozidlo nebylo nalezeno v UNIQA ani Allianz a poznámka TIRBazar neobsahuje informaci o depozitu.
19555;ZCFC250D805269138;4SN2914;;CHYBÍ V UNIQA;Aktivní vozidlo nebylo nalezeno v UNIQA ani Allianz a poznámka TIRBazar neobsahuje informaci o depozitu.
17361;ZCFC250F505193749;4SH7823;;CHYBÍ V UNIQA;Aktivní vozidlo nebylo nalezeno v UNIQA ani Allianz a poznámka TIRBazar neobsahuje informaci o depozitu.
17350;ZCFC265A005025536;4AT0329;;CHYBÍ V UNIQA;Aktivní vozidlo nebylo nalezeno v UNIQA ani Allianz a poznámka TIRBazar neobsahuje informaci o depozitu.
17960;ZCFC265A805131863;7E08390;;CHYBÍ V UNIQA;Aktivní vozidlo nebylo nalezeno v UNIQA ani Allianz a poznámka TIRBazar neobsahuje informaci o depozitu.
19133;ZCFC270C805124698;6J36029;;CHYBÍ V UNIQA;Aktivní vozidlo nebylo nalezeno v UNIQA ani Allianz a poznámka TIRBazar neobsahuje informaci o depozitu.
18197;ZCFC270D105149192;8U37881;;CHYBÍ V UNIQA;Aktivní vozidlo nebylo nalezeno v UNIQA ani Allianz a poznámka TIRBazar neobsahuje informaci o depozitu.
16236;ZCFC2960105365876;3L09916;;CHYBÍ V UNIQA;Aktivní vozidlo nebylo nalezeno v UNIQA ani Allianz a poznámka TIRBazar neobsahuje informaci o depozitu.
18066;ZCFC2974005945068;;;CHYBÍ V UNIQA;Aktivní vozidlo nebylo nalezeno v UNIQA ani Allianz a poznámka TIRBazar neobsahuje informaci o depozitu.
18828;ZCFC2990005590603;1K95983;;CHYBÍ V UNIQA;Aktivní vozidlo nebylo nalezeno v UNIQA ani Allianz a poznámka TIRBazar neobsahuje informaci o depozitu.
18024;ZCFC335A805008155;3SU1673;;CHYBÍ V UNIQA;Aktivní vozidlo nebylo nalezeno v UNIQA ani Allianz a poznámka TIRBazar neobsahuje informaci o depozitu.
16764;ZCFC335AX05013129;8B97530;;CHYBÍ V UNIQA;Aktivní vozidlo nebylo nalezeno v UNIQA ani Allianz a poznámka TIRBazar neobsahuje informaci o depozitu.
19111;ZCFC335C305080981;1BR0124;;CHYBÍ V UNIQA;Aktivní vozidlo nebylo nalezeno v UNIQA ani Allianz a poznámka TIRBazar neobsahuje informaci o depozitu.
19109;ZCFC335C405016917;2BS1144;;CHYBÍ V UNIQA;Aktivní vozidlo nebylo nalezeno v UNIQA ani Allianz a poznámka TIRBazar neobsahuje informaci o depozitu.
17524;ZCFC335C405059234;5L06166;;CHYBÍ V UNIQA;Aktivní vozidlo nebylo nalezeno v UNIQA ani Allianz a poznámka TIRBazar neobsahuje informaci o depozitu.
18535;ZCFC335C505064099;3SM4848;;CHYBÍ V UNIQA;Aktivní vozidlo nebylo nalezeno v UNIQA ani Allianz a poznámka TIRBazar neobsahuje informaci o depozitu.
19110;ZCFC335C705017155;2BS1145;;CHYBÍ V UNIQA;Aktivní vozidlo nebylo nalezeno v UNIQA ani Allianz a poznámka TIRBazar neobsahuje informaci o depozitu.
18961;ZCFC335C705079350;3SM5445;;CHYBÍ V UNIQA;Aktivní vozidlo nebylo nalezeno v UNIQA ani Allianz a poznámka TIRBazar neobsahuje informaci o depozitu.
17479;ZCFC335D905160469;6AE6071;;CHYBÍ V UNIQA;Aktivní vozidlo nebylo nalezeno v UNIQA ani Allianz a poznámka TIRBazar neobsahuje informaci o depozitu.
19946;ZCFC335F105249812;8P81575;;CHYBÍ V UNIQA;Aktivní vozidlo nebylo nalezeno v UNIQA ani Allianz a poznámka TIRBazar neobsahuje informaci o depozitu.
18521;ZCFC3571205817465;1BD4942;;CHYBÍ V UNIQA;Aktivní vozidlo nebylo nalezeno v UNIQA ani Allianz a poznámka TIRBazar neobsahuje informaci o depozitu.
17030;ZCFC357120D437059;3AZ8238;;CHYBÍ V UNIQA;Aktivní vozidlo nebylo nalezeno v UNIQA ani Allianz a poznámka TIRBazar neobsahuje informaci o depozitu.
18777;ZCFC3571605910818;4AM6309;;CHYBÍ V UNIQA;Aktivní vozidlo nebylo nalezeno v UNIQA ani Allianz a poznámka TIRBazar neobsahuje informaci o depozitu.
18370;ZCFC3571605910819;2AX6976;;CHYBÍ V UNIQA;Aktivní vozidlo nebylo nalezeno v UNIQA ani Allianz a poznámka TIRBazar neobsahuje informaci o depozitu.
18257;ZCFC3571605910820;2AX9351;;CHYBÍ V UNIQA;Aktivní vozidlo nebylo nalezeno v UNIQA ani Allianz a poznámka TIRBazar neobsahuje informaci o depozitu.
17357;ZCFC3571605911330;2AX9466;;CHYBÍ V UNIQA;Aktivní vozidlo nebylo nalezeno v UNIQA ani Allianz a poznámka TIRBazar neobsahuje informaci o depozitu.
18667;ZCFC3571605950228;3AK2423;;CHYBÍ V UNIQA;Aktivní vozidlo nebylo nalezeno v UNIQA ani Allianz a poznámka TIRBazar neobsahuje informaci o depozitu.
17356;ZCFC3571605951805;6AN3901;;CHYBÍ V UNIQA;Aktivní vozidlo nebylo nalezeno v UNIQA ani Allianz a poznámka TIRBazar neobsahuje informaci o depozitu.
18341;ZCFC35716C5921118;3AD2766;;CHYBÍ V UNIQA;Aktivní vozidlo nebylo nalezeno v UNIQA ani Allianz a poznámka TIRBazar neobsahuje informaci o depozitu.
17493;ZCFC3572005345480;8U81596;;CHYBÍ V UNIQA;Aktivní vozidlo nebylo nalezeno v UNIQA ani Allianz a poznámka TIRBazar neobsahuje informaci o depozitu.
19276;ZCFC3573005505176;7AL3777;;CHYBÍ V UNIQA;Aktivní vozidlo nebylo nalezeno v UNIQA ani Allianz a poznámka TIRBazar neobsahuje informaci o depozitu.
17716;ZCFC3583005702987;8P67097;;CHYBÍ V UNIQA;Aktivní vozidlo nebylo nalezeno v UNIQA ani Allianz a poznámka TIRBazar neobsahuje informaci o depozitu.
18270;ZCFC3583005726661;4E73207;;CHYBÍ V UNIQA;Aktivní vozidlo nebylo nalezeno v UNIQA ani Allianz a poznámka TIRBazar neobsahuje informaci o depozitu.
3530;ZCFC3590005509386;4AA6455;;CHYBÍ V UNIQA;Aktivní vozidlo nebylo nalezeno v UNIQA ani Allianz a poznámka TIRBazar neobsahuje informaci o depozitu.
18829;ZCFC3592005909781;1BJ9428;;CHYBÍ V UNIQA;Aktivní vozidlo nebylo nalezeno v UNIQA ani Allianz a poznámka TIRBazar neobsahuje informaci o depozitu.
18914;ZCFC359200D517083;9AS6469;;CHYBÍ V UNIQA;Aktivní vozidlo nebylo nalezeno v UNIQA ani Allianz a poznámka TIRBazar neobsahuje informaci o depozitu.
18135;ZCFC3593005917223;7H34371;;CHYBÍ V UNIQA;Aktivní vozidlo nebylo nalezeno v UNIQA ani Allianz a poznámka TIRBazar neobsahuje informaci o depozitu.
17820;ZCFC3593005918551;2AZ2434;;CHYBÍ V UNIQA;Aktivní vozidlo nebylo nalezeno v UNIQA ani Allianz a poznámka TIRBazar neobsahuje informaci o depozitu.
18892;ZCFC359300D432228;8U17387;;CHYBÍ V UNIQA;Aktivní vozidlo nebylo nalezeno v UNIQA ani Allianz a poznámka TIRBazar neobsahuje informaci o depozitu.
19563;ZCFC359300D473833;7AV8978;;CHYBÍ V UNIQA;Aktivní vozidlo nebylo nalezeno v UNIQA ani Allianz a poznámka TIRBazar neobsahuje informaci o depozitu.
18557;ZCFC359300D490790;4AR9009;;CHYBÍ V UNIQA;Aktivní vozidlo nebylo nalezeno v UNIQA ani Allianz a poznámka TIRBazar neobsahuje informaci o depozitu.
19256;ZCFC359300D491441;4AR6057;;CHYBÍ V UNIQA;Aktivní vozidlo nebylo nalezeno v UNIQA ani Allianz a poznámka TIRBazar neobsahuje informaci o depozitu.
17895;ZCFC3594005805563;9S78184;;CHYBÍ V UNIQA;Aktivní vozidlo nebylo nalezeno v UNIQA ani Allianz a poznámka TIRBazar neobsahuje informaci o depozitu.
18669;ZCFC3594005849932;7AM2702;;CHYBÍ V UNIQA;Aktivní vozidlo nebylo nalezeno v UNIQA ani Allianz a poznámka TIRBazar neobsahuje informaci o depozitu.
17800;ZCFC3594005874024;2AH3673;;CHYBÍ V UNIQA;Aktivní vozidlo nebylo nalezeno v UNIQA ani Allianz a poznámka TIRBazar neobsahuje informaci o depozitu.
17992;ZCFC35A3605861363;9AT3910;;CHYBÍ V UNIQA;Aktivní vozidlo nebylo nalezeno v UNIQA ani Allianz a poznámka TIRBazar neobsahuje informaci o depozitu.
19034;ZCFC35A3805888274;7B34447;;CHYBÍ V UNIQA;Aktivní vozidlo nebylo nalezeno v UNIQA ani Allianz a poznámka TIRBazar neobsahuje informaci o depozitu.
17355;ZCFC35A6005706274;9AX8616;;CHYBÍ V UNIQA;Aktivní vozidlo nebylo nalezeno v UNIQA ani Allianz a poznámka TIRBazar neobsahuje informaci o depozitu.
18619;ZCFC35A7105917173;3SZ5571;;CHYBÍ V UNIQA;Aktivní vozidlo nebylo nalezeno v UNIQA ani Allianz a poznámka TIRBazar neobsahuje informaci o depozitu.
19421;ZCFC35A7105938015;3AM7289;;CHYBÍ V UNIQA;Aktivní vozidlo nebylo nalezeno v UNIQA ani Allianz a poznámka TIRBazar neobsahuje informaci o depozitu.
19220;ZCFC35A710D501573;9AI0118;;CHYBÍ V UNIQA;Aktivní vozidlo nebylo nalezeno v UNIQA ani Allianz a poznámka TIRBazar neobsahuje informaci o depozitu.
17626;ZCFC35A710D501633;6E90608;;CHYBÍ V UNIQA;Aktivní vozidlo nebylo nalezeno v UNIQA ani Allianz a poznámka TIRBazar neobsahuje informaci o depozitu.
19104;ZCFC35A710D536310;6AJ0592;;CHYBÍ V UNIQA;Aktivní vozidlo nebylo nalezeno v UNIQA ani Allianz a poznámka TIRBazar neobsahuje informaci o depozitu.
18179;ZCFC35A7505904467;9AS9834;;CHYBÍ V UNIQA;Aktivní vozidlo nebylo nalezeno v UNIQA ani Allianz a poznámka TIRBazar neobsahuje informaci o depozitu.
17993;ZCFC35A7505972329;9AS9852;;CHYBÍ V UNIQA;Aktivní vozidlo nebylo nalezeno v UNIQA ani Allianz a poznámka TIRBazar neobsahuje informaci o depozitu.
19473;ZCFC35A7505977102;6P00855;;CHYBÍ V UNIQA;Aktivní vozidlo nebylo nalezeno v UNIQA ani Allianz a poznámka TIRBazar neobsahuje informaci o depozitu.
19469;ZCFC35A7505977103;6P00846;;CHYBÍ V UNIQA;Aktivní vozidlo nebylo nalezeno v UNIQA ani Allianz a poznámka TIRBazar neobsahuje informaci o depozitu.
19470;ZCFC35A7505977432;6P00847;;CHYBÍ V UNIQA;Aktivní vozidlo nebylo nalezeno v UNIQA ani Allianz a poznámka TIRBazar neobsahuje informaci o depozitu.
19468;ZCFC35A7505977433;6P03253;;CHYBÍ V UNIQA;Aktivní vozidlo nebylo nalezeno v UNIQA ani Allianz a poznámka TIRBazar neobsahuje informaci o depozitu.
19467;ZCFC35A7505977559;6P00816;;CHYBÍ V UNIQA;Aktivní vozidlo nebylo nalezeno v UNIQA ani Allianz a poznámka TIRBazar neobsahuje informaci o depozitu.
19471;ZCFC35A7505977804;6P00845;;CHYBÍ V UNIQA;Aktivní vozidlo nebylo nalezeno v UNIQA ani Allianz a poznámka TIRBazar neobsahuje informaci o depozitu.
18724;ZCFC35A8005645462;5AT2624;;CHYBÍ V UNIQA;Aktivní vozidlo nebylo nalezeno v UNIQA ani Allianz a poznámka TIRBazar neobsahuje informaci o depozitu.
18509;ZCFC35A8005749937;9A03420;;CHYBÍ V UNIQA;Aktivní vozidlo nebylo nalezeno v UNIQA ani Allianz a poznámka TIRBazar neobsahuje informaci o depozitu.
17840;ZCFC35A8005774152;3SE9354;;CHYBÍ V UNIQA;Aktivní vozidlo nebylo nalezeno v UNIQA ani Allianz a poznámka TIRBazar neobsahuje informaci o depozitu.
16871;ZCFC35A8075637683;2AS5235;;CHYBÍ V UNIQA;Aktivní vozidlo nebylo nalezeno v UNIQA ani Allianz a poznámka TIRBazar neobsahuje informaci o depozitu.
13241;ZCFC35C0005621554;8U35102;;CHYBÍ V UNIQA;Aktivní vozidlo nebylo nalezeno v UNIQA ani Allianz a poznámka TIRBazar neobsahuje informaci o depozitu.
19414;ZCFC35C2005926144;5Z92179;;CHYBÍ V UNIQA;Aktivní vozidlo nebylo nalezeno v UNIQA ani Allianz a poznámka TIRBazar neobsahuje informaci o depozitu.
18520;ZCFC35C200D508686;3AV0352;;CHYBÍ V UNIQA;Aktivní vozidlo nebylo nalezeno v UNIQA ani Allianz a poznámka TIRBazar neobsahuje informaci o depozitu.
19035;ZCFC35C3005946826;1BK5659;;CHYBÍ V UNIQA;Aktivní vozidlo nebylo nalezeno v UNIQA ani Allianz a poznámka TIRBazar neobsahuje informaci o depozitu.
18801;ZCFC35C300D523827;6P11785;;CHYBÍ V UNIQA;Aktivní vozidlo nebylo nalezeno v UNIQA ani Allianz a poznámka TIRBazar neobsahuje informaci o depozitu.
18725;ZCFC35D0005635325;7B07861;;CHYBÍ V UNIQA;Aktivní vozidlo nebylo nalezeno v UNIQA ani Allianz a poznámka TIRBazar neobsahuje informaci o depozitu.
13729;ZCFC35D1005661007;7U10389;;CHYBÍ V UNIQA;Aktivní vozidlo nebylo nalezeno v UNIQA ani Allianz a poznámka TIRBazar neobsahuje informaci o depozitu.
17402;ZCFC35D3005889594;2BK8372;;CHYBÍ V UNIQA;Aktivní vozidlo nebylo nalezeno v UNIQA ani Allianz a poznámka TIRBazar neobsahuje informaci o depozitu.
18822;ZCFC35D3005892892;4SK0787;;CHYBÍ V UNIQA;Aktivní vozidlo nebylo nalezeno v UNIQA ani Allianz a poznámka TIRBazar neobsahuje informaci o depozitu.
16848;ZCFC40A300D383002;6AP2065;;CHYBÍ V UNIQA;Aktivní vozidlo nebylo nalezeno v UNIQA ani Allianz a poznámka TIRBazar neobsahuje informaci o depozitu.
18591;ZCFC435C005129986;3SX6401;;CHYBÍ V UNIQA;Aktivní vozidlo nebylo nalezeno v UNIQA ani Allianz a poznámka TIRBazar neobsahuje informaci o depozitu.
17024;ZCFC435C805131436;4SA0016;;CHYBÍ V UNIQA;Aktivní vozidlo nebylo nalezeno v UNIQA ani Allianz a poznámka TIRBazar neobsahuje informaci o depozitu.
17059;ZCFC5090005481650;2U37050;;CHYBÍ V UNIQA;Aktivní vozidlo nebylo nalezeno v UNIQA ani Allianz a poznámka TIRBazar neobsahuje informaci o depozitu.
17394;ZCFC50A0035437732;4Z40976;;CHYBÍ V UNIQA;Aktivní vozidlo nebylo nalezeno v UNIQA ani Allianz a poznámka TIRBazar neobsahuje informaci o depozitu.
19297;ZCFC50A1005545893;3U10767;;CHYBÍ V UNIQA;Aktivní vozidlo nebylo nalezeno v UNIQA ani Allianz a poznámka TIRBazar neobsahuje informaci o depozitu.
18612;ZCFC50A2005645748;5M78356;;CHYBÍ V UNIQA;Aktivní vozidlo nebylo nalezeno v UNIQA ani Allianz a poznámka TIRBazar neobsahuje informaci o depozitu.
18106;ZCFC50A2005660756;7S07170;;CHYBÍ V UNIQA;Aktivní vozidlo nebylo nalezeno v UNIQA ani Allianz a poznámka TIRBazar neobsahuje informaci o depozitu.
17204;ZCFC50A2005717625;3U77408;;CHYBÍ V UNIQA;Aktivní vozidlo nebylo nalezeno v UNIQA ani Allianz a poznámka TIRBazar neobsahuje informaci o depozitu.
19287;ZCFC50A2005718717;8S22619;;CHYBÍ V UNIQA;Aktivní vozidlo nebylo nalezeno v UNIQA ani Allianz a poznámka TIRBazar neobsahuje informaci o depozitu.
17977;ZCFC50A2005799796;3E59688;;CHYBÍ V UNIQA;Aktivní vozidlo nebylo nalezeno v UNIQA ani Allianz a poznámka TIRBazar neobsahuje informaci o depozitu.
18788;ZCFC50A3205822261;1ST5083;;CHYBÍ V UNIQA;Aktivní vozidlo nebylo nalezeno v UNIQA ani Allianz a poznámka TIRBazar neobsahuje informaci o depozitu.
18473;ZCFC50A4005925438;3AC3926;;CHYBÍ V UNIQA;Aktivní vozidlo nebylo nalezeno v UNIQA ani Allianz a poznámka TIRBazar neobsahuje informaci o depozitu.
18501;ZCFC50A4005925439;3AD2929;;CHYBÍ V UNIQA;Aktivní vozidlo nebylo nalezeno v UNIQA ani Allianz a poznámka TIRBazar neobsahuje informaci o depozitu.
18626;ZCFC50A4005935071;2SF1892;;CHYBÍ V UNIQA;Aktivní vozidlo nebylo nalezeno v UNIQA ani Allianz a poznámka TIRBazar neobsahuje informaci o depozitu.
19336;ZCFC50A4005976705;5H85699;;CHYBÍ V UNIQA;Aktivní vozidlo nebylo nalezeno v UNIQA ani Allianz a poznámka TIRBazar neobsahuje informaci o depozitu.
19819;ZCFC50A400D509579;3SA8770;;CHYBÍ V UNIQA;Aktivní vozidlo nebylo nalezeno v UNIQA ani Allianz a poznámka TIRBazar neobsahuje informaci o depozitu.
19875;ZCFC50A40D5950019;;;CHYBÍ V UNIQA;Aktivní vozidlo nebylo nalezeno v UNIQA ani Allianz a poznámka TIRBazar neobsahuje informaci o depozitu.
17685;ZCFC50A4105978542;5E18299;;CHYBÍ V UNIQA;Aktivní vozidlo nebylo nalezeno v UNIQA ani Allianz a poznámka TIRBazar neobsahuje informaci o depozitu.
19075;ZCFC50C0005829205;4E66960;;CHYBÍ V UNIQA;Aktivní vozidlo nebylo nalezeno v UNIQA ani Allianz a poznámka TIRBazar neobsahuje informaci o depozitu.
16875;ZCFC50D000D344408;4AY0871;;CHYBÍ V UNIQA;Aktivní vozidlo nebylo nalezeno v UNIQA ani Allianz a poznámka TIRBazar neobsahuje informaci o depozitu.
17664;ZCFC50D1005819231;9AH3066;;CHYBÍ V UNIQA;Aktivní vozidlo nebylo nalezeno v UNIQA ani Allianz a poznámka TIRBazar neobsahuje informaci o depozitu.
17787;ZCFC50D1005895242;5H33738;;CHYBÍ V UNIQA;Aktivní vozidlo nebylo nalezeno v UNIQA ani Allianz a poznámka TIRBazar neobsahuje informaci o depozitu.
19267;ZCFC50F0005957320;8B29296;;CHYBÍ V UNIQA;Aktivní vozidlo nebylo nalezeno v UNIQA ani Allianz a poznámka TIRBazar neobsahuje informaci o depozitu.
18351;ZCFC535A005108003;7AJ4701;;CHYBÍ V UNIQA;Aktivní vozidlo nebylo nalezeno v UNIQA ani Allianz a poznámka TIRBazar neobsahuje informaci o depozitu.
19257;ZCFC535A105107443;1AIJ940;;CHYBÍ V UNIQA;Aktivní vozidlo nebylo nalezeno v UNIQA ani Allianz a poznámka TIRBazar neobsahuje informaci o depozitu.
18393;ZCFC535A205053926;2BI1582;;CHYBÍ V UNIQA;Aktivní vozidlo nebylo nalezeno v UNIQA ani Allianz a poznámka TIRBazar neobsahuje informaci o depozitu.
18350;ZCFC535A605063908;6AV2195;;CHYBÍ V UNIQA;Aktivní vozidlo nebylo nalezeno v UNIQA ani Allianz a poznámka TIRBazar neobsahuje informaci o depozitu.
17801;ZCFC535A805053266;6E92103;;CHYBÍ V UNIQA;Aktivní vozidlo nebylo nalezeno v UNIQA ani Allianz a poznámka TIRBazar neobsahuje informaci o depozitu.
18461;ZCFC535C005467174;5SR7219;;CHYBÍ V UNIQA;Aktivní vozidlo nebylo nalezeno v UNIQA ani Allianz a poznámka TIRBazar neobsahuje informaci o depozitu.
18442;ZCFC535C205454653;9C59511;;CHYBÍ V UNIQA;Aktivní vozidlo nebylo nalezeno v UNIQA ani Allianz a poznámka TIRBazar neobsahuje informaci o depozitu.
18703;ZCFC535C305484146;5SU6053;;CHYBÍ V UNIQA;Aktivní vozidlo nebylo nalezeno v UNIQA ani Allianz a poznámka TIRBazar neobsahuje informaci o depozitu.
18395;ZCFC535C6N5467462;5SR1523;;CHYBÍ V UNIQA;Aktivní vozidlo nebylo nalezeno v UNIQA ani Allianz a poznámka TIRBazar neobsahuje informaci o depozitu.
19246;ZCFC535C7N5482519;5SR1553;;CHYBÍ V UNIQA;Aktivní vozidlo nebylo nalezeno v UNIQA ani Allianz a poznámka TIRBazar neobsahuje informaci o depozitu.
19803;ZCFC535C805456309;7J04706;;CHYBÍ V UNIQA;Aktivní vozidlo nebylo nalezeno v UNIQA ani Allianz a poznámka TIRBazar neobsahuje informaci o depozitu.
18956;ZCFC535C905612566;6SL4282;;CHYBÍ V UNIQA;Aktivní vozidlo nebylo nalezeno v UNIQA ani Allianz a poznámka TIRBazar neobsahuje informaci o depozitu.
19444;ZCFC535C905613670;;;CHYBÍ V UNIQA;Aktivní vozidlo nebylo nalezeno v UNIQA ani Allianz a poznámka TIRBazar neobsahuje informaci o depozitu.
18793;ZCFC535D005334259;6J47500;;CHYBÍ V UNIQA;Aktivní vozidlo nebylo nalezeno v UNIQA ani Allianz a poznámka TIRBazar neobsahuje informaci o depozitu.
17202;ZCFC535D005360800;2BJ0769;;CHYBÍ V UNIQA;Aktivní vozidlo nebylo nalezeno v UNIQA ani Allianz a poznámka TIRBazar neobsahuje informaci o depozitu.
18166;ZCFC535D005384109;5SL4875;;CHYBÍ V UNIQA;Aktivní vozidlo nebylo nalezeno v UNIQA ani Allianz a poznámka TIRBazar neobsahuje informaci o depozitu.
19791;ZCFC535D1L5333089;9AB6374;;CHYBÍ V UNIQA;Aktivní vozidlo nebylo nalezeno v UNIQA ani Allianz a poznámka TIRBazar neobsahuje informaci o depozitu.
17383;ZCFC535D205363858;8H34794;;CHYBÍ V UNIQA;Aktivní vozidlo nebylo nalezeno v UNIQA ani Allianz a poznámka TIRBazar neobsahuje informaci o depozitu.
18087;ZCFC535D305327077;6Z69790;;CHYBÍ V UNIQA;Aktivní vozidlo nebylo nalezeno v UNIQA ani Allianz a poznámka TIRBazar neobsahuje informaci o depozitu.
18026;ZCFC535D305359186;2BK5625;;CHYBÍ V UNIQA;Aktivní vozidlo nebylo nalezeno v UNIQA ani Allianz a poznámka TIRBazar neobsahuje informaci o depozitu.
18011;ZCFC535D305365635;6Z85004;;CHYBÍ V UNIQA;Aktivní vozidlo nebylo nalezeno v UNIQA ani Allianz a poznámka TIRBazar neobsahuje informaci o depozitu.
19802;ZCFC535D305398893;3BB6337;;CHYBÍ V UNIQA;Aktivní vozidlo nebylo nalezeno v UNIQA ani Allianz a poznámka TIRBazar neobsahuje informaci o depozitu.
19611;ZCFC535D305412811;4SX2345;;CHYBÍ V UNIQA;Aktivní vozidlo nebylo nalezeno v UNIQA ani Allianz a poznámka TIRBazar neobsahuje informaci o depozitu.
19587;ZCFC535D305448188;5SR7682;;CHYBÍ V UNIQA;Aktivní vozidlo nebylo nalezeno v UNIQA ani Allianz a poznámka TIRBazar neobsahuje informaci o depozitu.
18860;ZCFC535D405420352;6Z90875;;CHYBÍ V UNIQA;Aktivní vozidlo nebylo nalezeno v UNIQA ani Allianz a poznámka TIRBazar neobsahuje informaci o depozitu.
18401;ZCFC535D5M5427882;5SV5083;;CHYBÍ V UNIQA;Aktivní vozidlo nebylo nalezeno v UNIQA ani Allianz a poznámka TIRBazar neobsahuje informaci o depozitu.
19060;ZCFC535D605336176;5SX2645;;CHYBÍ V UNIQA;Aktivní vozidlo nebylo nalezeno v UNIQA ani Allianz a poznámka TIRBazar neobsahuje informaci o depozitu.
18944;ZCFC535D705305745;7AY8510;;CHYBÍ V UNIQA;Aktivní vozidlo nebylo nalezeno v UNIQA ani Allianz a poznámka TIRBazar neobsahuje informaci o depozitu.
18893;ZCFC535D705418305;8AV9990;;CHYBÍ V UNIQA;Aktivní vozidlo nebylo nalezeno v UNIQA ani Allianz a poznámka TIRBazar neobsahuje informaci o depozitu.
17798;ZCFC535D805364772;2BK1794;;CHYBÍ V UNIQA;Aktivní vozidlo nebylo nalezeno v UNIQA ani Allianz a poznámka TIRBazar neobsahuje informaci o depozitu.
18862;ZCFC535D805417664;8AV9991;;CHYBÍ V UNIQA;Aktivní vozidlo nebylo nalezeno v UNIQA ani Allianz a poznámka TIRBazar neobsahuje informaci o depozitu.
17942;ZCFC535D805445495;8P82655;;CHYBÍ V UNIQA;Aktivní vozidlo nebylo nalezeno v UNIQA ani Allianz a poznámka TIRBazar neobsahuje informaci o depozitu.
18175;ZCFC535D8M5427553;6J81179;;CHYBÍ V UNIQA;Aktivní vozidlo nebylo nalezeno v UNIQA ani Allianz a poznámka TIRBazar neobsahuje informaci o depozitu.
18177;ZCFC535D905425904;8AX3780;;CHYBÍ V UNIQA;Aktivní vozidlo nebylo nalezeno v UNIQA ani Allianz a poznámka TIRBazar neobsahuje informaci o depozitu.
19045;ZCFC535DX05315508;7H51728;;CHYBÍ V UNIQA;Aktivní vozidlo nebylo nalezeno v UNIQA ani Allianz a poznámka TIRBazar neobsahuje informaci o depozitu.
18896;ZCFC535DX05417293;8AX0017;;CHYBÍ V UNIQA;Aktivní vozidlo nebylo nalezeno v UNIQA ani Allianz a poznámka TIRBazar neobsahuje informaci o depozitu.
19551;ZCFC535DX05417987;8AX0015;;CHYBÍ V UNIQA;Aktivní vozidlo nebylo nalezeno v UNIQA ani Allianz a poznámka TIRBazar neobsahuje informaci o depozitu.
18895;ZCFC535DX05418623;8AX0016;;CHYBÍ V UNIQA;Aktivní vozidlo nebylo nalezeno v UNIQA ani Allianz a poznámka TIRBazar neobsahuje informaci o depozitu.
16689;ZCFC60A0005544099;3AT6811;;CHYBÍ V UNIQA;Aktivní vozidlo nebylo nalezeno v UNIQA ani Allianz a poznámka TIRBazar neobsahuje informaci o depozitu.
17223;ZCFC635A005083892;1BJ8443;;CHYBÍ V UNIQA;Aktivní vozidlo nebylo nalezeno v UNIQA ani Allianz a poznámka TIRBazar neobsahuje informaci o depozitu.
17487;ZCFC635A605083430;8AZ3783;;CHYBÍ V UNIQA;Aktivní vozidlo nebylo nalezeno v UNIQA ani Allianz a poznámka TIRBazar neobsahuje informaci o depozitu.
18550;ZCFC635C005509825;2BZ3805;;CHYBÍ V UNIQA;Aktivní vozidlo nebylo nalezeno v UNIQA ani Allianz a poznámka TIRBazar neobsahuje informaci o depozitu.
19463;ZCFC635C105500468;5SZ5218;;CHYBÍ V UNIQA;Aktivní vozidlo nebylo nalezeno v UNIQA ani Allianz a poznámka TIRBazar neobsahuje informaci o depozitu.
18709;ZCFC635C305509429;5SY7402;;CHYBÍ V UNIQA;Aktivní vozidlo nebylo nalezeno v UNIQA ani Allianz a poznámka TIRBazar neobsahuje informaci o depozitu.
18710;ZCFC635C305510533;5SY7403;;CHYBÍ V UNIQA;Aktivní vozidlo nebylo nalezeno v UNIQA ani Allianz a poznámka TIRBazar neobsahuje informaci o depozitu.
18552;ZCFC635C505510534;1AFE978;;CHYBÍ V UNIQA;Aktivní vozidlo nebylo nalezeno v UNIQA ani Allianz a poznámka TIRBazar neobsahuje informaci o depozitu.
17759;ZCFC635C505561757;1AAF805;;CHYBÍ V UNIQA;Aktivní vozidlo nebylo nalezeno v UNIQA ani Allianz a poznámka TIRBazar neobsahuje informaci o depozitu.
17831;ZCFC635C505562505;1ABU165;;CHYBÍ V UNIQA;Aktivní vozidlo nebylo nalezeno v UNIQA ani Allianz a poznámka TIRBazar neobsahuje informaci o depozitu.
19740;ZCFC635C605469380;2BU0267;;CHYBÍ V UNIQA;Aktivní vozidlo nebylo nalezeno v UNIQA ani Allianz a poznámka TIRBazar neobsahuje informaci o depozitu.
18559;ZCFC635C705509062;5SY7401;;CHYBÍ V UNIQA;Aktivní vozidlo nebylo nalezeno v UNIQA ani Allianz a poznámka TIRBazar neobsahuje informaci o depozitu.
17760;ZCFC635C805561400;1AAF693;;CHYBÍ V UNIQA;Aktivní vozidlo nebylo nalezeno v UNIQA ani Allianz a poznámka TIRBazar neobsahuje informaci o depozitu.
17863;ZCFC635D305378401;5SD3271;;CHYBÍ V UNIQA;Aktivní vozidlo nebylo nalezeno v UNIQA ani Allianz a poznámka TIRBazar neobsahuje informaci o depozitu.
19432;ZCFC635D505338966;2TP7584;;CHYBÍ V UNIQA;Aktivní vozidlo nebylo nalezeno v UNIQA ani Allianz a poznámka TIRBazar neobsahuje informaci o depozitu.
19378;ZCFC635D605386430;1AKV883;;CHYBÍ V UNIQA;Aktivní vozidlo nebylo nalezeno v UNIQA ani Allianz a poznámka TIRBazar neobsahuje informaci o depozitu.
18248;ZCFC635D705355350;2BX6056;;CHYBÍ V UNIQA;Aktivní vozidlo nebylo nalezeno v UNIQA ani Allianz a poznámka TIRBazar neobsahuje informaci o depozitu.
19027;ZCFC635D905468071;9P08287;;CHYBÍ V UNIQA;Aktivní vozidlo nebylo nalezeno v UNIQA ani Allianz a poznámka TIRBazar neobsahuje informaci o depozitu.
19417;ZCFC650D005347805;1TV9800;;CHYBÍ V UNIQA;Aktivní vozidlo nebylo nalezeno v UNIQA ani Allianz a poznámka TIRBazar neobsahuje informaci o depozitu.
18466;ZCFC650D005419697;4SZ7287;;CHYBÍ V UNIQA;Aktivní vozidlo nebylo nalezeno v UNIQA ani Allianz a poznámka TIRBazar neobsahuje informaci o depozitu.
19699;ZCFC650D005423667;5SM3951;;CHYBÍ V UNIQA;Aktivní vozidlo nebylo nalezeno v UNIQA ani Allianz a poznámka TIRBazar neobsahuje informaci o depozitu.
18203;ZCFC650D105385561;2BP1085;;CHYBÍ V UNIQA;Aktivní vozidlo nebylo nalezeno v UNIQA ani Allianz a poznámka TIRBazar neobsahuje informaci o depozitu.
18959;ZCFC650D205388517;8P38253;;CHYBÍ V UNIQA;Aktivní vozidlo nebylo nalezeno v UNIQA ani Allianz a poznámka TIRBazar neobsahuje informaci o depozitu.
17530;ZCFC650D305349211;6E51244;;CHYBÍ V UNIQA;Aktivní vozidlo nebylo nalezeno v UNIQA ani Allianz a poznámka TIRBazar neobsahuje informaci o depozitu.
18827;ZCFC650D305359706;8P07785;;CHYBÍ V UNIQA;Aktivní vozidlo nebylo nalezeno v UNIQA ani Allianz a poznámka TIRBazar neobsahuje informaci o depozitu.
19642;ZCFC650D305411688;8P56743;;CHYBÍ V UNIQA;Aktivní vozidlo nebylo nalezeno v UNIQA ani Allianz a poznámka TIRBazar neobsahuje informaci o depozitu.
18467;ZCFC650D305419063;4SZ7085;;CHYBÍ V UNIQA;Aktivní vozidlo nebylo nalezeno v UNIQA ani Allianz a poznámka TIRBazar neobsahuje informaci o depozitu.
18776;ZCFC650D305420620;5SD0774;;CHYBÍ V UNIQA;Aktivní vozidlo nebylo nalezeno v UNIQA ani Allianz a poznámka TIRBazar neobsahuje informaci o depozitu.
17868;ZCFC650D405360878;7E21884;;CHYBÍ V UNIQA;Aktivní vozidlo nebylo nalezeno v UNIQA ani Allianz a poznámka TIRBazar neobsahuje informaci o depozitu.
17788;ZCFC650D405372576;2BK3922;;CHYBÍ V UNIQA;Aktivní vozidlo nebylo nalezeno v UNIQA ani Allianz a poznámka TIRBazar neobsahuje informaci o depozitu.
18784;ZCFC650D505359254;4SZ8702;;CHYBÍ V UNIQA;Aktivní vozidlo nebylo nalezeno v UNIQA ani Allianz a poznámka TIRBazar neobsahuje informaci o depozitu.
18308;ZCFC650D505384915;2BP1086;;CHYBÍ V UNIQA;Aktivní vozidlo nebylo nalezeno v UNIQA ani Allianz a poznámka TIRBazar neobsahuje informaci o depozitu.
18069;ZCFC650D505385563;2BP1087;;CHYBÍ V UNIQA;Aktivní vozidlo nebylo nalezeno v UNIQA ani Allianz a poznámka TIRBazar neobsahuje informaci o depozitu.
19024;ZCFC650D505400398;5L92865;;CHYBÍ V UNIQA;Aktivní vozidlo nebylo nalezeno v UNIQA ani Allianz a poznámka TIRBazar neobsahuje informaci o depozitu.
18047;ZCFC650D605354452;4SX0843;;CHYBÍ V UNIQA;Aktivní vozidlo nebylo nalezeno v UNIQA ani Allianz a poznámka TIRBazar neobsahuje informaci o depozitu.
17964;ZCFC650D605371798;7E22228;;CHYBÍ V UNIQA;Aktivní vozidlo nebylo nalezeno v UNIQA ani Allianz a poznámka TIRBazar neobsahuje informaci o depozitu.
18565;ZCFC650D605432938;2BX2261;;CHYBÍ V UNIQA;Aktivní vozidlo nebylo nalezeno v UNIQA ani Allianz a poznámka TIRBazar neobsahuje informaci o depozitu.
17808;ZCFC650D705360874;7E27597;;CHYBÍ V UNIQA;Aktivní vozidlo nebylo nalezeno v UNIQA ani Allianz a poznámka TIRBazar neobsahuje informaci o depozitu.
18558;ZCFC650D705386116;2BP1165;;CHYBÍ V UNIQA;Aktivní vozidlo nebylo nalezeno v UNIQA ani Allianz a poznámka TIRBazar neobsahuje informaci o depozitu.
17538;ZCFC650D805348667;6E51243;;CHYBÍ V UNIQA;Aktivní vozidlo nebylo nalezeno v UNIQA ani Allianz a poznámka TIRBazar neobsahuje informaci o depozitu.
19026;ZCFC650D805424579;2TB1546;;CHYBÍ V UNIQA;Aktivní vozidlo nebylo nalezeno v UNIQA ani Allianz a poznámka TIRBazar neobsahuje informaci o depozitu.
18048;ZCFC650D905354185;4SX1184;;CHYBÍ V UNIQA;Aktivní vozidlo nebylo nalezeno v UNIQA ani Allianz a poznámka TIRBazar neobsahuje informaci o depozitu.
17809;ZCFC650D905360875;7E27588;;CHYBÍ V UNIQA;Aktivní vozidlo nebylo nalezeno v UNIQA ani Allianz a poznámka TIRBazar neobsahuje informaci o depozitu.
17965;ZCFC650D905372055;7E36508;;CHYBÍ V UNIQA;Aktivní vozidlo nebylo nalezeno v UNIQA ani Allianz a poznámka TIRBazar neobsahuje informaci o depozitu.
19529;ZCFC650D905385579;5SF9100;;CHYBÍ V UNIQA;Aktivní vozidlo nebylo nalezeno v UNIQA ani Allianz a poznámka TIRBazar neobsahuje informaci o depozitu.
19175;ZCFC650DX05332342;5SY7246;;CHYBÍ V UNIQA;Aktivní vozidlo nebylo nalezeno v UNIQA ani Allianz a poznámka TIRBazar neobsahuje informaci o depozitu.
17824;ZCFC650DX05372310;2BK3921;;CHYBÍ V UNIQA;Aktivní vozidlo nebylo nalezeno v UNIQA ani Allianz a poznámka TIRBazar neobsahuje informaci o depozitu.
18445;ZCFC650DX05385560;2BP1164;;CHYBÍ V UNIQA;Aktivní vozidlo nebylo nalezeno v UNIQA ani Allianz a poznámka TIRBazar neobsahuje informaci o depozitu.
17695;ZCFC65A0005393327;5SP8971;;CHYBÍ V UNIQA;Aktivní vozidlo nebylo nalezeno v UNIQA ani Allianz a poznámka TIRBazar neobsahuje informaci o depozitu.
19160;ZCFC65A1005626672;6A73589;;CHYBÍ V UNIQA;Aktivní vozidlo nebylo nalezeno v UNIQA ani Allianz a poznámka TIRBazar neobsahuje informaci o depozitu.
17668;ZCFC65A600D513508;4SE8527;;CHYBÍ V UNIQA;Aktivní vozidlo nebylo nalezeno v UNIQA ani Allianz a poznámka TIRBazar neobsahuje informaci o depozitu.
17666;ZCFC65A600D513513;2SL2154;;CHYBÍ V UNIQA;Aktivní vozidlo nebylo nalezeno v UNIQA ani Allianz a poznámka TIRBazar neobsahuje informaci o depozitu.
17669;ZCFC65A600D514781;2SL2139;;CHYBÍ V UNIQA;Aktivní vozidlo nebylo nalezeno v UNIQA ani Allianz a poznámka TIRBazar neobsahuje informaci o depozitu.
17348;ZCFC65A6105972990;3AT5564;;CHYBÍ V UNIQA;Aktivní vozidlo nebylo nalezeno v UNIQA ani Allianz a poznámka TIRBazar neobsahuje informaci o depozitu.
17347;ZCFC65A6105973246;3AT5558;;CHYBÍ V UNIQA;Aktivní vozidlo nebylo nalezeno v UNIQA ani Allianz a poznámka TIRBazar neobsahuje informaci o depozitu.
17762;ZCFC65D0005677951;2SB7520;;CHYBÍ V UNIQA;Aktivní vozidlo nebylo nalezeno v UNIQA ani Allianz a poznámka TIRBazar neobsahuje informaci o depozitu.
16904;ZCFC65D0005707652;3J05882;;CHYBÍ V UNIQA;Aktivní vozidlo nebylo nalezeno v UNIQA ani Allianz a poznámka TIRBazar neobsahuje informaci o depozitu.
19505;ZCFC65D0005759515;3BH3172;;CHYBÍ V UNIQA;Aktivní vozidlo nebylo nalezeno v UNIQA ani Allianz a poznámka TIRBazar neobsahuje informaci o depozitu.
19398;ZCFC672C805594313;5SZ1388;;CHYBÍ V UNIQA;Aktivní vozidlo nebylo nalezeno v UNIQA ani Allianz a poznámka TIRBazar neobsahuje informaci o depozitu.
18642;ZCFC70A320D512496;6E51836;;CHYBÍ V UNIQA;Aktivní vozidlo nebylo nalezeno v UNIQA ani Allianz a poznámka TIRBazar neobsahuje informaci o depozitu.
18806;ZCFC70C0005858141;2TK0411;;CHYBÍ V UNIQA;Aktivní vozidlo nebylo nalezeno v UNIQA ani Allianz a poznámka TIRBazar neobsahuje informaci o depozitu.
17293;ZCFC70C0005882623;1ST7414;;CHYBÍ V UNIQA;Aktivní vozidlo nebylo nalezeno v UNIQA ani Allianz a poznámka TIRBazar neobsahuje informaci o depozitu.
17832;ZCFC70C1005991092;5Z34050;;CHYBÍ V UNIQA;Aktivní vozidlo nebylo nalezeno v UNIQA ani Allianz a poznámka TIRBazar neobsahuje informaci o depozitu.
17301;ZCFC70F000D533640;5M62171;;CHYBÍ V UNIQA;Aktivní vozidlo nebylo nalezeno v UNIQA ani Allianz a poznámka TIRBazar neobsahuje informaci o depozitu.
18380;ZCFC735B005347800;4SX1446;;CHYBÍ V UNIQA;Aktivní vozidlo nebylo nalezeno v UNIQA ani Allianz a poznámka TIRBazar neobsahuje informaci o depozitu.
19172;ZCFC735B105336501;8AC8775;;CHYBÍ V UNIQA;Aktivní vozidlo nebylo nalezeno v UNIQA ani Allianz a poznámka TIRBazar neobsahuje informaci o depozitu.
19550;ZCFC735B105378442;2BN4772;;CHYBÍ V UNIQA;Aktivní vozidlo nebylo nalezeno v UNIQA ani Allianz a poznámka TIRBazar neobsahuje informaci o depozitu.
19340;ZCFC735B205455853;6J98184;;CHYBÍ V UNIQA;Aktivní vozidlo nebylo nalezeno v UNIQA ani Allianz a poznámka TIRBazar neobsahuje informaci o depozitu.
19773;ZCFC735B305364820;9AN1746;;CHYBÍ V UNIQA;Aktivní vozidlo nebylo nalezeno v UNIQA ani Allianz a poznámka TIRBazar neobsahuje informaci o depozitu.
19765;ZCFC735B305397039;1AJT053;;CHYBÍ V UNIQA;Aktivní vozidlo nebylo nalezeno v UNIQA ani Allianz a poznámka TIRBazar neobsahuje informaci o depozitu.
19633;ZCFC735B305441329;8AY0347;;CHYBÍ V UNIQA;Aktivní vozidlo nebylo nalezeno v UNIQA ani Allianz a poznámka TIRBazar neobsahuje informaci o depozitu.
17672;ZCFC735B505325484;8P86565;;CHYBÍ V UNIQA;Aktivní vozidlo nebylo nalezeno v UNIQA ani Allianz a poznámka TIRBazar neobsahuje informaci o depozitu.
18851;ZCFC735B605395768;4SE8714;;CHYBÍ V UNIQA;Aktivní vozidlo nebylo nalezeno v UNIQA ani Allianz a poznámka TIRBazar neobsahuje informaci o depozitu.
19327;ZCFC735B605403738;5SI9120;;CHYBÍ V UNIQA;Aktivní vozidlo nebylo nalezeno v UNIQA ani Allianz a poznámka TIRBazar neobsahuje informaci o depozitu.
19454;ZCFC735B705395228;8AM3209;;CHYBÍ V UNIQA;Aktivní vozidlo nebylo nalezeno v UNIQA ani Allianz a poznámka TIRBazar neobsahuje informaci o depozitu.
17795;ZCFC735B905425572;8AT7804;;CHYBÍ V UNIQA;Aktivní vozidlo nebylo nalezeno v UNIQA ani Allianz a poznámka TIRBazar neobsahuje informaci o depozitu.
19443;ZCFC735B905431453;9AD3056;;CHYBÍ V UNIQA;Aktivní vozidlo nebylo nalezeno v UNIQA ani Allianz a poznámka TIRBazar neobsahuje informaci o depozitu.
19772;ZCFC735BX05458919;9AB1117;;CHYBÍ V UNIQA;Aktivní vozidlo nebylo nalezeno v UNIQA ani Allianz a poznámka TIRBazar neobsahuje informaci o depozitu.
17963;ZCFC735F805517145;9AP2217;;CHYBÍ V UNIQA;Aktivní vozidlo nebylo nalezeno v UNIQA ani Allianz a poznámka TIRBazar neobsahuje informaci o depozitu.
17673;ZCFC835F205487413;9P01204;;CHYBÍ V UNIQA;Aktivní vozidlo nebylo nalezeno v UNIQA ani Allianz a poznámka TIRBazar neobsahuje informaci o depozitu.
18607;ZCFC870F605487087;2TE7375;;CHYBÍ V UNIQA;Aktivní vozidlo nebylo nalezeno v UNIQA ani Allianz a poznámka TIRBazar neobsahuje informaci o depozitu.
18983;ZCFC935B305359272;9AM0649;;CHYBÍ V UNIQA;Aktivní vozidlo nebylo nalezeno v UNIQA ani Allianz a poznámka TIRBazar neobsahuje informaci o depozitu.
19596;ZCFCA35B30D694383;9AU7803;;CHYBÍ V UNIQA;Aktivní vozidlo nebylo nalezeno v UNIQA ani Allianz a poznámka TIRBazar neobsahuje informaci o depozitu.
19239;ZCFCA35B40D672375;1ALR728;;CHYBÍ V UNIQA;Aktivní vozidlo nebylo nalezeno v UNIQA ani Allianz a poznámka TIRBazar neobsahuje informaci o depozitu.
19240;ZCFCA35B40D677303;1AKK494;;CHYBÍ V UNIQA;Aktivní vozidlo nebylo nalezeno v UNIQA ani Allianz a poznámka TIRBazar neobsahuje informaci o depozitu.
18356;ZCFCA35BX05342248;6SC1201;;CHYBÍ V UNIQA;Aktivní vozidlo nebylo nalezeno v UNIQA ani Allianz a poznámka TIRBazar neobsahuje informaci o depozitu.
19684;ZCFCA50B305313791;7AU4799;;CHYBÍ V UNIQA;Aktivní vozidlo nebylo nalezeno v UNIQA ani Allianz a poznámka TIRBazar neobsahuje informaci o depozitu.
18471;ZCFCA50B405420946;5SC9569;;CHYBÍ V UNIQA;Aktivní vozidlo nebylo nalezeno v UNIQA ani Allianz a poznámka TIRBazar neobsahuje informaci o depozitu.
18721;ZCFCA50B705441404;5SR7468;;CHYBÍ V UNIQA;Aktivní vozidlo nebylo nalezeno v UNIQA ani Allianz a poznámka TIRBazar neobsahuje informaci o depozitu.
18470;ZCFCA50B905420621;9C25203;;CHYBÍ V UNIQA;Aktivní vozidlo nebylo nalezeno v UNIQA ani Allianz a poznámka TIRBazar neobsahuje informaci o depozitu.
18811;ZCFCB35B105629992;6SR1527;;CHYBÍ V UNIQA;Aktivní vozidlo nebylo nalezeno v UNIQA ani Allianz a poznámka TIRBazar neobsahuje informaci o depozitu.
18545;ZCFCB35B605562581;1AFC560;;CHYBÍ V UNIQA;Aktivní vozidlo nebylo nalezeno v UNIQA ani Allianz a poznámka TIRBazar neobsahuje informaci o depozitu.
18821;ZCFCB35B805633618;6SR1537;;CHYBÍ V UNIQA;Aktivní vozidlo nebylo nalezeno v UNIQA ani Allianz a poznámka TIRBazar neobsahuje informaci o depozitu.
18810;ZCFCB35B805633991;6SR1511;;CHYBÍ V UNIQA;Aktivní vozidlo nebylo nalezeno v UNIQA ani Allianz a poznámka TIRBazar neobsahuje informaci o depozitu.
18839;ZCFCB35BX05614942;1AIK277;;CHYBÍ V UNIQA;Aktivní vozidlo nebylo nalezeno v UNIQA ani Allianz a poznámka TIRBazar neobsahuje informaci o depozitu.
18818;ZCFCB35BX05633992;6SR1518;;CHYBÍ V UNIQA;Aktivní vozidlo nebylo nalezeno v UNIQA ani Allianz a poznámka TIRBazar neobsahuje informaci o depozitu.
18982;ZCFCC35A005257503;5SR6536;;CHYBÍ V UNIQA;Aktivní vozidlo nebylo nalezeno v UNIQA ani Allianz a poznámka TIRBazar neobsahuje informaci o depozitu.
17321;ZCFCC35A105187493;6AM3686;;CHYBÍ V UNIQA;Aktivní vozidlo nebylo nalezeno v UNIQA ani Allianz a poznámka TIRBazar neobsahuje informaci o depozitu.
19825;ZCFCC35A205178995;5Z95993;;CHYBÍ V UNIQA;Aktivní vozidlo nebylo nalezeno v UNIQA ani Allianz a poznámka TIRBazar neobsahuje informaci o depozitu.
19322;ZCFCC35A205294665;1AKL683;;CHYBÍ V UNIQA;Aktivní vozidlo nebylo nalezeno v UNIQA ani Allianz a poznámka TIRBazar neobsahuje informaci o depozitu.
17322;ZCFCC35A305187494;6AM3685;;CHYBÍ V UNIQA;Aktivní vozidlo nebylo nalezeno v UNIQA ani Allianz a poznámka TIRBazar neobsahuje informaci o depozitu.
18738;ZCFCC35A605125880;5Z87350;;CHYBÍ V UNIQA;Aktivní vozidlo nebylo nalezeno v UNIQA ani Allianz a poznámka TIRBazar neobsahuje informaci o depozitu.
19513;ZCFCC35A6H5151486;1CF1374;;CHYBÍ V UNIQA;Aktivní vozidlo nebylo nalezeno v UNIQA ani Allianz a poznámka TIRBazar neobsahuje informaci o depozitu.
19743;ZCFCC35A805164633;4SE4537;;CHYBÍ V UNIQA;Aktivní vozidlo nebylo nalezeno v UNIQA ani Allianz a poznámka TIRBazar neobsahuje informaci o depozitu.
19450;ZCFCD35A405271109;4SE6342;;CHYBÍ V UNIQA;Aktivní vozidlo nebylo nalezeno v UNIQA ani Allianz a poznámka TIRBazar neobsahuje informaci o depozitu.
17803;ZCFCD35A905297351;9AK6058;;CHYBÍ V UNIQA;Aktivní vozidlo nebylo nalezeno v UNIQA ani Allianz a poznámka TIRBazar neobsahuje informaci o depozitu.
18980;ZCFCE35A105222110;6AV8736;;CHYBÍ V UNIQA;Aktivní vozidlo nebylo nalezeno v UNIQA ani Allianz a poznámka TIRBazar neobsahuje informaci o depozitu.
18031;ZCFCE35B305538634;6SF4222;;CHYBÍ V UNIQA;Aktivní vozidlo nebylo nalezeno v UNIQA ani Allianz a poznámka TIRBazar neobsahuje informaci o depozitu.
19007;ZCFCE35B805538578;6SF4036;;CHYBÍ V UNIQA;Aktivní vozidlo nebylo nalezeno v UNIQA ani Allianz a poznámka TIRBazar neobsahuje informaci o depozitu.
18845;ZCFCE35BX05536413;1ADJ110;;CHYBÍ V UNIQA;Aktivní vozidlo nebylo nalezeno v UNIQA ani Allianz a poznámka TIRBazar neobsahuje informaci o depozitu.
18844;ZCFCE35BX05536816;6SI9395;;CHYBÍ V UNIQA;Aktivní vozidlo nebylo nalezeno v UNIQA ani Allianz a poznámka TIRBazar neobsahuje informaci o depozitu.
19402;ZCFCF35A105302603;7J66855;;CHYBÍ V UNIQA;Aktivní vozidlo nebylo nalezeno v UNIQA ani Allianz a poznámka TIRBazar neobsahuje informaci o depozitu.
19186;ZCFCG35A205398917;2TP9155;;CHYBÍ V UNIQA;Aktivní vozidlo nebylo nalezeno v UNIQA ani Allianz a poznámka TIRBazar neobsahuje informaci o depozitu.
19179;ZCFCG35A305425266;6SK0248;;CHYBÍ V UNIQA;Aktivní vozidlo nebylo nalezeno v UNIQA ani Allianz a poznámka TIRBazar neobsahuje informaci o depozitu.
18430;ZCFCH35A305367284;7E38394;;CHYBÍ V UNIQA;Aktivní vozidlo nebylo nalezeno v UNIQA ani Allianz a poznámka TIRBazar neobsahuje informaci o depozitu.
19932;ZCFCH35A605344033;8AB8770;;CHYBÍ V UNIQA;Aktivní vozidlo nebylo nalezeno v UNIQA ani Allianz a poznámka TIRBazar neobsahuje informaci o depozitu.
18993;ZCFCL35A205452230;6SR3897;;CHYBÍ V UNIQA;Aktivní vozidlo nebylo nalezeno v UNIQA ani Allianz a poznámka TIRBazar neobsahuje informaci o depozitu.
18783;ZCFCL35A405452231;5SR7122;;CHYBÍ V UNIQA;Aktivní vozidlo nebylo nalezeno v UNIQA ani Allianz a poznámka TIRBazar neobsahuje informaci o depozitu.
18781;ZCFCL35A605452229;5SV7261;;CHYBÍ V UNIQA;Aktivní vozidlo nebylo nalezeno v UNIQA ani Allianz a poznámka TIRBazar neobsahuje informaci o depozitu.
19067;ZCFCL35A805451731;5SR7352;;CHYBÍ V UNIQA;Aktivní vozidlo nebylo nalezeno v UNIQA ani Allianz a poznámka TIRBazar neobsahuje informaci o depozitu.
19229;ZCFCM35AX05404522;6SK9521;;CHYBÍ V UNIQA;Aktivní vozidlo nebylo nalezeno v UNIQA ani Allianz a poznámka TIRBazar neobsahuje informaci o depozitu.
19585;ZCFCN65A505374859;6E56430;;CHYBÍ V UNIQA;Aktivní vozidlo nebylo nalezeno v UNIQA ani Allianz a poznámka TIRBazar neobsahuje informaci o depozitu.
19487;ZCFCN65A805344383;6E51690;;CHYBÍ V UNIQA;Aktivní vozidlo nebylo nalezeno v UNIQA ani Allianz a poznámka TIRBazar neobsahuje informaci o depozitu.
16946;ZCFD55C8005895824;2AP1761;;CHYBÍ V UNIQA;Aktivní vozidlo nebylo nalezeno v UNIQA ani Allianz a poznámka TIRBazar neobsahuje informaci o depozitu.
17628;ZFA24400007795777;8U38113;;CHYBÍ V UNIQA;Aktivní vozidlo nebylo nalezeno v UNIQA ani Allianz a poznámka TIRBazar neobsahuje informaci o depozitu.
17799;ZFA25000001086153;2SV7372;;CHYBÍ V UNIQA;Aktivní vozidlo nebylo nalezeno v UNIQA ani Allianz a poznámka TIRBazar neobsahuje informaci o depozitu.
17523;ZFA25000001513006;;;CHYBÍ V UNIQA;Aktivní vozidlo nebylo nalezeno v UNIQA ani Allianz a poznámka TIRBazar neobsahuje informaci o depozitu.
17405;ZFA25000001552819;3SB2380;;CHYBÍ V UNIQA;Aktivní vozidlo nebylo nalezeno v UNIQA ani Allianz a poznámka TIRBazar neobsahuje informaci o depozitu.
18859;ZFA25000001588472;4J03292;;CHYBÍ V UNIQA;Aktivní vozidlo nebylo nalezeno v UNIQA ani Allianz a poznámka TIRBazar neobsahuje informaci o depozitu.
19496;ZFA25000001612169;9S31344;;CHYBÍ V UNIQA;Aktivní vozidlo nebylo nalezeno v UNIQA ani Allianz a poznámka TIRBazar neobsahuje informaci o depozitu.
17541;ZFA25000001669682;3AH7059;;CHYBÍ V UNIQA;Aktivní vozidlo nebylo nalezeno v UNIQA ani Allianz a poznámka TIRBazar neobsahuje informaci o depozitu.
18333;ZFA25000001949459;5SN9744;;CHYBÍ V UNIQA;Aktivní vozidlo nebylo nalezeno v UNIQA ani Allianz a poznámka TIRBazar neobsahuje informaci o depozitu.
18268;ZFA25000001997625;4P77500;;CHYBÍ V UNIQA;Aktivní vozidlo nebylo nalezeno v UNIQA ani Allianz a poznámka TIRBazar neobsahuje informaci o depozitu.
18245;ZFA25000002001398;2AI1280;;CHYBÍ V UNIQA;Aktivní vozidlo nebylo nalezeno v UNIQA ani Allianz a poznámka TIRBazar neobsahuje informaci o depozitu.
17823;ZFA25000002011230;9AD3453;;CHYBÍ V UNIQA;Aktivní vozidlo nebylo nalezeno v UNIQA ani Allianz a poznámka TIRBazar neobsahuje informaci o depozitu.
18555;ZFA25000002128487;;;CHYBÍ V UNIQA;Aktivní vozidlo nebylo nalezeno v UNIQA ani Allianz a poznámka TIRBazar neobsahuje informaci o depozitu.
19223;ZFA25000002160176;5C59644;;CHYBÍ V UNIQA;Aktivní vozidlo nebylo nalezeno v UNIQA ani Allianz a poznámka TIRBazar neobsahuje informaci o depozitu.
18715;ZFA25000002184746;;;CHYBÍ V UNIQA;Aktivní vozidlo nebylo nalezeno v UNIQA ani Allianz a poznámka TIRBazar neobsahuje informaci o depozitu.
18122;ZFA25000002198116;;;CHYBÍ V UNIQA;Aktivní vozidlo nebylo nalezeno v UNIQA ani Allianz a poznámka TIRBazar neobsahuje informaci o depozitu.
18143;ZFA25000002207497;3AJ2384;;CHYBÍ V UNIQA;Aktivní vozidlo nebylo nalezeno v UNIQA ani Allianz a poznámka TIRBazar neobsahuje informaci o depozitu.
17805;ZFA25000002241494;3AF0257;;CHYBÍ V UNIQA;Aktivní vozidlo nebylo nalezeno v UNIQA ani Allianz a poznámka TIRBazar neobsahuje informaci o depozitu.
18039;ZFA25000002250739;2SH2969;;CHYBÍ V UNIQA;Aktivní vozidlo nebylo nalezeno v UNIQA ani Allianz a poznámka TIRBazar neobsahuje informaci o depozitu.
18041;ZFA25000002252203;2SD8898;;CHYBÍ V UNIQA;Aktivní vozidlo nebylo nalezeno v UNIQA ani Allianz a poznámka TIRBazar neobsahuje informaci o depozitu.
19162;ZFA25000002261133;5E72206;;CHYBÍ V UNIQA;Aktivní vozidlo nebylo nalezeno v UNIQA ani Allianz a poznámka TIRBazar neobsahuje informaci o depozitu.
18705;ZFA25000002266513;5SK8887;;CHYBÍ V UNIQA;Aktivní vozidlo nebylo nalezeno v UNIQA ani Allianz a poznámka TIRBazar neobsahuje informaci o depozitu.
19204;ZFA25000002305875;3AD1946;;CHYBÍ V UNIQA;Aktivní vozidlo nebylo nalezeno v UNIQA ani Allianz a poznámka TIRBazar neobsahuje informaci o depozitu.
17507;ZFA25000002307628;3AD2049;;CHYBÍ V UNIQA;Aktivní vozidlo nebylo nalezeno v UNIQA ani Allianz a poznámka TIRBazar neobsahuje informaci o depozitu.
19019;ZFA25000002473722;2SN9808;;CHYBÍ V UNIQA;Aktivní vozidlo nebylo nalezeno v UNIQA ani Allianz a poznámka TIRBazar neobsahuje informaci o depozitu.
19536;ZFA25000002514368;7U72540;;CHYBÍ V UNIQA;Aktivní vozidlo nebylo nalezeno v UNIQA ani Allianz a poznámka TIRBazar neobsahuje informaci o depozitu.
16894;ZFA25000002529062;4L84824;;CHYBÍ V UNIQA;Aktivní vozidlo nebylo nalezeno v UNIQA ani Allianz a poznámka TIRBazar neobsahuje informaci o depozitu.
17319;ZFA25000002533795;4AB4993;;CHYBÍ V UNIQA;Aktivní vozidlo nebylo nalezeno v UNIQA ani Allianz a poznámka TIRBazar neobsahuje informaci o depozitu.
18053;ZFA25000002560715;3AY9982;;CHYBÍ V UNIQA;Aktivní vozidlo nebylo nalezeno v UNIQA ani Allianz a poznámka TIRBazar neobsahuje informaci o depozitu.
17770;ZFA25000002565578;5H94961;;CHYBÍ V UNIQA;Aktivní vozidlo nebylo nalezeno v UNIQA ani Allianz a poznámka TIRBazar neobsahuje informaci o depozitu.
17471;ZFA25000002570894;5H86451;;CHYBÍ V UNIQA;Aktivní vozidlo nebylo nalezeno v UNIQA ani Allianz a poznámka TIRBazar neobsahuje informaci o depozitu.
18163;ZFA25000002574237;9B55926;;CHYBÍ V UNIQA;Aktivní vozidlo nebylo nalezeno v UNIQA ani Allianz a poznámka TIRBazar neobsahuje informaci o depozitu.
17373;ZFA25000002590280;3SC5219;;CHYBÍ V UNIQA;Aktivní vozidlo nebylo nalezeno v UNIQA ani Allianz a poznámka TIRBazar neobsahuje informaci o depozitu.
17876;ZFA25000002591496;6H04656;;CHYBÍ V UNIQA;Aktivní vozidlo nebylo nalezeno v UNIQA ani Allianz a poznámka TIRBazar neobsahuje informaci o depozitu.
18059;ZFA25000002591497;5Z53861;;CHYBÍ V UNIQA;Aktivní vozidlo nebylo nalezeno v UNIQA ani Allianz a poznámka TIRBazar neobsahuje informaci o depozitu.
17769;ZFA25000002603736;5H94963;;CHYBÍ V UNIQA;Aktivní vozidlo nebylo nalezeno v UNIQA ani Allianz a poznámka TIRBazar neobsahuje informaci o depozitu.
18271;ZFA25000002644219;5Z33658;;CHYBÍ V UNIQA;Aktivní vozidlo nebylo nalezeno v UNIQA ani Allianz a poznámka TIRBazar neobsahuje informaci o depozitu.
17472;ZFA25000002656581;5H94964;;CHYBÍ V UNIQA;Aktivní vozidlo nebylo nalezeno v UNIQA ani Allianz a poznámka TIRBazar neobsahuje informaci o depozitu.
17473;ZFA25000002659964;6H01006;;CHYBÍ V UNIQA;Aktivní vozidlo nebylo nalezeno v UNIQA ani Allianz a poznámka TIRBazar neobsahuje informaci o depozitu.
18382;ZFA25000002713539;8U05054;;CHYBÍ V UNIQA;Aktivní vozidlo nebylo nalezeno v UNIQA ani Allianz a poznámka TIRBazar neobsahuje informaci o depozitu.
19426;ZFA25000002783618;1BS9070;;CHYBÍ V UNIQA;Aktivní vozidlo nebylo nalezeno v UNIQA ani Allianz a poznámka TIRBazar neobsahuje informaci o depozitu.
18198;ZFA25000002795939;4AP9483;;CHYBÍ V UNIQA;Aktivní vozidlo nebylo nalezeno v UNIQA ani Allianz a poznámka TIRBazar neobsahuje informaci o depozitu.
19424;ZFA25000002809162;2BP8623;;CHYBÍ V UNIQA;Aktivní vozidlo nebylo nalezeno v UNIQA ani Allianz a poznámka TIRBazar neobsahuje informaci o depozitu.
17395;ZFA25000002825687;;;CHYBÍ V UNIQA;Aktivní vozidlo nebylo nalezeno v UNIQA ani Allianz a poznámka TIRBazar neobsahuje informaci o depozitu.
17540;ZFA25000002843267;7C15076;;CHYBÍ V UNIQA;Aktivní vozidlo nebylo nalezeno v UNIQA ani Allianz a poznámka TIRBazar neobsahuje informaci o depozitu.
18581;ZFA25000002858392;6SC0545;;CHYBÍ V UNIQA;Aktivní vozidlo nebylo nalezeno v UNIQA ani Allianz a poznámka TIRBazar neobsahuje informaci o depozitu.
18365;ZFA25000002874040;4AU9388;;CHYBÍ V UNIQA;Aktivní vozidlo nebylo nalezeno v UNIQA ani Allianz a poznámka TIRBazar neobsahuje informaci o depozitu.
18364;ZFA25000002894428;4AU9862;;CHYBÍ V UNIQA;Aktivní vozidlo nebylo nalezeno v UNIQA ani Allianz a poznámka TIRBazar neobsahuje informaci o depozitu.
17687;ZFA25000002901404;4AV6749;;CHYBÍ V UNIQA;Aktivní vozidlo nebylo nalezeno v UNIQA ani Allianz a poznámka TIRBazar neobsahuje informaci o depozitu.
18418;ZFA25000002901466;5AR2705;;CHYBÍ V UNIQA;Aktivní vozidlo nebylo nalezeno v UNIQA ani Allianz a poznámka TIRBazar neobsahuje informaci o depozitu.
17406;ZFA25000002903538;5L03244;;CHYBÍ V UNIQA;Aktivní vozidlo nebylo nalezeno v UNIQA ani Allianz a poznámka TIRBazar neobsahuje informaci o depozitu.
18064;ZFA25000002921569;5Z74997;;CHYBÍ V UNIQA;Aktivní vozidlo nebylo nalezeno v UNIQA ani Allianz a poznámka TIRBazar neobsahuje informaci o depozitu.
19880;ZFA25000002925288;1BI2931;;CHYBÍ V UNIQA;Aktivní vozidlo nebylo nalezeno v UNIQA ani Allianz a poznámka TIRBazar neobsahuje informaci o depozitu.
18988;ZFA25000002927809;1AFJ851;;CHYBÍ V UNIQA;Aktivní vozidlo nebylo nalezeno v UNIQA ani Allianz a poznámka TIRBazar neobsahuje informaci o depozitu.
19499;ZFA25000002941328;3SP7418;;CHYBÍ V UNIQA;Aktivní vozidlo nebylo nalezeno v UNIQA ani Allianz a poznámka TIRBazar neobsahuje informaci o depozitu.
18321;ZFA25000002942661;8AH3836;;CHYBÍ V UNIQA;Aktivní vozidlo nebylo nalezeno v UNIQA ani Allianz a poznámka TIRBazar neobsahuje informaci o depozitu.
17560;ZFA25000002947710;5AA1637;;CHYBÍ V UNIQA;Aktivní vozidlo nebylo nalezeno v UNIQA ani Allianz a poznámka TIRBazar neobsahuje informaci o depozitu.
18029;ZFA25000002947726;5AA1620;;CHYBÍ V UNIQA;Aktivní vozidlo nebylo nalezeno v UNIQA ani Allianz a poznámka TIRBazar neobsahuje informaci o depozitu.
17420;ZFA25000002962847;;;CHYBÍ V UNIQA;Aktivní vozidlo nebylo nalezeno v UNIQA ani Allianz a poznámka TIRBazar neobsahuje informaci o depozitu.
18587;ZFA25000002967221;6SC0541;;CHYBÍ V UNIQA;Aktivní vozidlo nebylo nalezeno v UNIQA ani Allianz a poznámka TIRBazar neobsahuje informaci o depozitu.
17550;ZFA25000002A39510;5AL9384;;CHYBÍ V UNIQA;Aktivní vozidlo nebylo nalezeno v UNIQA ani Allianz a poznámka TIRBazar neobsahuje informaci o depozitu.
18740;ZFA25000002A42199;1AHB556;;CHYBÍ V UNIQA;Aktivní vozidlo nebylo nalezeno v UNIQA ani Allianz a poznámka TIRBazar neobsahuje informaci o depozitu.
18707;ZFA25000002A49344;6J68398;;CHYBÍ V UNIQA;Aktivní vozidlo nebylo nalezeno v UNIQA ani Allianz a poznámka TIRBazar neobsahuje informaci o depozitu.
18249;ZFA25000002A52304;;;CHYBÍ V UNIQA;Aktivní vozidlo nebylo nalezeno v UNIQA ani Allianz a poznámka TIRBazar neobsahuje informaci o depozitu.
17791;ZFA25000002A73296;;;CHYBÍ V UNIQA;Aktivní vozidlo nebylo nalezeno v UNIQA ani Allianz a poznámka TIRBazar neobsahuje informaci o depozitu.
18585;ZFA25000002A90384;6SC0522;;CHYBÍ V UNIQA;Aktivní vozidlo nebylo nalezeno v UNIQA ani Allianz a poznámka TIRBazar neobsahuje informaci o depozitu.
17552;ZFA25000002B14307;5AP4215;;CHYBÍ V UNIQA;Aktivní vozidlo nebylo nalezeno v UNIQA ani Allianz a poznámka TIRBazar neobsahuje informaci o depozitu.
17756;ZFA25000002B16474;3SX2340;;CHYBÍ V UNIQA;Aktivní vozidlo nebylo nalezeno v UNIQA ani Allianz a poznámka TIRBazar neobsahuje informaci o depozitu.
18605;ZFA25000002B16960;5SK9226;;CHYBÍ V UNIQA;Aktivní vozidlo nebylo nalezeno v UNIQA ani Allianz a poznámka TIRBazar neobsahuje informaci o depozitu.
16350;ZFA25000002B51143;5E76697;;CHYBÍ V UNIQA;Aktivní vozidlo nebylo nalezeno v UNIQA ani Allianz a poznámka TIRBazar neobsahuje informaci o depozitu.
19219;ZFA25000002B60714;3SZ3191;;CHYBÍ V UNIQA;Aktivní vozidlo nebylo nalezeno v UNIQA ani Allianz a poznámka TIRBazar neobsahuje informaci o depozitu.
19386;ZFA25000002B62427;5E80978;;CHYBÍ V UNIQA;Aktivní vozidlo nebylo nalezeno v UNIQA ani Allianz a poznámka TIRBazar neobsahuje informaci o depozitu.
19460;ZFA25000002B99345;5AT8508;;CHYBÍ V UNIQA;Aktivní vozidlo nebylo nalezeno v UNIQA ani Allianz a poznámka TIRBazar neobsahuje informaci o depozitu.
16352;ZFA25000002C07833;5E79691;;CHYBÍ V UNIQA;Aktivní vozidlo nebylo nalezeno v UNIQA ani Allianz a poznámka TIRBazar neobsahuje informaci o depozitu.
19481;ZFA25000002C39776;6AH1297;;CHYBÍ V UNIQA;Aktivní vozidlo nebylo nalezeno v UNIQA ani Allianz a poznámka TIRBazar neobsahuje informaci o depozitu.
18355;ZFA25000002C42548;7AP8150;;CHYBÍ V UNIQA;Aktivní vozidlo nebylo nalezeno v UNIQA ani Allianz a poznámka TIRBazar neobsahuje informaci o depozitu.
16990;ZFA25000002C48850;5E87281;;CHYBÍ V UNIQA;Aktivní vozidlo nebylo nalezeno v UNIQA ani Allianz a poznámka TIRBazar neobsahuje informaci o depozitu.
17411;ZFA25000002C56760;8U92157;;CHYBÍ V UNIQA;Aktivní vozidlo nebylo nalezeno v UNIQA ani Allianz a poznámka TIRBazar neobsahuje informaci o depozitu.
18946;ZFA25000002C76178;;;CHYBÍ V UNIQA;Aktivní vozidlo nebylo nalezeno v UNIQA ani Allianz a poznámka TIRBazar neobsahuje informaci o depozitu.
19335;ZFA25000002C95267;;;CHYBÍ V UNIQA;Aktivní vozidlo nebylo nalezeno v UNIQA ani Allianz a poznámka TIRBazar neobsahuje informaci o depozitu.
18991;ZFA25000002C96361;7C93298;;CHYBÍ V UNIQA;Aktivní vozidlo nebylo nalezeno v UNIQA ani Allianz a poznámka TIRBazar neobsahuje informaci o depozitu.
19950;ZFA25000002C96735;8AU6759;;CHYBÍ V UNIQA;Aktivní vozidlo nebylo nalezeno v UNIQA ani Allianz a poznámka TIRBazar neobsahuje informaci o depozitu.
17764;ZFA25000002D35739;6AF1592;;CHYBÍ V UNIQA;Aktivní vozidlo nebylo nalezeno v UNIQA ani Allianz a poznámka TIRBazar neobsahuje informaci o depozitu.
18673;ZFA25000002E12783;4SC9235;;CHYBÍ V UNIQA;Aktivní vozidlo nebylo nalezeno v UNIQA ani Allianz a poznámka TIRBazar neobsahuje informaci o depozitu.
18792;ZFA25000002E28633;4SC7337;;CHYBÍ V UNIQA;Aktivní vozidlo nebylo nalezeno v UNIQA ani Allianz a poznámka TIRBazar neobsahuje informaci o depozitu.
18615;ZFA25000002E43665;8AY3179;;CHYBÍ V UNIQA;Aktivní vozidlo nebylo nalezeno v UNIQA ani Allianz a poznámka TIRBazar neobsahuje informaci o depozitu.
19392;ZFA25000002E43689;7AS2052;;CHYBÍ V UNIQA;Aktivní vozidlo nebylo nalezeno v UNIQA ani Allianz a poznámka TIRBazar neobsahuje informaci o depozitu.
18577;ZFA25000002E52719;5SK8890;;CHYBÍ V UNIQA;Aktivní vozidlo nebylo nalezeno v UNIQA ani Allianz a poznámka TIRBazar neobsahuje informaci o depozitu.
18159;ZFA25000002E79368;7P10134;;CHYBÍ V UNIQA;Aktivní vozidlo nebylo nalezeno v UNIQA ani Allianz a poznámka TIRBazar neobsahuje informaci o depozitu.
18415;ZFA25000002E96416;4SI1678;;CHYBÍ V UNIQA;Aktivní vozidlo nebylo nalezeno v UNIQA ani Allianz a poznámka TIRBazar neobsahuje informaci o depozitu.
18544;ZFA25000002E96695;6AM0038;;CHYBÍ V UNIQA;Aktivní vozidlo nebylo nalezeno v UNIQA ani Allianz a poznámka TIRBazar neobsahuje informaci o depozitu.
17554;ZFA25000002E96730;6AL9658;;CHYBÍ V UNIQA;Aktivní vozidlo nebylo nalezeno v UNIQA ani Allianz a poznámka TIRBazar neobsahuje informaci o depozitu.
17557;ZFA25000002E97202;6AL9657;;CHYBÍ V UNIQA;Aktivní vozidlo nebylo nalezeno v UNIQA ani Allianz a poznámka TIRBazar neobsahuje informaci o depozitu.
19161;ZFA25000002F00404;4SF5841;;CHYBÍ V UNIQA;Aktivní vozidlo nebylo nalezeno v UNIQA ani Allianz a poznámka TIRBazar neobsahuje informaci o depozitu.
18629;ZFA25000002F11757;;;CHYBÍ V UNIQA;Aktivní vozidlo nebylo nalezeno v UNIQA ani Allianz a poznámka TIRBazar neobsahuje informaci o depozitu.
19283;ZFA25000002F59999;6J15526;;CHYBÍ V UNIQA;Aktivní vozidlo nebylo nalezeno v UNIQA ani Allianz a poznámka TIRBazar neobsahuje informaci o depozitu.
19530;ZFA25000002F60801;1ACK163;;CHYBÍ V UNIQA;Aktivní vozidlo nebylo nalezeno v UNIQA ani Allianz a poznámka TIRBazar neobsahuje informaci o depozitu.
17775;ZFA25000002F89008;1BU8038;;CHYBÍ V UNIQA;Aktivní vozidlo nebylo nalezeno v UNIQA ani Allianz a poznámka TIRBazar neobsahuje informaci o depozitu.
17269;ZFA25000002G28983;6Z27324;;CHYBÍ V UNIQA;Aktivní vozidlo nebylo nalezeno v UNIQA ani Allianz a poznámka TIRBazar neobsahuje informaci o depozitu.
19616;ZFA25000002G29064;6Z27684;;CHYBÍ V UNIQA;Aktivní vozidlo nebylo nalezeno v UNIQA ani Allianz a poznámka TIRBazar neobsahuje informaci o depozitu.
17555;ZFA25000002G40107;7AB3719;;CHYBÍ V UNIQA;Aktivní vozidlo nebylo nalezeno v UNIQA ani Allianz a poznámka TIRBazar neobsahuje informaci o depozitu.
16864;ZFA25000002G50700;6E15216;;CHYBÍ V UNIQA;Aktivní vozidlo nebylo nalezeno v UNIQA ani Allianz a poznámka TIRBazar neobsahuje informaci o depozitu.
17066;ZFA25000002G86959;7AD2305;;CHYBÍ V UNIQA;Aktivní vozidlo nebylo nalezeno v UNIQA ani Allianz a poznámka TIRBazar neobsahuje informaci o depozitu.
18184;ZFA25000002G88802;6Z27742;;CHYBÍ V UNIQA;Aktivní vozidlo nebylo nalezeno v UNIQA ani Allianz a poznámka TIRBazar neobsahuje informaci o depozitu.
19189;ZFA25000002G89718;7AF7385;;CHYBÍ V UNIQA;Aktivní vozidlo nebylo nalezeno v UNIQA ani Allianz a poznámka TIRBazar neobsahuje informaci o depozitu.
17200;ZFA25000002G95222;6Z31994;;CHYBÍ V UNIQA;Aktivní vozidlo nebylo nalezeno v UNIQA ani Allianz a poznámka TIRBazar neobsahuje informaci o depozitu.
17723;ZFA25000002H18181;7P45851;;CHYBÍ V UNIQA;Aktivní vozidlo nebylo nalezeno v UNIQA ani Allianz a poznámka TIRBazar neobsahuje informaci o depozitu.
17996;ZFA25000002H19709;6J50093;;CHYBÍ V UNIQA;Aktivní vozidlo nebylo nalezeno v UNIQA ani Allianz a poznámka TIRBazar neobsahuje informaci o depozitu.
19620;ZFA25000002H26908;3BI2189;;CHYBÍ V UNIQA;Aktivní vozidlo nebylo nalezeno v UNIQA ani Allianz a poznámka TIRBazar neobsahuje informaci o depozitu.
18791;ZFA25000002H58835;4SJ3388;;CHYBÍ V UNIQA;Aktivní vozidlo nebylo nalezeno v UNIQA ani Allianz a poznámka TIRBazar neobsahuje informaci o depozitu.
19549;ZFA25000002H73837;6Z39926;;CHYBÍ V UNIQA;Aktivní vozidlo nebylo nalezeno v UNIQA ani Allianz a poznámka TIRBazar neobsahuje informaci o depozitu.
19236;ZFA25000002H95999;6M74148;;CHYBÍ V UNIQA;Aktivní vozidlo nebylo nalezeno v UNIQA ani Allianz a poznámka TIRBazar neobsahuje informaci o depozitu.
18425;ZFA25000002J02926;6Z32238;;CHYBÍ V UNIQA;Aktivní vozidlo nebylo nalezeno v UNIQA ani Allianz a poznámka TIRBazar neobsahuje informaci o depozitu.
17497;ZFA25000002J15533;6Z32250;;CHYBÍ V UNIQA;Aktivní vozidlo nebylo nalezeno v UNIQA ani Allianz a poznámka TIRBazar neobsahuje informaci o depozitu.
18250;ZFA25000002J20589;7AI1491;;CHYBÍ V UNIQA;Aktivní vozidlo nebylo nalezeno v UNIQA ani Allianz a poznámka TIRBazar neobsahuje informaci o depozitu.
17719;ZFA25000002J32842;7AH0848;;CHYBÍ V UNIQA;Aktivní vozidlo nebylo nalezeno v UNIQA ani Allianz a poznámka TIRBazar neobsahuje informaci o depozitu.
17476;ZFA25000002J36552;2BB6983;;CHYBÍ V UNIQA;Aktivní vozidlo nebylo nalezeno v UNIQA ani Allianz a poznámka TIRBazar neobsahuje informaci o depozitu.
18948;ZFA25000002J95632;6J86203;;CHYBÍ V UNIQA;Aktivní vozidlo nebylo nalezeno v UNIQA ani Allianz a poznámka TIRBazar neobsahuje informaci o depozitu.
19040;ZFA25000002J97679;1AKS337;;CHYBÍ V UNIQA;Aktivní vozidlo nebylo nalezeno v UNIQA ani Allianz a poznámka TIRBazar neobsahuje informaci o depozitu.
19395;ZFA25000002K61243;6Z40052;;CHYBÍ V UNIQA;Aktivní vozidlo nebylo nalezeno v UNIQA ani Allianz a poznámka TIRBazar neobsahuje informaci o depozitu.
18297;ZFA25000002K61859;8C48502;;CHYBÍ V UNIQA;Aktivní vozidlo nebylo nalezeno v UNIQA ani Allianz a poznámka TIRBazar neobsahuje informaci o depozitu.
18630;ZFA25000002K73320;;;CHYBÍ V UNIQA;Aktivní vozidlo nebylo nalezeno v UNIQA ani Allianz a poznámka TIRBazar neobsahuje informaci o depozitu.
18379;ZFA25000002K77759;7H34885;;CHYBÍ V UNIQA;Aktivní vozidlo nebylo nalezeno v UNIQA ani Allianz a poznámka TIRBazar neobsahuje informaci o depozitu.
17185;ZFA25000002K82741;4SM9450;;CHYBÍ V UNIQA;Aktivní vozidlo nebylo nalezeno v UNIQA ani Allianz a poznámka TIRBazar neobsahuje informaci o depozitu.
18723;ZFA25000002K99575;4SY8258;;CHYBÍ V UNIQA;Aktivní vozidlo nebylo nalezeno v UNIQA ani Allianz a poznámka TIRBazar neobsahuje informaci o depozitu.
17496;ZFA25000002L18511;6Z64862;;CHYBÍ V UNIQA;Aktivní vozidlo nebylo nalezeno v UNIQA ani Allianz a poznámka TIRBazar neobsahuje informaci o depozitu.
18632;ZFA25000002L24761;5SK9260;;CHYBÍ V UNIQA;Aktivní vozidlo nebylo nalezeno v UNIQA ani Allianz a poznámka TIRBazar neobsahuje informaci o depozitu.
19151;ZFA25000002L26981;1AFU657;;CHYBÍ V UNIQA;Aktivní vozidlo nebylo nalezeno v UNIQA ani Allianz a poznámka TIRBazar neobsahuje informaci o depozitu.
18114;ZFA25000002L54272;7AT6633;;CHYBÍ V UNIQA;Aktivní vozidlo nebylo nalezeno v UNIQA ani Allianz a poznámka TIRBazar neobsahuje informaci o depozitu.
17621;ZFA25000002L64875;8C52251;;CHYBÍ V UNIQA;Aktivní vozidlo nebylo nalezeno v UNIQA ani Allianz a poznámka TIRBazar neobsahuje informaci o depozitu.
18809;ZFA25000002L78612;2BH9593;;CHYBÍ V UNIQA;Aktivní vozidlo nebylo nalezeno v UNIQA ani Allianz a poznámka TIRBazar neobsahuje informaci o depozitu.
19607;ZFA25000002L80512;8AE2621;;CHYBÍ V UNIQA;Aktivní vozidlo nebylo nalezeno v UNIQA ani Allianz a poznámka TIRBazar neobsahuje informaci o depozitu.
18628;ZFA25000002L97530;4ST9989;;CHYBÍ V UNIQA;Aktivní vozidlo nebylo nalezeno v UNIQA ani Allianz a poznámka TIRBazar neobsahuje informaci o depozitu.
18779;ZFA25000002M05293;8AY5791;;CHYBÍ V UNIQA;Aktivní vozidlo nebylo nalezeno v UNIQA ani Allianz a poznámka TIRBazar neobsahuje informaci o depozitu.
18465;ZFA25000002M18000;;;CHYBÍ V UNIQA;Aktivní vozidlo nebylo nalezeno v UNIQA ani Allianz a poznámka TIRBazar neobsahuje informaci o depozitu.
18797;ZFA25000002M58854;5SB2620;;CHYBÍ V UNIQA;Aktivní vozidlo nebylo nalezeno v UNIQA ani Allianz a poznámka TIRBazar neobsahuje informaci o depozitu.
19364;ZFA25000002M81979;1ALB089;;CHYBÍ V UNIQA;Aktivní vozidlo nebylo nalezeno v UNIQA ani Allianz a poznámka TIRBazar neobsahuje informaci o depozitu.
18192;ZFA25000002N23939;8C76983;;CHYBÍ V UNIQA;Aktivní vozidlo nebylo nalezeno v UNIQA ani Allianz a poznámka TIRBazar neobsahuje informaci o depozitu.
18327;ZFA25000002N27606;1TU8827;;CHYBÍ V UNIQA;Aktivní vozidlo nebylo nalezeno v UNIQA ani Allianz a poznámka TIRBazar neobsahuje informaci o depozitu.
19437;ZFA25000002N48632;4SX4940;;CHYBÍ V UNIQA;Aktivní vozidlo nebylo nalezeno v UNIQA ani Allianz a poznámka TIRBazar neobsahuje informaci o depozitu.
18499;ZFA25000002N52253;1UC3027;;CHYBÍ V UNIQA;Aktivní vozidlo nebylo nalezeno v UNIQA ani Allianz a poznámka TIRBazar neobsahuje informaci o depozitu.
18172;ZFA25000002N72660;1UE0531;;CHYBÍ V UNIQA;Aktivní vozidlo nebylo nalezeno v UNIQA ani Allianz a poznámka TIRBazar neobsahuje informaci o depozitu.
19511;ZFA25000002P04673;2BM4545;;CHYBÍ V UNIQA;Aktivní vozidlo nebylo nalezeno v UNIQA ani Allianz a poznámka TIRBazar neobsahuje informaci o depozitu.
17861;ZFA25000002P14927;8AI0569;;CHYBÍ V UNIQA;Aktivní vozidlo nebylo nalezeno v UNIQA ani Allianz a poznámka TIRBazar neobsahuje informaci o depozitu.
17918;ZFA25000002P15344;8AI0568;;CHYBÍ V UNIQA;Aktivní vozidlo nebylo nalezeno v UNIQA ani Allianz a poznámka TIRBazar neobsahuje informaci o depozitu.
18857;ZFA25000002P60707;8AN9515;;CHYBÍ V UNIQA;Aktivní vozidlo nebylo nalezeno v UNIQA ani Allianz a poznámka TIRBazar neobsahuje informaci o depozitu.
19497;ZFA25000002P67184;;;CHYBÍ V UNIQA;Aktivní vozidlo nebylo nalezeno v UNIQA ani Allianz a poznámka TIRBazar neobsahuje informaci o depozitu.
17360;ZFA25000002P72679;1TY2724;;CHYBÍ V UNIQA;Aktivní vozidlo nebylo nalezeno v UNIQA ani Allianz a poznámka TIRBazar neobsahuje informaci o depozitu.
18599;ZFA25000002R15042;5SY9048;;CHYBÍ V UNIQA;Aktivní vozidlo nebylo nalezeno v UNIQA ani Allianz a poznámka TIRBazar neobsahuje informaci o depozitu.
18987;ZFA25000002R27427;2TA4556;;CHYBÍ V UNIQA;Aktivní vozidlo nebylo nalezeno v UNIQA ani Allianz a poznámka TIRBazar neobsahuje informaci o depozitu.
19128;ZFA25000002R38049;6J70210;;CHYBÍ V UNIQA;Aktivní vozidlo nebylo nalezeno v UNIQA ani Allianz a poznámka TIRBazar neobsahuje informaci o depozitu.
17838;ZFA25000002R38156;5SL7094;;CHYBÍ V UNIQA;Aktivní vozidlo nebylo nalezeno v UNIQA ani Allianz a poznámka TIRBazar neobsahuje informaci o depozitu.
18817;ZFA25000002R48092;;;CHYBÍ V UNIQA;Aktivní vozidlo nebylo nalezeno v UNIQA ani Allianz a poznámka TIRBazar neobsahuje informaci o depozitu.
19623;ZFA25000002S78392;;;CHYBÍ V UNIQA;Aktivní vozidlo nebylo nalezeno v UNIQA ani Allianz a poznámka TIRBazar neobsahuje informaci o depozitu.
19249;ZFA25000002T51464;7H93781;;CHYBÍ V UNIQA;Aktivní vozidlo nebylo nalezeno v UNIQA ani Allianz a poznámka TIRBazar neobsahuje informaci o depozitu.
18536;ZFA25000002T69429;7M33593;;CHYBÍ V UNIQA;Aktivní vozidlo nebylo nalezeno v UNIQA ani Allianz a poznámka TIRBazar neobsahuje informaci o depozitu.
19400;ZFA25000002T84749;6J85844;;CHYBÍ V UNIQA;Aktivní vozidlo nebylo nalezeno v UNIQA ani Allianz a poznámka TIRBazar neobsahuje informaci o depozitu.
19566;ZFA25000002U60363;5ST0166;;CHYBÍ V UNIQA;Aktivní vozidlo nebylo nalezeno v UNIQA ani Allianz a poznámka TIRBazar neobsahuje informaci o depozitu.
19039;ZFA25000002U68635;7H88366;;CHYBÍ V UNIQA;Aktivní vozidlo nebylo nalezeno v UNIQA ani Allianz a poznámka TIRBazar neobsahuje informaci o depozitu.
18302;ZFA25000002V24084;2BV9806;;CHYBÍ V UNIQA;Aktivní vozidlo nebylo nalezeno v UNIQA ani Allianz a poznámka TIRBazar neobsahuje informaci o depozitu.
18193;ZFA25000002V45094;5SV5353;;CHYBÍ V UNIQA;Aktivní vozidlo nebylo nalezeno v UNIQA ani Allianz a poznámka TIRBazar neobsahuje informaci o depozitu.
19328;ZFA25000002W81181;9P21901;;CHYBÍ V UNIQA;Aktivní vozidlo nebylo nalezeno v UNIQA ani Allianz a poznámka TIRBazar neobsahuje informaci o depozitu.
19048;ZFA25000002X02939;1AKE101;;CHYBÍ V UNIQA;Aktivní vozidlo nebylo nalezeno v UNIQA ani Allianz a poznámka TIRBazar neobsahuje informaci o depozitu.
17625;ZFA26300006101292;6AN2480;;CHYBÍ V UNIQA;Aktivní vozidlo nebylo nalezeno v UNIQA ani Allianz a poznámka TIRBazar neobsahuje informaci o depozitu.
17063;ZFA26300006185081;4AH9249;;CHYBÍ V UNIQA;Aktivní vozidlo nebylo nalezeno v UNIQA ani Allianz a poznámka TIRBazar neobsahuje informaci o depozitu.
18500;ZFA26300006A99404;8U71348;;CHYBÍ V UNIQA;Aktivní vozidlo nebylo nalezeno v UNIQA ani Allianz a poznámka TIRBazar neobsahuje informaci o depozitu.
19794;ZFA26300006D95688;5AY9557;;CHYBÍ V UNIQA;Aktivní vozidlo nebylo nalezeno v UNIQA ani Allianz a poznámka TIRBazar neobsahuje informaci o depozitu.
17495;ZFA26300006G71497;5SF7316;;CHYBÍ V UNIQA;Aktivní vozidlo nebylo nalezeno v UNIQA ani Allianz a poznámka TIRBazar neobsahuje informaci o depozitu.
17920;ZFA26300006G86168;6AJ8812;;CHYBÍ V UNIQA;Aktivní vozidlo nebylo nalezeno v UNIQA ani Allianz a poznámka TIRBazar neobsahuje informaci o depozitu.
17859;ZFA26300006J03967;4SB7736;;CHYBÍ V UNIQA;Aktivní vozidlo nebylo nalezeno v UNIQA ani Allianz a poznámka TIRBazar neobsahuje informaci o depozitu.
19319;ZFA26300006K41707;6AR3053;;CHYBÍ V UNIQA;Aktivní vozidlo nebylo nalezeno v UNIQA ani Allianz a poznámka TIRBazar neobsahuje informaci o depozitu.
18040;ZFA26300006T40733;1AFC576;;CHYBÍ V UNIQA;Aktivní vozidlo nebylo nalezeno v UNIQA ani Allianz a poznámka TIRBazar neobsahuje informaci o depozitu.
18305;ZFA26300006W15225;5SP3313;;CHYBÍ V UNIQA;Aktivní vozidlo nebylo nalezeno v UNIQA ani Allianz a poznámka TIRBazar neobsahuje informaci o depozitu.
18303;ZFA26300006W15835;5SP3312;;CHYBÍ V UNIQA;Aktivní vozidlo nebylo nalezeno v UNIQA ani Allianz a poznámka TIRBazar neobsahuje informaci o depozitu.
19187;ZFA26300008002185;1AX1781;;CHYBÍ V UNIQA;Aktivní vozidlo nebylo nalezeno v UNIQA ani Allianz a poznámka TIRBazar neobsahuje informaci o depozitu.
18984;ZFA27000064340060;6AX0288;;CHYBÍ V UNIQA;Aktivní vozidlo nebylo nalezeno v UNIQA ani Allianz a poznámka TIRBazar neobsahuje informaci o depozitu.
18568;ZFA3340000P804564;500XBLUE;;CHYBÍ V UNIQA;Aktivní vozidlo nebylo nalezeno v UNIQA ani Allianz a poznámka TIRBazar neobsahuje informaci o depozitu.
17372;ZFAFFL000J5065548;;;CHYBÍ V UNIQA;Aktivní vozidlo nebylo nalezeno v UNIQA ani Allianz a poznámka TIRBazar neobsahuje informaci o depozitu.
17509;ZFAFFL001J5072735;;;CHYBÍ V UNIQA;Aktivní vozidlo nebylo nalezeno v UNIQA ani Allianz a poznámka TIRBazar neobsahuje informaci o depozitu.
17363;ZFAFFL002J5065549;;;CHYBÍ V UNIQA;Aktivní vozidlo nebylo nalezeno v UNIQA ani Allianz a poznámka TIRBazar neobsahuje informaci o depozitu.
18960;ZFAFFL007J5087384;;;CHYBÍ V UNIQA;Aktivní vozidlo nebylo nalezeno v UNIQA ani Allianz a poznámka TIRBazar neobsahuje informaci o depozitu.
19127;ZFAFJL006L5128623;;;CHYBÍ V UNIQA;Aktivní vozidlo nebylo nalezeno v UNIQA ani Allianz a poznámka TIRBazar neobsahuje informaci o depozitu.
17407;ZFCC635A505009478;2BH0961;;CHYBÍ V UNIQA;Aktivní vozidlo nebylo nalezeno v UNIQA ani Allianz a poznámka TIRBazar neobsahuje informaci o depozitu.
19588;VF640J860KB009636;4SP3978;;NEPOJIŠTĚNO, ALE DEPOZIT;Vozidlo nebylo nalezeno v UNIQA ani Allianz, ale v poznámce TIRBazar byl nalezen text DEPOZIT. Poznámka: UNITED BRANDS,s.r.o. mobile.de 18000eur netto SPZ v DEPOZITU !!!! N3 Číslo klíče: 159
17548;VF654ANA000030674;8T59482;;NEPOJIŠTĚNO, ALE DEPOZIT;Vozidlo nebylo nalezeno v UNIQA ani Allianz, ale v poznámce TIRBazar byl nalezen text DEPOZIT. Poznámka: SPZ v DEPOZITU Číslo klíče: 302
17450;W1V9071351N142377;5SH8640;;NEPOJIŠTĚNO, ALE DEPOZIT;Vozidlo nebylo nalezeno v UNIQA ani Allianz, ale v poznámce TIRBazar byl nalezen text DEPOZIT. Poznámka: SPZ JSOU V DEPOZITU!!! Číslo klíče: 255
17002;WDB9046131R228340;4AH1796;;NEPOJIŠTĚNO, ALE DEPOZIT;Vozidlo nebylo nalezeno v UNIQA ani Allianz, ale v poznámce TIRBazar byl nalezen text DEPOZIT. Poznámka: SPZ v DEPOZITU Číslo klíče: 52
17588;WDB9061531N714928;5L43677;;NEPOJIŠTĚNO, ALE DEPOZIT;Vozidlo nebylo nalezeno v UNIQA ani Allianz, ale v poznámce TIRBazar byl nalezen text DEPOZIT. Poznámka: TIR CENTRUM SPZ v DEPOZITU, mobile 23600€ Číslo klíče: 276
18663;WDB9061551N304522;1US7768;;NEPOJIŠTĚNO, ALE DEPOZIT;Vozidlo nebylo nalezeno v UNIQA ani Allianz, ale v poznámce TIRBazar byl nalezen text DEPOZIT. Poznámka: DOPEKAR SPZ v DEPOZITU Číslo klíče: 295 Číslo klíče: 194 Číslo klíče: 194 Číslo klíče: 194 Číslo klíče: 194
18664;WDB9061551N304699;3U77410;;NEPOJIŠTĚNO, ALE DEPOZIT;Vozidlo nebylo nalezeno v UNIQA ani Allianz, ale v poznámce TIRBazar byl nalezen text DEPOZIT. Poznámka: DOPEKAR SPZ v DEPOZITU Číslo klíče: 295
19447;WDB9062551N621709;8AA3317;;NEPOJIŠTĚNO, ALE DEPOZIT;Vozidlo nebylo nalezeno v UNIQA ani Allianz, ale v poznámce TIRBazar byl nalezen text DEPOZIT. Poznámka: AUTO OD TRUCKCENTRE Chybí ORV !!! SPZ V DEPOZITU! Číslo klíče: 203
18155;WDB9071351N015669;4SX3811;;NEPOJIŠTĚNO, ALE DEPOZIT;Vozidlo nebylo nalezeno v UNIQA ani Allianz, ale v poznámce TIRBazar byl nalezen text DEPOZIT. Poznámka: VTP DEPOZIT!!! PM + VTP PŘI PRODEJI! KOMUNIKACE PŘES WHATSAPP Číslo klíče: 384
18419;WF0HXXTTGHFU71620;8AX4896;;NEPOJIŠTĚNO, ALE DEPOZIT;Vozidlo nebylo nalezeno v UNIQA ani Allianz, ale v poznámce TIRBazar byl nalezen text DEPOZIT. Poznámka: SPZ v DEPOZITU Převod na VANS Číslo klíče: 251
18902;WJMM62AU00C467282;5SX2687;;NEPOJIŠTĚNO, ALE DEPOZIT;Vozidlo nebylo nalezeno v UNIQA ani Allianz, ale v poznámce TIRBazar byl nalezen text DEPOZIT. Poznámka: MHC SPZ v DEPOZITU Číslo klíče: 41
18009;WMAN03ZZ2HY353459;7AV1978;;NEPOJIŠTĚNO, ALE DEPOZIT;Vozidlo nebylo nalezeno v UNIQA ani Allianz, ale v poznámce TIRBazar byl nalezen text DEPOZIT. Poznámka: RUNJA AGRI SPZ v DEPOZITU/ STOJÍ NA TRUCK CENTRE 229+ 195 Číslo klíče: 969
19279;WV1ZZZ2DZ1H033963;6AP3852;;NEPOJIŠTĚNO, ALE DEPOZIT;Vozidlo nebylo nalezeno v UNIQA ani Allianz, ale v poznámce TIRBazar byl nalezen text DEPOZIT. Poznámka: SPZ v DEPOZITU - Řeší se při PRODEJI !!! Číslo klíče: 227
19268;WV1ZZZ2DZ1H035224;1AX0661;;NEPOJIŠTĚNO, ALE DEPOZIT;Vozidlo nebylo nalezeno v UNIQA ani Allianz, ale v poznámce TIRBazar byl nalezen text DEPOZIT. Poznámka: SPZ v DEPOZITU - Řeší se při PRODEJI !!! Číslo klíče: 332
19273;WV1ZZZ2DZ5H004671;4AR3756;;NEPOJIŠTĚNO, ALE DEPOZIT;Vozidlo nebylo nalezeno v UNIQA ani Allianz, ale v poznámce TIRBazar byl nalezen text DEPOZIT. Poznámka: SPZ v DEPOZITU - Řeší se při PRODEJI !!! Číslo klíče: 361
19270;WV1ZZZ2DZ5H004759;3AR4897;;NEPOJIŠTĚNO, ALE DEPOZIT;Vozidlo nebylo nalezeno v UNIQA ani Allianz, ale v poznámce TIRBazar byl nalezen text DEPOZIT. Poznámka: SPZ v DEPOZITU - Řeší se při PRODEJI !!! Číslo klíče: 92
17385;WV1ZZZ2DZ5H023951;5L06067;;NEPOJIŠTĚNO, ALE DEPOZIT;Vozidlo nebylo nalezeno v UNIQA ani Allianz, ale v poznámce TIRBazar byl nalezen text DEPOZIT. Poznámka: NSTORE VADNÝ PLOVÁK-NEUKAZUJE PALIVO!! SPZ v DEPOZITU Číslo klíče: 235 Číslo klíče: 16
19081;WV1ZZZ2FZ97001232;3J55302;;NEPOJIŠTĚNO, ALE DEPOZIT;Vozidlo nebylo nalezeno v UNIQA ani Allianz, ale v poznámce TIRBazar byl nalezen text DEPOZIT. Poznámka: LAPEK, a.s. - SPZ v DEPOZITU HORŠÍ BRZDY, DIFERÁK DO POMALA! ROZVODY VYMĚNĚNY VE 200TIS.KM Číslo klíče: 75
19087;WV1ZZZ2FZB7005551;4J31095;;NEPOJIŠTĚNO, ALE DEPOZIT;Vozidlo nebylo nalezeno v UNIQA ani Allianz, ale v poznámce TIRBazar byl nalezen text DEPOZIT. Poznámka: LAPEK, a.s. SVÍTÍ MOTOR, CHLAZENÍ KO KRABIČKA SPZ v DEPOZITU Číslo klíče: 92
19086;WV1ZZZ2FZF7001393;5J36883;;NEPOJIŠTĚNO, ALE DEPOZIT;Vozidlo nebylo nalezeno v UNIQA ani Allianz, ale v poznámce TIRBazar byl nalezen text DEPOZIT. Poznámka: LAPEK, a.s. SPZ v DEPOZITU Číslo klíče: 83
19097;WV1ZZZ2FZF7001721;5J36884;;NEPOJIŠTĚNO, ALE DEPOZIT;Vozidlo nebylo nalezeno v UNIQA ani Allianz, ale v poznámce TIRBazar byl nalezen text DEPOZIT. Poznámka: LAPEK, a.s. - SPZ v DEPOZITU MOBILE.DE 12900EUR/NETTO SVÍTÍ MOTOR Číslo klíče: 10
19093;WV1ZZZ2FZF7002181;5J37523;;NEPOJIŠTĚNO, ALE DEPOZIT;Vozidlo nebylo nalezeno v UNIQA ani Allianz, ale v poznámce TIRBazar byl nalezen text DEPOZIT. Poznámka: LAPEK, a.s. MOBILE.DE 12000EUR/NETTO SPZ v DEPOZITU Číslo klíče: 180
19095;WV1ZZZ2FZF7002373;5J37524;;NEPOJIŠTĚNO, ALE DEPOZIT;Vozidlo nebylo nalezeno v UNIQA ani Allianz, ale v poznámce TIRBazar byl nalezen text DEPOZIT. Poznámka: LAPEK, a.s. MOBILE.DE 12000EUR/NETTO SPZ v DEPOZITU Číslo klíče: 9
19091;WV1ZZZ2FZF7007857;5J54649;;NEPOJIŠTĚNO, ALE DEPOZIT;Vozidlo nebylo nalezeno v UNIQA ani Allianz, ale v poznámce TIRBazar byl nalezen text DEPOZIT. Poznámka: LAPEK, a.s. - SPZ v DEPOZITU MOBILE.DE 12600EUR/NETTO SVÍTÍ MOTOR, KDYŽ JEDE DO KOPCE ROZSVÍTÍ SE ŽHAVENÍ Číslo klíče: 25
19089;WV1ZZZ2FZG7003131;5J59106;;NEPOJIŠTĚNO, ALE DEPOZIT;Vozidlo nebylo nalezeno v UNIQA ani Allianz, ale v poznámce TIRBazar byl nalezen text DEPOZIT. Poznámka: LAPEK, a.s. MOBILE.DE 15800EUR/NETTO SPZ v DEPOZITU Číslo klíče: 148
18814;WV3ZZZSZZN9012440;5ST3744;;NEPOJIŠTĚNO, ALE DEPOZIT;Vozidlo nebylo nalezeno v UNIQA ani Allianz, ale v poznámce TIRBazar byl nalezen text DEPOZIT. Poznámka: TP ZATÍM NEMÁME SPZ v DEPOZITU Číslo klíče: 117
18816;WV3ZZZSZZN9012454;5ST3746;;NEPOJIŠTĚNO, ALE DEPOZIT;Vozidlo nebylo nalezeno v UNIQA ani Allianz, ale v poznámce TIRBazar byl nalezen text DEPOZIT. Poznámka: TP DEPOZIT SPZ v DEPOZITU Číslo klíče: 53 Číslo klíče: 53
19797;YARTDDEF9RG088584;EL583EZ;;NEPOJIŠTĚNO, ALE DEPOZIT;Vozidlo nebylo nalezeno v UNIQA ani Allianz, ale v poznámce TIRBazar byl nalezen text DEPOZIT. Poznámka: RZ DEPOZIT !!! Chybí ORV + VTP + PM Číslo klíče: 348
17642;ZCFA71EF002668171;4SE4572;;NEPOJIŠTĚNO, ALE DEPOZIT;Vozidlo nebylo nalezeno v UNIQA ani Allianz, ale v poznámce TIRBazar byl nalezen text DEPOZIT. Poznámka: MHC Mobility.záloha 700 000+ NENÍ STK! SPZ v DEPOZITU Číslo klíče: 314
17562;ZCFA71EF202668088;4SE4573;;NEPOJIŠTĚNO, ALE DEPOZIT;Vozidlo nebylo nalezeno v UNIQA ani Allianz, ale v poznámce TIRBazar byl nalezen text DEPOZIT. Poznámka: 311 MHC Mobility. SPZ v DEPOZITU Číslo klíče: 983
18065;ZCFA75D0402575512;7C76555;;NEPOJIŠTĚNO, ALE DEPOZIT;Vozidlo nebylo nalezeno v UNIQA ani Allianz, ale v poznámce TIRBazar byl nalezen text DEPOZIT. Poznámka: Vladimír Franc PM Dodá MOBILE.DE 6000EUR BRUTTO SPZ v DEPOZITU 155 ODVEZENO NA TRUCK CENTRE Číslo klíče: 951
18061;ZCFA75D0402598603;4Z71624;;NEPOJIŠTĚNO, ALE DEPOZIT;Vozidlo nebylo nalezeno v UNIQA ani Allianz, ale v poznámce TIRBazar byl nalezen text DEPOZIT. Poznámka: VIN-TRANS S.R.O. SPZ v DEPOZITU 382 ODVEZENO NA TRUCK CENTRE Číslo klíče: 960
16807;ZCFC150AX05017965;3SH5653;;NEPOJIŠTĚNO, ALE DEPOZIT;Vozidlo nebylo nalezeno v UNIQA ani Allianz, ale v poznámce TIRBazar byl nalezen text DEPOZIT. Poznámka: TIR CENTRUM SPZ v DEPOZITU Číslo klíče: 168
18510;ZCFC150B105214712;6AX9576;;NEPOJIŠTĚNO, ALE DEPOZIT;Vozidlo nebylo nalezeno v UNIQA ani Allianz, ale v poznámce TIRBazar byl nalezen text DEPOZIT. Poznámka: COMPANY CONTACTS SPZ v DEPOZITU Číslo klíče: 103
18511;ZCFC150B705165113;6AJ1394;;NEPOJIŠTĚNO, ALE DEPOZIT;Vozidlo nebylo nalezeno v UNIQA ani Allianz, ale v poznámce TIRBazar byl nalezen text DEPOZIT. Poznámka: COMPANY CONTACTS SPZ v DEPOZITU Číslo klíče: 32
18260;ZCFC160C105090407;2SV8220;;NEPOJIŠTĚNO, ALE DEPOZIT;Vozidlo nebylo nalezeno v UNIQA ani Allianz, ale v poznámce TIRBazar byl nalezen text DEPOZIT. Poznámka: SCHWAM O&V s.r.o. SPZ v DEPOZITU Číslo klíče: 178
17316;ZCFC165A905109051;5AP6865;;NEPOJIŠTĚNO, ALE DEPOZIT;Vozidlo nebylo nalezeno v UNIQA ani Allianz, ale v poznámce TIRBazar byl nalezen text DEPOZIT. Poznámka: SPZ v DEPOZITU Číslo klíče: 219
18608;ZCFC165C705018717;2TE6650;;NEPOJIŠTĚNO, ALE DEPOZIT;Vozidlo nebylo nalezeno v UNIQA ani Allianz, ale v poznámce TIRBazar byl nalezen text DEPOZIT. Poznámka: MOJKAR s.r.o. SPZ v DEPOZITU Číslo klíče: 308
17940;ZCFC170C605122421;7J40334;;NEPOJIŠTĚNO, ALE DEPOZIT;Vozidlo nebylo nalezeno v UNIQA ani Allianz, ale v poznámce TIRBazar byl nalezen text DEPOZIT. Poznámka: ŠMÍD SPZ v DEPOZITU Číslo klíče: 281
19068;ZCFC170D005280780;1AJA512;;NEPOJIŠTĚNO, ALE DEPOZIT;Vozidlo nebylo nalezeno v UNIQA ani Allianz, ale v poznámce TIRBazar byl nalezen text DEPOZIT. Poznámka: DÁVID POLÁK (sk) HORŠÍ PŘEDNÍ NÁPRAVA! SPZ v DEPOZITU Číslo klíče: 68
19383;ZCFC170D605229171;6J43547;;NEPOJIŠTĚNO, ALE DEPOZIT;Vozidlo nebylo nalezeno v UNIQA ani Allianz, ale v poznámce TIRBazar byl nalezen text DEPOZIT. Poznámka: Uzenářství a lahůdky Sláma s.r.o. SPZ v DEPOZITU Číslo klíče: 228
19139;ZCFC170D705294210;5SX5373;;NEPOJIŠTĚNO, ALE DEPOZIT;Vozidlo nebylo nalezeno v UNIQA ani Allianz, ale v poznámce TIRBazar byl nalezen text DEPOZIT. Poznámka: PROCHÁZKA SPZ v DEPOZITU Číslo klíče: 62
17400;ZCFC260C405058936;5J66883;;NEPOJIŠTĚNO, ALE DEPOZIT;Vozidlo nebylo nalezeno v UNIQA ani Allianz, ale v poznámce TIRBazar byl nalezen text DEPOZIT. Poznámka: AUTO ŠAFRÁNEK S.R.O. SPZ v DEPOZITU Číslo klíče: 241
17263;ZCFC260C505096823;7H85534;;NEPOJIŠTĚNO, ALE DEPOZIT;Vozidlo nebylo nalezeno v UNIQA ani Allianz, ale v poznámce TIRBazar byl nalezen text DEPOZIT. Poznámka: Krsek Slavomír SPZ V DEPOZITU Číslo klíče: 3
19271;ZCFC3571205802374;5SJ7063;;NEPOJIŠTĚNO, ALE DEPOZIT;Vozidlo nebylo nalezeno v UNIQA ani Allianz, ale v poznámce TIRBazar byl nalezen text DEPOZIT. Poznámka: SPZ v DEPOZITU - Řeší se při PRODEJI !!! Číslo klíče: 268
19269;ZCFC3571205802383;5SJ6967;;NEPOJIŠTĚNO, ALE DEPOZIT;Vozidlo nebylo nalezeno v UNIQA ani Allianz, ale v poznámce TIRBazar byl nalezen text DEPOZIT. Poznámka: SPZ v DEPOZITU - Řeší se při PRODEJI !!! Číslo klíče: 321
18683;ZCFC3571205828949;6J09225;;NEPOJIŠTĚNO, ALE DEPOZIT;Vozidlo nebylo nalezeno v UNIQA ani Allianz, ale v poznámce TIRBazar byl nalezen text DEPOZIT. Poznámka: SPZ v DEPOZITU v RAKOVNIKU při PRODEJI se bude řešit Číslo klíče: 291
19275;ZCFC3575005628829;4SR4011;;NEPOJIŠTĚNO, ALE DEPOZIT;Vozidlo nebylo nalezeno v UNIQA ani Allianz, ale v poznámce TIRBazar byl nalezen text DEPOZIT. Poznámka: SPZ v DEPOZITU - Řeší se při PRODEJI !!! Číslo klíče: 175
19272;ZCFC3575005799965;5SU6635;;NEPOJIŠTĚNO, ALE DEPOZIT;Vozidlo nebylo nalezeno v UNIQA ani Allianz, ale v poznámce TIRBazar byl nalezen text DEPOZIT. Poznámka: SPZ v DEPOZITU - Řeší se při PRODEJI !!! Číslo klíče: 221
19278;ZCFC3592005961964;5SU6579;;NEPOJIŠTĚNO, ALE DEPOZIT;Vozidlo nebylo nalezeno v UNIQA ani Allianz, ale v poznámce TIRBazar byl nalezen text DEPOZIT. Poznámka: SPZ v DEPOZITU - Řeší se při PRODEJI !!! Číslo klíče: 229
17359;ZCFC365A805131827;6M18253;;NEPOJIŠTĚNO, ALE DEPOZIT;Vozidlo nebylo nalezeno v UNIQA ani Allianz, ale v poznámce TIRBazar byl nalezen text DEPOZIT. Poznámka: SEKNE, spol. s r.o. SVÍTÍ KONTROLKA ŽÁROVEK, JINAK OK SPZ v DEPOZITU Číslo klíče: 338
19413;ZCFC465A205241429;6E12970;;NEPOJIŠTĚNO, ALE DEPOZIT;Vozidlo nebylo nalezeno v UNIQA ani Allianz, ale v poznámce TIRBazar byl nalezen text DEPOZIT. Poznámka: Pekařství a cukrářství Sázava s.r.o. SPZ v DEPOZITU Číslo klíče: 36
19080;ZCFC465A405169696;6E56466;;NEPOJIŠTĚNO, ALE DEPOZIT;Vozidlo nebylo nalezeno v UNIQA ani Allianz, ale v poznámce TIRBazar byl nalezen text DEPOZIT. Poznámka: Pekařství a cukrářství Sázava, a.s. SPZ v DEPOZITU Číslo klíče: 32
19198;ZCFC465A505289524;6E12980;;NEPOJIŠTĚNO, ALE DEPOZIT;Vozidlo nebylo nalezeno v UNIQA ani Allianz, ale v poznámce TIRBazar byl nalezen text DEPOZIT. Poznámka: Pekařství a cukrářství Sázava s.r.o SPZ v DEPOZITU Číslo klíče: 263
18013;ZCFC465A705169420;5E91730;;NEPOJIŠTĚNO, ALE DEPOZIT;Vozidlo nebylo nalezeno v UNIQA ani Allianz, ale v poznámce TIRBazar byl nalezen text DEPOZIT. Poznámka: Pekařství a cukrářství Sázava s.r.o. MOBILE.DE 9450EUR netto SPZ v DEPOZITU Číslo klíče: 241
17203;ZCFC5070005346648;CVA5668;;NEPOJIŠTĚNO, ALE DEPOZIT;Vozidlo nebylo nalezeno v UNIQA ani Allianz, ale v poznámce TIRBazar byl nalezen text DEPOZIT. Poznámka: DOPEKAR MOBILE.DE 3600EUR DEPOZIT Číslo klíče: 53
17793;ZCFC50A1005576799;5A61005;;NEPOJIŠTĚNO, ALE DEPOZIT;Vozidlo nebylo nalezeno v UNIQA ani Allianz, ale v poznámce TIRBazar byl nalezen text DEPOZIT. Poznámka: VeaCom s.r.o. SPZ v DEPOZITU Číslo klíče: 124 Číslo klíče: 124
17584;ZCFC50A2005745454;9AL7716;;NEPOJIŠTĚNO, ALE DEPOZIT;Vozidlo nebylo nalezeno v UNIQA ani Allianz, ale v poznámce TIRBazar byl nalezen text DEPOZIT. Poznámka: Eclipse Print a.s. SPZ v DEPOZITU Číslo klíče: 26
19153;ZCFC50A4005929040;3AC9807;;NEPOJIŠTĚNO, ALE DEPOZIT;Vozidlo nebylo nalezeno v UNIQA ani Allianz, ale v poznámce TIRBazar byl nalezen text DEPOZIT. Poznámka: EUROVIA CZ a.s. SPZ v DEPOZITU Číslo klíče: 313
17037;ZCFC50C0005543537;8AD2325;;NEPOJIŠTĚNO, ALE DEPOZIT;Vozidlo nebylo nalezeno v UNIQA ani Allianz, ale v poznámce TIRBazar byl nalezen text DEPOZIT. Poznámka: HELP CAR SERVIS PO OPRAVĚ CHLAZENÍ V CARRIERU - NOVÝ KOMPRESOR, FILTR, CHLADIVO..CCA.40TIS.KČ SPZ V DEPOZITU Číslo klíče: 90
17636;ZCFC5980105216055;CBA7703;;NEPOJIŠTĚNO, ALE DEPOZIT;Vozidlo nebylo nalezeno v UNIQA ani Allianz, ale v poznámce TIRBazar byl nalezen text DEPOZIT. Poznámka: MANI, spol. s r.o. SPZ v DEPOZITU Číslo klíče: 23
17403;ZCFC60A5005818648;1BJ9985;;NEPOJIŠTĚNO, ALE DEPOZIT;Vozidlo nebylo nalezeno v UNIQA ani Allianz, ale v poznámce TIRBazar byl nalezen text DEPOZIT. Poznámka: RTL Europe Delivery CZ s.r.o. SPZ v DEPOZITU Číslo klíče: 233
17678;ZCFC60A5005849022;2AA0789;;NEPOJIŠTĚNO, ALE DEPOZIT;Vozidlo nebylo nalezeno v UNIQA ani Allianz, ale v poznámce TIRBazar byl nalezen text DEPOZIT. Poznámka: VETA trade s.r.o. SPZ v DEPOZITU Číslo klíče: 88
17676;ZCFC60A5005881157;2AK3555;;NEPOJIŠTĚNO, ALE DEPOZIT;Vozidlo nebylo nalezeno v UNIQA ani Allianz, ale v poznámce TIRBazar byl nalezen text DEPOZIT. Poznámka: VETA trade s.r.o. SPZ v DEPOZITU Číslo klíče: 178
18538;ZCFC60C0005604070;3L96593;;NEPOJIŠTĚNO, ALE DEPOZIT;Vozidlo nebylo nalezeno v UNIQA ani Allianz, ale v poznámce TIRBazar byl nalezen text DEPOZIT. Poznámka: H 2 P s.r.o. NEFUNGUJE CHLAZENÍ, PALIVOMĚR BLBNE, HORŠÍ BRZDY SPZ v DEPOZITU Číslo klíče: 329
18719;ZCFC650D005378178;9AY9467;;NEPOJIŠTĚNO, ALE DEPOZIT;Vozidlo nebylo nalezeno v UNIQA ani Allianz, ale v poznámce TIRBazar byl nalezen text DEPOZIT. Poznámka: P.S.AGRO-METAL chlazení funguje (nastavit se dá na -32°C), PROVEDENA VÝMĚNA BATERIE! SPZ v DEPOZITU Číslo klíče: 223
17449;ZCFC65A0105748639;2SA1202;;NEPOJIŠTĚNO, ALE DEPOZIT;Vozidlo nebylo nalezeno v UNIQA ani Allianz, ale v poznámce TIRBazar byl nalezen text DEPOZIT. Poznámka: MATEO PACKING SPZ v DEPOZITU Číslo klíče: 68
18702;ZCFC65A1005573951;8A48705;;NEPOJIŠTĚNO, ALE DEPOZIT;Vozidlo nebylo nalezeno v UNIQA ani Allianz, ale v poznámce TIRBazar byl nalezen text DEPOZIT. Poznámka: VeaCom s.r.o. - mozno dat misto slevy kontejner SPZ v DEPOZITU Číslo klíče: 379
17675;ZCFC65A2005739821;5P48925;;NEPOJIŠTĚNO, ALE DEPOZIT;Vozidlo nebylo nalezeno v UNIQA ani Allianz, ale v poznámce TIRBazar byl nalezen text DEPOZIT. Poznámka: VETA trade s.r.o. SPZ v DEPOZITU Číslo klíče: 53
17358;ZCFC65A2005742296;3M47469;;NEPOJIŠTĚNO, ALE DEPOZIT;Vozidlo nebylo nalezeno v UNIQA ani Allianz, ale v poznámce TIRBazar byl nalezen text DEPOZIT. Poznámka: SEKNE, spol. s r.o. SPZ v DEPOZITU Číslo klíče: 20
17414;ZCFC65A6105941969;4E67020;;NEPOJIŠTĚNO, ALE DEPOZIT;Vozidlo nebylo nalezeno v UNIQA ani Allianz, ale v poznámce TIRBazar byl nalezen text DEPOZIT. Poznámka: JRG Logis Transport s.r.o. mobile 7500€ N2 SPZ v DEPOZITU Číslo klíče: 2
18950;ZCFC65C0005566716;3B60721;;NEPOJIŠTĚNO, ALE DEPOZIT;Vozidlo nebylo nalezeno v UNIQA ani Allianz, ale v poznámce TIRBazar byl nalezen text DEPOZIT. Poznámka: SHEJBAL SPZ v DEPOZITU Číslo klíče: 103
18438;ZCFC65C100D508950;5E10074;;NEPOJIŠTĚNO, ALE DEPOZIT;Vozidlo nebylo nalezeno v UNIQA ani Allianz, ale v poznámce TIRBazar byl nalezen text DEPOZIT. Poznámka: OBEC PRACHOVICE SPZ v DEPOZITU Číslo klíče: 180
17767;ZCFC65D0005635911;8T73144;;NEPOJIŠTĚNO, ALE DEPOZIT;Vozidlo nebylo nalezeno v UNIQA ani Allianz, ale v poznámce TIRBazar byl nalezen text DEPOZIT. Poznámka: PERFIS NEBRZDÍ! HORŠÍ SPÍNAČKA! SPZ v DEPOZITU Číslo klíče: 270
17768;ZCFC65D0005646286;8T71547;;NEPOJIŠTĚNO, ALE DEPOZIT;Vozidlo nebylo nalezeno v UNIQA ani Allianz, ale v poznámce TIRBazar byl nalezen text DEPOZIT. Poznámka: PERFIS SVÍTÍ MOTOR, ABS A BRZDY SPZ v DEPOZITU mobile.de 9700eur Číslo klíče: 259
17677;ZCFC65D0005666938;8S55572;;NEPOJIŠTĚNO, ALE DEPOZIT;Vozidlo nebylo nalezeno v UNIQA ani Allianz, ale v poznámce TIRBazar byl nalezen text DEPOZIT. Poznámka: VETA trade s.r.o. POKUD CHCEŠ NASTARTOVAT, NUTNO PŘES ŽLUTÉ TLAČÍTKO SPZ v DEPOZITU Číslo klíče: 264
17470;ZCFC65D0005783523;9S45778;;NEPOJIŠTĚNO, ALE DEPOZIT;Vozidlo nebylo nalezeno v UNIQA ani Allianz, ale v poznámce TIRBazar byl nalezen text DEPOZIT. Poznámka: TECH.SLUŽBY VLAŠIM SPZ v DEPOZITU Číslo klíče: 356
18668;ZCFC65D0005797467;3Z93384;;NEPOJIŠTĚNO, ALE DEPOZIT;Vozidlo nebylo nalezeno v UNIQA ani Allianz, ale v poznámce TIRBazar byl nalezen text DEPOZIT. Poznámka: Chybí PM SPZ v DEPOZITU Číslo klíče: 134
18819;ZCFC70C1005947615;4L40037;;NEPOJIŠTĚNO, ALE DEPOZIT;Vozidlo nebylo nalezeno v UNIQA ani Allianz, ale v poznámce TIRBazar byl nalezen text DEPOZIT. Poznámka: CARS CENTRUM PELHŘIMOV SPZ v DEPOZITU Číslo klíče: 331
18820;ZCFC70C1005973887;5L37153;;NEPOJIŠTĚNO, ALE DEPOZIT;Vozidlo nebylo nalezeno v UNIQA ani Allianz, ale v poznámce TIRBazar byl nalezen text DEPOZIT. Poznámka: CARS CENTRUM PELHŘIMOV SPZ v DEPOZITU Číslo klíče: 24
18579;ZCFC70F0005904918;6H63560;;NEPOJIŠTĚNO, ALE DEPOZIT;Vozidlo nebylo nalezeno v UNIQA ani Allianz, ale v poznámce TIRBazar byl nalezen text DEPOZIT. Poznámka: KAMENIUM GROUP vypínač baterie na levé straně za kabinou, aby se nevybíjela SPZ v DEPOZITU Číslo klíče: 211
17308;VF1VB000665828757;1UI7078;9AR0912;SPZ NESOUHLASÍ;Pojištění bylo nalezeno v UNIQA podle VIN, ale SPZ v TIRBazar a UNIQA se liší. VIN je hlavní identifikátor.
;3MZBN64560M303679;;;NAVÍC V UNIQA;VIN je mezi aktivními vozidly UNIQA, ale v TIRBazar nebyl nalezen mezi vozidly s výkupem ani mezi vozidly vykoupenými z komise.
;KMFAB17RPJK013264;;7AI8736;NAVÍC V UNIQA;VIN je mezi aktivními vozidly UNIQA, ale v TIRBazar nebyl nalezen mezi vozidly s výkupem ani mezi vozidly vykoupenými z komise.
;KMFAB17RPJK013266;;7AF3846;NAVÍC V UNIQA;VIN je mezi aktivními vozidly UNIQA, ale v TIRBazar nebyl nalezen mezi vozidly s výkupem ani mezi vozidly vykoupenými z komise.
;KMFAB17RPJK015024;;6E34970;NAVÍC V UNIQA;VIN je mezi aktivními vozidly UNIQA, ale v TIRBazar nebyl nalezen mezi vozidly s výkupem ani mezi vozidly vykoupenými z komise.
;KMFAC17RPJK000953;;3SV4572;NAVÍC V UNIQA;VIN je mezi aktivními vozidly UNIQA, ale v TIRBazar nebyl nalezen mezi vozidly s výkupem ani mezi vozidly vykoupenými z komise.
;MBHHFD31S00204515;;8AS4777;NAVÍC V UNIQA;VIN je mezi aktivními vozidly UNIQA, ale v TIRBazar nebyl nalezen mezi vozidly s výkupem ani mezi vozidly vykoupenými z komise.
;MMCJJKL60LH005154;;6L37945;NAVÍC V UNIQA;VIN je mezi aktivními vozidly UNIQA, ale v TIRBazar nebyl nalezen mezi vozidly s výkupem ani mezi vozidly vykoupenými z komise.
;RP8M79100FV010737;;9A3781;NAVÍC V UNIQA;VIN je mezi aktivními vozidly UNIQA, ale v TIRBazar nebyl nalezen mezi vozidly s výkupem ani mezi vozidly vykoupenými z komise.
;SWV5AA14HMK000021;;1UF6380;NAVÍC V UNIQA;VIN je mezi aktivními vozidly UNIQA, ale v TIRBazar nebyl nalezen mezi vozidly s výkupem ani mezi vozidly vykoupenými z komise.
;TKXD56235NBBA2886;;;NAVÍC V UNIQA;VIN je mezi aktivními vozidly UNIQA, ale v TIRBazar nebyl nalezen mezi vozidly s výkupem ani mezi vozidly vykoupenými z komise.
;TKXV31113GEBA3774;;5L35224;NAVÍC V UNIQA;VIN je mezi aktivními vozidly UNIQA, ale v TIRBazar nebyl nalezen mezi vozidly s výkupem ani mezi vozidly vykoupenými z komise.
;TMBAF25J2A3127459;;9U13711;NAVÍC V UNIQA;VIN je mezi aktivními vozidly UNIQA, ale v TIRBazar nebyl nalezen mezi vozidly s výkupem ani mezi vozidly vykoupenými z komise.
;TMBAG7NX9MY173716;;8AS7938;NAVÍC V UNIQA;VIN je mezi aktivními vozidly UNIQA, ale v TIRBazar nebyl nalezen mezi vozidly s výkupem ani mezi vozidly vykoupenými z komise.
;TMBAG8NX9SM022935;;;NAVÍC V UNIQA;VIN je mezi aktivními vozidly UNIQA, ale v TIRBazar nebyl nalezen mezi vozidly s výkupem ani mezi vozidly vykoupenými z komise.
;TMBAG9NE0J0373310;;7AC7316;NAVÍC V UNIQA;VIN je mezi aktivními vozidly UNIQA, ale v TIRBazar nebyl nalezen mezi vozidly s výkupem ani mezi vozidly vykoupenými z komise.
;TMBCJ9NP9L7023454;;;NAVÍC V UNIQA;VIN je mezi aktivními vozidly UNIQA, ale v TIRBazar nebyl nalezen mezi vozidly s výkupem ani mezi vozidly vykoupenými z komise.
;TMBGH25J6A3035856;;1AJ9794;NAVÍC V UNIQA;VIN je mezi aktivními vozidly UNIQA, ale v TIRBazar nebyl nalezen mezi vozidly s výkupem ani mezi vozidly vykoupenými z komise.
;TMBJW9NP7M7008929;;EL671ET;NAVÍC V UNIQA;VIN je mezi aktivními vozidly UNIQA, ale v TIRBazar nebyl nalezen mezi vozidly s výkupem ani mezi vozidly vykoupenými z komise.
;UU1F6720264797821;;8AB0453;NAVÍC V UNIQA;VIN je mezi aktivními vozidly UNIQA, ale v TIRBazar nebyl nalezen mezi vozidly s výkupem ani mezi vozidly vykoupenými z komise.
;VF1FL000061249532;;7AC6140;NAVÍC V UNIQA;VIN je mezi aktivními vozidly UNIQA, ale v TIRBazar nebyl nalezen mezi vozidly s výkupem ani mezi vozidly vykoupenými z komise.
;VF1FL000757648546;;7C71493;NAVÍC V UNIQA;VIN je mezi aktivními vozidly UNIQA, ale v TIRBazar nebyl nalezen mezi vozidly s výkupem ani mezi vozidly vykoupenými z komise.
;VF1JK04A637708981;;9A50146;NAVÍC V UNIQA;VIN je mezi aktivními vozidly UNIQA, ale v TIRBazar nebyl nalezen mezi vozidly s výkupem ani mezi vozidly vykoupenými z komise.
;VF1JLNJA66Y163986;;;NAVÍC V UNIQA;VIN je mezi aktivními vozidly UNIQA, ale v TIRBazar nebyl nalezen mezi vozidly s výkupem ani mezi vozidly vykoupenými z komise.
;VF1MA000166742555;;5SL7898;NAVÍC V UNIQA;VIN je mezi aktivními vozidly UNIQA, ale v TIRBazar nebyl nalezen mezi vozidly s výkupem ani mezi vozidly vykoupenými z komise.
;VF1MA000466961395;;2TN3491;NAVÍC V UNIQA;VIN je mezi aktivními vozidly UNIQA, ale v TIRBazar nebyl nalezen mezi vozidly s výkupem ani mezi vozidly vykoupenými z komise.
;VF1MA000468313043;;6SN2958;NAVÍC V UNIQA;VIN je mezi aktivními vozidly UNIQA, ale v TIRBazar nebyl nalezen mezi vozidly s výkupem ani mezi vozidly vykoupenými z komise.
;VF1MA000567190925;;6SI9689;NAVÍC V UNIQA;VIN je mezi aktivními vozidly UNIQA, ale v TIRBazar nebyl nalezen mezi vozidly s výkupem ani mezi vozidly vykoupenými z komise.
;VF1MA000664850892;;8P53133;NAVÍC V UNIQA;VIN je mezi aktivními vozidly UNIQA, ale v TIRBazar nebyl nalezen mezi vozidly s výkupem ani mezi vozidly vykoupenými z komise.
;VF1VB000067359654;;8P98710;NAVÍC V UNIQA;VIN je mezi aktivními vozidly UNIQA, ale v TIRBazar nebyl nalezen mezi vozidly s výkupem ani mezi vozidly vykoupenými z komise.
;VF1VB000256763706;;6Z60472;NAVÍC V UNIQA;VIN je mezi aktivními vozidly UNIQA, ale v TIRBazar nebyl nalezen mezi vozidly s výkupem ani mezi vozidly vykoupenými z komise.
;VF1VB000260482817;;7AD1607;NAVÍC V UNIQA;VIN je mezi aktivními vozidly UNIQA, ale v TIRBazar nebyl nalezen mezi vozidly s výkupem ani mezi vozidly vykoupenými z komise.
;VF1VB000668127375;;9AD0999;NAVÍC V UNIQA;VIN je mezi aktivními vozidly UNIQA, ale v TIRBazar nebyl nalezen mezi vozidly s výkupem ani mezi vozidly vykoupenými z komise.
;VF1VB000X67854962;;2BR4818;NAVÍC V UNIQA;VIN je mezi aktivními vozidly UNIQA, ale v TIRBazar nebyl nalezen mezi vozidly s výkupem ani mezi vozidly vykoupenými z komise.
;VF1VBU4S150174654;;;NAVÍC V UNIQA;VIN je mezi aktivními vozidly UNIQA, ale v TIRBazar nebyl nalezen mezi vozidly s výkupem ani mezi vozidly vykoupenými z komise.
;VF34C9HZH55354110;;7AF4604;NAVÍC V UNIQA;VIN je mezi aktivními vozidly UNIQA, ale v TIRBazar nebyl nalezen mezi vozidly s výkupem ani mezi vozidly vykoupenými z komise.
;VF3VBBHVBHZ017063;;9U01116;NAVÍC V UNIQA;VIN je mezi aktivními vozidly UNIQA, ale v TIRBazar nebyl nalezen mezi vozidly s výkupem ani mezi vozidly vykoupenými z komise.
;VF3YC2MFC12K56248;;7AK7361;NAVÍC V UNIQA;VIN je mezi aktivními vozidly UNIQA, ale v TIRBazar nebyl nalezen mezi vozidly s výkupem ani mezi vozidly vykoupenými z komise.
;VF3YCUMFC12A01699;;5AC3876;NAVÍC V UNIQA;VIN je mezi aktivními vozidly UNIQA, ale v TIRBazar nebyl nalezen mezi vozidly s výkupem ani mezi vozidly vykoupenými z komise.
;VF3YD3MAU12F19410;;6AP1333;NAVÍC V UNIQA;VIN je mezi aktivními vozidly UNIQA, ale v TIRBazar nebyl nalezen mezi vozidly s výkupem ani mezi vozidly vykoupenými z komise.
;VF3YD3MAU12F22442;;6AP5127;NAVÍC V UNIQA;VIN je mezi aktivními vozidly UNIQA, ale v TIRBazar nebyl nalezen mezi vozidly s výkupem ani mezi vozidly vykoupenými z komise.
;VF3YD3MAU12K47385;;6E51100;NAVÍC V UNIQA;VIN je mezi aktivními vozidly UNIQA, ale v TIRBazar nebyl nalezen mezi vozidly s výkupem ani mezi vozidly vykoupenými z komise.
;VF611A162ED003162;;3SE4137;NAVÍC V UNIQA;VIN je mezi aktivními vozidly UNIQA, ale v TIRBazar nebyl nalezen mezi vozidly s výkupem ani mezi vozidly vykoupenými z komise.
;VF7FC8HXB26694106;;1SF0040;NAVÍC V UNIQA;VIN je mezi aktivními vozidly UNIQA, ale v TIRBazar nebyl nalezen mezi vozidly s výkupem ani mezi vozidly vykoupenými z komise.
;VF7YDCPFCPG032358;;7J85419;NAVÍC V UNIQA;VIN je mezi aktivními vozidly UNIQA, ale v TIRBazar nebyl nalezen mezi vozidly s výkupem ani mezi vozidly vykoupenými z komise.
;VNKKG92320A265116;;1AS2333;NAVÍC V UNIQA;VIN je mezi aktivními vozidly UNIQA, ale v TIRBazar nebyl nalezen mezi vozidly s výkupem ani mezi vozidly vykoupenými z komise.
;VSA63134313171362;;ABA2971;NAVÍC V UNIQA;VIN je mezi aktivními vozidly UNIQA, ale v TIRBazar nebyl nalezen mezi vozidly s výkupem ani mezi vozidly vykoupenými z komise.
;VSKHAAM20U0173138;;7AE4197;NAVÍC V UNIQA;VIN je mezi aktivními vozidly UNIQA, ale v TIRBazar nebyl nalezen mezi vozidly s výkupem ani mezi vozidly vykoupenými z komise.
;VWASXTF24J7211411;;7AH8584;NAVÍC V UNIQA;VIN je mezi aktivními vozidly UNIQA, ale v TIRBazar nebyl nalezen mezi vozidly s výkupem ani mezi vozidly vykoupenými z komise.
;W09AWZ111EAW35106;;8U07564;NAVÍC V UNIQA;VIN je mezi aktivními vozidly UNIQA, ale v TIRBazar nebyl nalezen mezi vozidly s výkupem ani mezi vozidly vykoupenými z komise.
;W0L0ZCF3571097682;;3B12943;NAVÍC V UNIQA;VIN je mezi aktivními vozidly UNIQA, ale v TIRBazar nebyl nalezen mezi vozidly s výkupem ani mezi vozidly vykoupenými z komise.
;W0VMR8603MB229088;;6J60036;NAVÍC V UNIQA;VIN je mezi aktivními vozidly UNIQA, ale v TIRBazar nebyl nalezen mezi vozidly s výkupem ani mezi vozidly vykoupenými z komise.
;W0VVS2604MB272893;;5ST1994;NAVÍC V UNIQA;VIN je mezi aktivními vozidly UNIQA, ale v TIRBazar nebyl nalezen mezi vozidly s výkupem ani mezi vozidly vykoupenými z komise.
;W1NWH5AB6SX047231;;;NAVÍC V UNIQA;VIN je mezi aktivními vozidly UNIQA, ale v TIRBazar nebyl nalezen mezi vozidly s výkupem ani mezi vozidly vykoupenými z komise.
;W1V9071351N184066;;5SR6931;NAVÍC V UNIQA;VIN je mezi aktivními vozidly UNIQA, ale v TIRBazar nebyl nalezen mezi vozidly s výkupem ani mezi vozidly vykoupenými z komise.
;W1V9076331P439689;;9AK7402;NAVÍC V UNIQA;VIN je mezi aktivními vozidly UNIQA, ale v TIRBazar nebyl nalezen mezi vozidly s výkupem ani mezi vozidly vykoupenými z komise.
;W1V9076331P491697;;1AAM421;NAVÍC V UNIQA;VIN je mezi aktivními vozidly UNIQA, ale v TIRBazar nebyl nalezen mezi vozidly s výkupem ani mezi vozidly vykoupenými z komise.
;W1V9076351P477926;;9AM0018;NAVÍC V UNIQA;VIN je mezi aktivními vozidly UNIQA, ale v TIRBazar nebyl nalezen mezi vozidly s výkupem ani mezi vozidly vykoupenými z komise.
;W1V9076371P446593;;9AL4622;NAVÍC V UNIQA;VIN je mezi aktivními vozidly UNIQA, ale v TIRBazar nebyl nalezen mezi vozidly s výkupem ani mezi vozidly vykoupenými z komise.
;W1VTBECZ3PU347946;;7M64685;NAVÍC V UNIQA;VIN je mezi aktivními vozidly UNIQA, ale v TIRBazar nebyl nalezen mezi vozidly s výkupem ani mezi vozidly vykoupenými z komise.
;W1VTBECZ5PU347947;;7M64702;NAVÍC V UNIQA;VIN je mezi aktivními vozidly UNIQA, ale v TIRBazar nebyl nalezen mezi vozidly s výkupem ani mezi vozidly vykoupenými z komise.
;WAUZZZ8P95A109073;;;NAVÍC V UNIQA;VIN je mezi aktivními vozidly UNIQA, ale v TIRBazar nebyl nalezen mezi vozidly s výkupem ani mezi vozidly vykoupenými z komise.
;WB10E7104N6G65495;;;NAVÍC V UNIQA;VIN je mezi aktivními vozidly UNIQA, ale v TIRBazar nebyl nalezen mezi vozidly s výkupem ani mezi vozidly vykoupenými z komise.
;WBA21EV0509Z43375;;1AIP902;NAVÍC V UNIQA;VIN je mezi aktivními vozidly UNIQA, ale v TIRBazar nebyl nalezen mezi vozidly s výkupem ani mezi vozidly vykoupenými z komise.
;WBABA51010EJ34355;;;NAVÍC V UNIQA;VIN je mezi aktivními vozidly UNIQA, ale v TIRBazar nebyl nalezen mezi vozidly s výkupem ani mezi vozidly vykoupenými z komise.
;WBAJV61000BL15793;;6SR6067;NAVÍC V UNIQA;VIN je mezi aktivními vozidly UNIQA, ale v TIRBazar nebyl nalezen mezi vozidly s výkupem ani mezi vozidly vykoupenými z komise.
;WBAKV210100N17163;;8U38788;NAVÍC V UNIQA;VIN je mezi aktivními vozidly UNIQA, ale v TIRBazar nebyl nalezen mezi vozidly s výkupem ani mezi vozidly vykoupenými z komise.
;WBAYH31040EH48989;;;NAVÍC V UNIQA;VIN je mezi aktivními vozidly UNIQA, ale v TIRBazar nebyl nalezen mezi vozidly s výkupem ani mezi vozidly vykoupenými z komise.
;WDB9036111N385609;;;NAVÍC V UNIQA;VIN je mezi aktivními vozidly UNIQA, ale v TIRBazar nebyl nalezen mezi vozidly s výkupem ani mezi vozidly vykoupenými z komise.
;WDB9036611R571138;;1AK4601;NAVÍC V UNIQA;VIN je mezi aktivními vozidly UNIQA, ale v TIRBazar nebyl nalezen mezi vozidly s výkupem ani mezi vozidly vykoupenými z komise.
;WDB9046131R254735;;3AP3615;NAVÍC V UNIQA;VIN je mezi aktivními vozidly UNIQA, ale v TIRBazar nebyl nalezen mezi vozidly s výkupem ani mezi vozidly vykoupenými z komise.
;WDB9061311N385404;;1AB7102;NAVÍC V UNIQA;VIN je mezi aktivními vozidly UNIQA, ale v TIRBazar nebyl nalezen mezi vozidly s výkupem ani mezi vozidly vykoupenými z komise.
;WDB9061311N413982;;7H02346;NAVÍC V UNIQA;VIN je mezi aktivními vozidly UNIQA, ale v TIRBazar nebyl nalezen mezi vozidly s výkupem ani mezi vozidly vykoupenými z komise.
;WDB9061351N452253;;1AY6392;NAVÍC V UNIQA;VIN je mezi aktivními vozidly UNIQA, ale v TIRBazar nebyl nalezen mezi vozidly s výkupem ani mezi vozidly vykoupenými z komise.
;WDB9061351N590407;;4AD8428;NAVÍC V UNIQA;VIN je mezi aktivními vozidly UNIQA, ale v TIRBazar nebyl nalezen mezi vozidly s výkupem ani mezi vozidly vykoupenými z komise.
;WDB9061351N610169;;6SE3333;NAVÍC V UNIQA;VIN je mezi aktivními vozidly UNIQA, ale v TIRBazar nebyl nalezen mezi vozidly s výkupem ani mezi vozidly vykoupenými z komise.
;WDB9061551N304164;;2BR9567;NAVÍC V UNIQA;VIN je mezi aktivními vozidly UNIQA, ale v TIRBazar nebyl nalezen mezi vozidly s výkupem ani mezi vozidly vykoupenými z komise.
;WDB9061551N554375;;9B38573;NAVÍC V UNIQA;VIN je mezi aktivními vozidly UNIQA, ale v TIRBazar nebyl nalezen mezi vozidly s výkupem ani mezi vozidly vykoupenými z komise.
;WDB9066131P285401;;5AM1602;NAVÍC V UNIQA;VIN je mezi aktivními vozidly UNIQA, ale v TIRBazar nebyl nalezen mezi vozidly s výkupem ani mezi vozidly vykoupenými z komise.
;WDB9066351S157461;;4T05506;NAVÍC V UNIQA;VIN je mezi aktivními vozidly UNIQA, ale v TIRBazar nebyl nalezen mezi vozidly s výkupem ani mezi vozidly vykoupenými z komise.
;WDB9066351S749337;;1BL0623;NAVÍC V UNIQA;VIN je mezi aktivními vozidly UNIQA, ale v TIRBazar nebyl nalezen mezi vozidly s výkupem ani mezi vozidly vykoupenými z komise.
;WDB9076371P123697;;6Z65572;NAVÍC V UNIQA;VIN je mezi aktivními vozidly UNIQA, ale v TIRBazar nebyl nalezen mezi vozidly s výkupem ani mezi vozidly vykoupenými z komise.
;WDB9076371P176489;;6Z77008;NAVÍC V UNIQA;VIN je mezi aktivními vozidly UNIQA, ale v TIRBazar nebyl nalezen mezi vozidly s výkupem ani mezi vozidly vykoupenými z komise.
;WDB9106231P006761;;7AB8237;NAVÍC V UNIQA;VIN je mezi aktivními vozidly UNIQA, ale v TIRBazar nebyl nalezen mezi vozidly s výkupem ani mezi vozidly vykoupenými z komise.
;WDB9630041L782352;;7U74821;NAVÍC V UNIQA;VIN je mezi aktivními vozidly UNIQA, ale v TIRBazar nebyl nalezen mezi vozidly s výkupem ani mezi vozidly vykoupenými z komise.
;WDD2052011F967040;;7AZ3686;NAVÍC V UNIQA;VIN je mezi aktivními vozidly UNIQA, ale v TIRBazar nebyl nalezen mezi vozidly s výkupem ani mezi vozidly vykoupenými z komise.
;WDD2120021B085595;;;NAVÍC V UNIQA;VIN je mezi aktivními vozidly UNIQA, ale v TIRBazar nebyl nalezen mezi vozidly s výkupem ani mezi vozidly vykoupenými z komise.
;WDD2220851A105692;;SEF44X44;NAVÍC V UNIQA;VIN je mezi aktivními vozidly UNIQA, ale v TIRBazar nebyl nalezen mezi vozidly s výkupem ani mezi vozidly vykoupenými z komise.
;WDD2221631A170514;;6AF9828;NAVÍC V UNIQA;VIN je mezi aktivními vozidly UNIQA, ale v TIRBazar nebyl nalezen mezi vozidly s výkupem ani mezi vozidly vykoupenými z komise.
;WDF4157031U210589;;6AC2079;NAVÍC V UNIQA;VIN je mezi aktivními vozidly UNIQA, ale v TIRBazar nebyl nalezen mezi vozidly s výkupem ani mezi vozidly vykoupenými z komise.
;WF02XXTTG2EY56957;;4SR0164;NAVÍC V UNIQA;VIN je mezi aktivními vozidly UNIQA, ale v TIRBazar nebyl nalezen mezi vozidly s výkupem ani mezi vozidly vykoupenými z komise.
;WF0DXXTTGDEY52031;;;NAVÍC V UNIQA;VIN je mezi aktivními vozidly UNIQA, ale v TIRBazar nebyl nalezen mezi vozidly s výkupem ani mezi vozidly vykoupenými z komise.
;WF0FXXTTFF7U83992;;5U10910;NAVÍC V UNIQA;VIN je mezi aktivními vozidly UNIQA, ale v TIRBazar nebyl nalezen mezi vozidly s výkupem ani mezi vozidly vykoupenými z komise.
;WF0FXXTTFFBU60096;;6U76604;NAVÍC V UNIQA;VIN je mezi aktivními vozidly UNIQA, ale v TIRBazar nebyl nalezen mezi vozidly s výkupem ani mezi vozidly vykoupenými z komise.
;WF0XXXTTFX7K78658;;3E96495;NAVÍC V UNIQA;VIN je mezi aktivními vozidly UNIQA, ale v TIRBazar nebyl nalezen mezi vozidly s výkupem ani mezi vozidly vykoupenými z komise.
;WF0XXXTTFXAR49501;;5J96714;NAVÍC V UNIQA;VIN je mezi aktivními vozidly UNIQA, ale v TIRBazar nebyl nalezen mezi vozidly s výkupem ani mezi vozidly vykoupenými z komise.
;WF0XXXTTGXEG43085;;6P43595;NAVÍC V UNIQA;VIN je mezi aktivními vozidly UNIQA, ale v TIRBazar nebyl nalezen mezi vozidly s výkupem ani mezi vozidly vykoupenými z komise.
;WF0XXXTTGXEJ14541;;7AJ2699;NAVÍC V UNIQA;VIN je mezi aktivními vozidly UNIQA, ale v TIRBazar nebyl nalezen mezi vozidly s výkupem ani mezi vozidly vykoupenými z komise.
;WF0XXXTTGXHJ59940;;5SC6314;NAVÍC V UNIQA;VIN je mezi aktivními vozidly UNIQA, ale v TIRBazar nebyl nalezen mezi vozidly s výkupem ani mezi vozidly vykoupenými z komise.
;WF0XXXTTGXJM54659;;1UY8808;NAVÍC V UNIQA;VIN je mezi aktivními vozidly UNIQA, ale v TIRBazar nebyl nalezen mezi vozidly s výkupem ani mezi vozidly vykoupenými z komise.
;WK0S0002400233487;;6P24552;NAVÍC V UNIQA;VIN je mezi aktivními vozidly UNIQA, ale v TIRBazar nebyl nalezen mezi vozidly s výkupem ani mezi vozidly vykoupenými z komise.
;WMA03VUY6J9007376;;5L76606;NAVÍC V UNIQA;VIN je mezi aktivními vozidly UNIQA, ale v TIRBazar nebyl nalezen mezi vozidly s výkupem ani mezi vozidly vykoupenými z komise.
;WV1ZZZ2EZC6004468;;1UP5302;NAVÍC V UNIQA;VIN je mezi aktivními vozidly UNIQA, ale v TIRBazar nebyl nalezen mezi vozidly s výkupem ani mezi vozidly vykoupenými z komise.
;WV1ZZZ2EZF6042793;;5L02770;NAVÍC V UNIQA;VIN je mezi aktivními vozidly UNIQA, ale v TIRBazar nebyl nalezen mezi vozidly s výkupem ani mezi vozidly vykoupenými z komise.
;WV1ZZZ2EZG6066498;;6AB3932;NAVÍC V UNIQA;VIN je mezi aktivními vozidly UNIQA, ale v TIRBazar nebyl nalezen mezi vozidly s výkupem ani mezi vozidly vykoupenými z komise.
;WV1ZZZ2FZ77011777;;2J62086;NAVÍC V UNIQA;VIN je mezi aktivními vozidly UNIQA, ale v TIRBazar nebyl nalezen mezi vozidly s výkupem ani mezi vozidly vykoupenými z komise.
;WV1ZZZ2FZD7007367;;3AL9533;NAVÍC V UNIQA;VIN je mezi aktivními vozidly UNIQA, ale v TIRBazar nebyl nalezen mezi vozidly s výkupem ani mezi vozidly vykoupenými z komise.
;WV1ZZZ2FZF7009303;;4AV0103;NAVÍC V UNIQA;VIN je mezi aktivními vozidly UNIQA, ale v TIRBazar nebyl nalezen mezi vozidly s výkupem ani mezi vozidly vykoupenými z komise.
;WV1ZZZSYZM9041617;;6Z85284;NAVÍC V UNIQA;VIN je mezi aktivními vozidly UNIQA, ale v TIRBazar nebyl nalezen mezi vozidly s výkupem ani mezi vozidly vykoupenými z komise.
;WV2ZZZ2KZDX137572;;;NAVÍC V UNIQA;VIN je mezi aktivními vozidly UNIQA, ale v TIRBazar nebyl nalezen mezi vozidly s výkupem ani mezi vozidly vykoupenými z komise.
;WV2ZZZ2KZFX067005;;1APU337;NAVÍC V UNIQA;VIN je mezi aktivními vozidly UNIQA, ale v TIRBazar nebyl nalezen mezi vozidly s výkupem ani mezi vozidly vykoupenými z komise.
;WV2ZZZ2KZJX004624;;6AL8572;NAVÍC V UNIQA;VIN je mezi aktivními vozidly UNIQA, ale v TIRBazar nebyl nalezen mezi vozidly s výkupem ani mezi vozidly vykoupenými z komise.
;WV2ZZZ7HZ9H154004;;2TM6462;NAVÍC V UNIQA;VIN je mezi aktivními vozidly UNIQA, ale v TIRBazar nebyl nalezen mezi vozidly s výkupem ani mezi vozidly vykoupenými z komise.
;WV3ZZZSZ8P9059636;;;NAVÍC V UNIQA;VIN je mezi aktivními vozidly UNIQA, ale v TIRBazar nebyl nalezen mezi vozidly s výkupem ani mezi vozidly vykoupenými z komise.
;WVGZZZC1ZPY024465;;;NAVÍC V UNIQA;VIN je mezi aktivními vozidly UNIQA, ale v TIRBazar nebyl nalezen mezi vozidly s výkupem ani mezi vozidly vykoupenými z komise.
;WVWZZZ1JZ5W001621;;2AL2469;NAVÍC V UNIQA;VIN je mezi aktivními vozidly UNIQA, ale v TIRBazar nebyl nalezen mezi vozidly s výkupem ani mezi vozidly vykoupenými z komise.
;YARTDF6A0RMA47635;;3BK8560;NAVÍC V UNIQA;VIN je mezi aktivními vozidly UNIQA, ale v TIRBazar nebyl nalezen mezi vozidly s výkupem ani mezi vozidly vykoupenými z komise.
;YB4A00S3390311967;;;NAVÍC V UNIQA;VIN je mezi aktivními vozidly UNIQA, ale v TIRBazar nebyl nalezen mezi vozidly s výkupem ani mezi vozidly vykoupenými z komise.
;YV2AG40D2CB622091;;1CB4844;NAVÍC V UNIQA;VIN je mezi aktivními vozidly UNIQA, ale v TIRBazar nebyl nalezen mezi vozidly s výkupem ani mezi vozidly vykoupenými z komise.
;ZCFA880B002726533;;;NAVÍC V UNIQA;VIN je mezi aktivními vozidly UNIQA, ale v TIRBazar nebyl nalezen mezi vozidly s výkupem ani mezi vozidly vykoupenými z komise.
;ZCFA880B202726534;;;NAVÍC V UNIQA;VIN je mezi aktivními vozidly UNIQA, ale v TIRBazar nebyl nalezen mezi vozidly s výkupem ani mezi vozidly vykoupenými z komise.
;ZCFA880B202726842;;;NAVÍC V UNIQA;VIN je mezi aktivními vozidly UNIQA, ale v TIRBazar nebyl nalezen mezi vozidly s výkupem ani mezi vozidly vykoupenými z komise.
;ZCFC135B005250100;;8AS2307;NAVÍC V UNIQA;VIN je mezi aktivními vozidly UNIQA, ale v TIRBazar nebyl nalezen mezi vozidly s výkupem ani mezi vozidly vykoupenými z komise.
;ZCFC135B005263090;;8AP1411;NAVÍC V UNIQA;VIN je mezi aktivními vozidly UNIQA, ale v TIRBazar nebyl nalezen mezi vozidly s výkupem ani mezi vozidly vykoupenými z komise.
;ZCFC135B105251577;;8AN9179;NAVÍC V UNIQA;VIN je mezi aktivními vozidly UNIQA, ale v TIRBazar nebyl nalezen mezi vozidly s výkupem ani mezi vozidly vykoupenými z komise.
;ZCFC135B105257623;;5ST9092;NAVÍC V UNIQA;VIN je mezi aktivními vozidly UNIQA, ale v TIRBazar nebyl nalezen mezi vozidly s výkupem ani mezi vozidly vykoupenými z komise.
;ZCFC135B205168787;;8AJ5985;NAVÍC V UNIQA;VIN je mezi aktivními vozidly UNIQA, ale v TIRBazar nebyl nalezen mezi vozidly s výkupem ani mezi vozidly vykoupenými z komise.
;ZCFC135B205318803;;5SV0451;NAVÍC V UNIQA;VIN je mezi aktivními vozidly UNIQA, ale v TIRBazar nebyl nalezen mezi vozidly s výkupem ani mezi vozidly vykoupenými z komise.
;ZCFC135B705310471;;4SX4230;NAVÍC V UNIQA;VIN je mezi aktivními vozidly UNIQA, ale v TIRBazar nebyl nalezen mezi vozidly s výkupem ani mezi vozidly vykoupenými z komise.
;ZCFC135B805159172;;8AT1240;NAVÍC V UNIQA;VIN je mezi aktivními vozidly UNIQA, ale v TIRBazar nebyl nalezen mezi vozidly s výkupem ani mezi vozidly vykoupenými z komise.
;ZCFC135B905252489;;8AN2984;NAVÍC V UNIQA;VIN je mezi aktivními vozidly UNIQA, ale v TIRBazar nebyl nalezen mezi vozidly s výkupem ani mezi vozidly vykoupenými z komise.
;ZCFC135BX05256728;;5SR8343;NAVÍC V UNIQA;VIN je mezi aktivními vozidly UNIQA, ale v TIRBazar nebyl nalezen mezi vozidly s výkupem ani mezi vozidly vykoupenými z komise.
;ZCFC150B405209701;;7AD8627;NAVÍC V UNIQA;VIN je mezi aktivními vozidly UNIQA, ale v TIRBazar nebyl nalezen mezi vozidly s výkupem ani mezi vozidly vykoupenými z komise.
;ZCFC150B505174909;;9AY5133;NAVÍC V UNIQA;VIN je mezi aktivními vozidly UNIQA, ale v TIRBazar nebyl nalezen mezi vozidly s výkupem ani mezi vozidly vykoupenými z komise.
;ZCFC150C105045672;;1AIX181;NAVÍC V UNIQA;VIN je mezi aktivními vozidly UNIQA, ale v TIRBazar nebyl nalezen mezi vozidly s výkupem ani mezi vozidly vykoupenými z komise.
;ZCFC150D405151851;;;NAVÍC V UNIQA;VIN je mezi aktivními vozidly UNIQA, ale v TIRBazar nebyl nalezen mezi vozidly s výkupem ani mezi vozidly vykoupenými z komise.
;ZCFC150D605199626;;4SI3985;NAVÍC V UNIQA;VIN je mezi aktivními vozidly UNIQA, ale v TIRBazar nebyl nalezen mezi vozidly s výkupem ani mezi vozidly vykoupenými z komise.
;ZCFC165CX05018226;;5SV1040;NAVÍC V UNIQA;VIN je mezi aktivními vozidly UNIQA, ale v TIRBazar nebyl nalezen mezi vozidly s výkupem ani mezi vozidly vykoupenými z komise.
;ZCFC170C705107295;;;NAVÍC V UNIQA;VIN je mezi aktivními vozidly UNIQA, ale v TIRBazar nebyl nalezen mezi vozidly s výkupem ani mezi vozidly vykoupenými z komise.
;ZCFC235A505100021;;3SV1137;NAVÍC V UNIQA;VIN je mezi aktivními vozidly UNIQA, ale v TIRBazar nebyl nalezen mezi vozidly s výkupem ani mezi vozidly vykoupenými z komise.
;ZCFC250B705263345;;7AI6032;NAVÍC V UNIQA;VIN je mezi aktivními vozidly UNIQA, ale v TIRBazar nebyl nalezen mezi vozidly s výkupem ani mezi vozidly vykoupenými z komise.
;ZCFC335B605297092;;6ST9595;NAVÍC V UNIQA;VIN je mezi aktivními vozidly UNIQA, ale v TIRBazar nebyl nalezen mezi vozidly s výkupem ani mezi vozidly vykoupenými z komise.
;ZCFC3593005897060;;9C01093;NAVÍC V UNIQA;VIN je mezi aktivními vozidly UNIQA, ale v TIRBazar nebyl nalezen mezi vozidly s výkupem ani mezi vozidly vykoupenými z komise.
;ZCFC408100D301478;;7AJ2563;NAVÍC V UNIQA;VIN je mezi aktivními vozidly UNIQA, ale v TIRBazar nebyl nalezen mezi vozidly s výkupem ani mezi vozidly vykoupenými z komise.
;ZCFC50A4005984007;;6E12812;NAVÍC V UNIQA;VIN je mezi aktivními vozidly UNIQA, ale v TIRBazar nebyl nalezen mezi vozidly s výkupem ani mezi vozidly vykoupenými z komise.
;ZCFC50A400D527826;;3SE4502;NAVÍC V UNIQA;VIN je mezi aktivními vozidly UNIQA, ale v TIRBazar nebyl nalezen mezi vozidly s výkupem ani mezi vozidly vykoupenými z komise.
;ZCFC635A705032213;;8AJ3700;NAVÍC V UNIQA;VIN je mezi aktivními vozidly UNIQA, ale v TIRBazar nebyl nalezen mezi vozidly s výkupem ani mezi vozidly vykoupenými z komise.
;ZCFC735B305349203;;9AL2492;NAVÍC V UNIQA;VIN je mezi aktivními vozidly UNIQA, ale v TIRBazar nebyl nalezen mezi vozidly s výkupem ani mezi vozidly vykoupenými z komise.
;ZCFC735B405353714;;9AL2564;NAVÍC V UNIQA;VIN je mezi aktivními vozidly UNIQA, ale v TIRBazar nebyl nalezen mezi vozidly s výkupem ani mezi vozidly vykoupenými z komise.
;ZCFC735B405389113;;9AB5728;NAVÍC V UNIQA;VIN je mezi aktivními vozidly UNIQA, ale v TIRBazar nebyl nalezen mezi vozidly s výkupem ani mezi vozidly vykoupenými z komise.
;ZCFC735BX05440601;;9AA3670;NAVÍC V UNIQA;VIN je mezi aktivními vozidly UNIQA, ale v TIRBazar nebyl nalezen mezi vozidly s výkupem ani mezi vozidly vykoupenými z komise.
;ZCFCG35A105446858;;1AJN874;NAVÍC V UNIQA;VIN je mezi aktivními vozidly UNIQA, ale v TIRBazar nebyl nalezen mezi vozidly s výkupem ani mezi vozidly vykoupenými z komise.
;ZCFCG35A305448191;;6SY1834;NAVÍC V UNIQA;VIN je mezi aktivními vozidly UNIQA, ale v TIRBazar nebyl nalezen mezi vozidly s výkupem ani mezi vozidly vykoupenými z komise.
;ZCFCG35A505446099;;9AH6680;NAVÍC V UNIQA;VIN je mezi aktivními vozidly UNIQA, ale v TIRBazar nebyl nalezen mezi vozidly s výkupem ani mezi vozidly vykoupenými z komise.
;ZCFCG35A505446510;;9AF5733;NAVÍC V UNIQA;VIN je mezi aktivními vozidly UNIQA, ale v TIRBazar nebyl nalezen mezi vozidly s výkupem ani mezi vozidly vykoupenými z komise.
;ZCFCG35A605445737;;9AH2933;NAVÍC V UNIQA;VIN je mezi aktivními vozidly UNIQA, ale v TIRBazar nebyl nalezen mezi vozidly s výkupem ani mezi vozidly vykoupenými z komise.
;ZCFCH35A105447490;;9AF3374;NAVÍC V UNIQA;VIN je mezi aktivními vozidly UNIQA, ale v TIRBazar nebyl nalezen mezi vozidly s výkupem ani mezi vozidly vykoupenými z komise.
;ZFA19200000575797;;2E66778;NAVÍC V UNIQA;VIN je mezi aktivními vozidly UNIQA, ale v TIRBazar nebyl nalezen mezi vozidly s výkupem ani mezi vozidly vykoupenými z komise.
;ZFA25000001280152;;6C69579;NAVÍC V UNIQA;VIN je mezi aktivními vozidly UNIQA, ale v TIRBazar nebyl nalezen mezi vozidly s výkupem ani mezi vozidly vykoupenými z komise.
;ZFA25000002460909;;5P77784;NAVÍC V UNIQA;VIN je mezi aktivními vozidly UNIQA, ale v TIRBazar nebyl nalezen mezi vozidly s výkupem ani mezi vozidly vykoupenými z komise.
;ZFA25000002790960;;8AT4371;NAVÍC V UNIQA;VIN je mezi aktivními vozidly UNIQA, ale v TIRBazar nebyl nalezen mezi vozidly s výkupem ani mezi vozidly vykoupenými z komise.
;ZFA25000002G83698;;;NAVÍC V UNIQA;VIN je mezi aktivními vozidly UNIQA, ale v TIRBazar nebyl nalezen mezi vozidly s výkupem ani mezi vozidly vykoupenými z komise.
;ZFA25000002H12867;;7AD3895;NAVÍC V UNIQA;VIN je mezi aktivními vozidly UNIQA, ale v TIRBazar nebyl nalezen mezi vozidly s výkupem ani mezi vozidly vykoupenými z komise.
;ZFA25000002J36903;;;NAVÍC V UNIQA;VIN je mezi aktivními vozidly UNIQA, ale v TIRBazar nebyl nalezen mezi vozidly s výkupem ani mezi vozidly vykoupenými z komise.
;ZFA25000002P06817;;1TV1811;NAVÍC V UNIQA;VIN je mezi aktivními vozidly UNIQA, ale v TIRBazar nebyl nalezen mezi vozidly s výkupem ani mezi vozidly vykoupenými z komise.
;ZFA26300006M54702;;7AX8382;NAVÍC V UNIQA;VIN je mezi aktivními vozidly UNIQA, ale v TIRBazar nebyl nalezen mezi vozidly s výkupem ani mezi vozidly vykoupenými z komise.
;ZFA26300006R67474;;8AD8432;NAVÍC V UNIQA;VIN je mezi aktivními vozidly UNIQA, ale v TIRBazar nebyl nalezen mezi vozidly s výkupem ani mezi vozidly vykoupenými z komise.
;ZFF93LMB000294992;;6SF3108;NAVÍC V UNIQA;VIN je mezi aktivními vozidly UNIQA, ale v TIRBazar nebyl nalezen mezi vozidly s výkupem ani mezi vozidly vykoupenými z komise.
;ZFF93LMB000296121;;9AX4029;NAVÍC V UNIQA;VIN je mezi aktivními vozidly UNIQA, ale v TIRBazar nebyl nalezen mezi vozidly s výkupem ani mezi vozidly vykoupenými z komise.
;ZPBED5ZL4SLA39124;;;NAVÍC V UNIQA;VIN je mezi aktivními vozidly UNIQA, ale v TIRBazar nebyl nalezen mezi vozidly s výkupem ani mezi vozidly vykoupenými z komise.
19303;7H81B24K0NF000133;EL94CD;EL94CD;OK;Pojištění nalezeno v UNIQA.
19300;7H81B24K5NF000130;EL95CD;EL95CD;OK;Pojištění nalezeno v UNIQA.
19301;7H81B24K6NF000136;EL96CD;EL96CD;OK;Pojištění nalezeno v UNIQA.
19299;7H81B24KXNF000141;EL13CD;EL13CD;OK;Pojištění nalezeno v UNIQA.
19320;R34VSA513P1000054;EL54CK;;OK;Pojištění nalezeno v ALLIANZ podle SPZ. Pojistka: 773701611. Evidence Allianz: EL54CK. Období: 8. 9. 2026 - 8. 10. 2026.
18728;TL9AM15Y000HA1015;4A5511;;OK;Pojištění nalezeno v ALLIANZ podle SPZ. Pojistka: 798100796. Evidence Allianz: 4A5511. Období: 8. 9. 2026 - 8. 10. 2026.
19390;TMBJJ6NJXHZ014159;5AR8428;5AR8428;OK;Pojištění nalezeno v UNIQA.
19195;TMBJY46Y833788868;2A42993;;OK;Pojištění nalezeno v ALLIANZ podle SPZ. Pojistka: 771219525. Evidence Allianz: 2A42993. Období: 8. 9. 2026 - 8. 10. 2026.
19022;VF1FL000559336858;6AN4867;6AN4867;OK;Pojištění nalezeno v UNIQA.
17106;VF1MA000262766807;9AM1373;9AM1373;OK;Pojištění nalezeno v UNIQA.
17974;VF1MA000862766813;1ADA390;;OK;Pojištění nalezeno v ALLIANZ podle SPZ. Pojistka: 793927562. Evidence Allianz: 1ADA390. Období: 8. 9. 2026 - 8. 10. 2026.
19689;VF1VBU4Y254588923;1TT4562;1TT4562;OK;Pojištění nalezeno v UNIQA.
18600;VF3YBTMFB12983546;5J45710;;OK;Pojištění nalezeno v ALLIANZ podle SPZ. Pojistka: 797051323. Evidence Allianz: 5J45710. Období: 8. 9. 2026 - 8. 10. 2026.
19664;VF3YC3MFC12L93692;6M95528;6M95528;OK;Pojištění nalezeno v UNIQA.
14742;VF6VG000X56476884;7AU1423;;OK;Pojištění nalezeno v ALLIANZ podle SPZ. Pojistka: 794073965. Evidence Allianz: 7AU1423. Období: 8. 9. 2026 - 8. 10. 2026.
19565;VF7XS9HUCAZ000872;4E05973;4E05973;OK;Pojištění nalezeno v UNIQA.
18942;W0LJ7BHB68V663305;8S43133;;OK;Pojištění nalezeno v ALLIANZ podle SPZ. Pojistka: 798469836. Evidence Allianz: 8S43133. Období: 8. 9. 2026 - 8. 10. 2026.
19682;W1K3G8EB7PJ407065;2BZ4852;2BZ4852;OK;Pojištění nalezeno v UNIQA.
19441;W1NFB0KB4PA837849;9AP7066;9AP7066;OK;Pojištění nalezeno v UNIQA.
18054;WBA11EV0009T83244;1AAV611;;OK;Pojištění nalezeno v ALLIANZ podle SPZ. Pojistka: 793887640. Evidence Allianz: 1AAV611. Období: 8. 9. 2026 - 8. 10. 2026.
18131;WBA11EV0309T44938;1ACB097;;OK;Pojištění nalezeno v ALLIANZ podle SPZ. Pojistka: 793887566. Evidence Allianz: 1ACB097. Období: 8. 9. 2026 - 8. 10. 2026.
18359;WBA11EV0309V48638;1ACN655;;OK;Pojištění nalezeno v ALLIANZ podle SPZ. Pojistka: 793614780. Evidence Allianz: 1ACN655. Období: 8. 9. 2026 - 8. 10. 2026.
18129;WBA11EV0709T96444;1ACB067;;OK;Pojištění nalezeno v ALLIANZ podle SPZ. Pojistka: 793887614. Evidence Allianz: 1ACB067. Období: 8. 9. 2026 - 8. 10. 2026.
18055;WBA11EV0809T84724;1AAV624;;OK;Pojištění nalezeno v ALLIANZ podle SPZ. Pojistka: 793887592. Evidence Allianz: 1AAV624. Období: 8. 9. 2026 - 8. 10. 2026.
18130;WBA11EV0909T00000;1ACB077;;OK;Pojištění nalezeno v ALLIANZ podle SPZ. Pojistka: 793041222. Evidence Allianz: 1ACB077. Období: 8. 9. 2026 - 8. 10. 2026.
18056;WBA11EV0X09T84661;1AAV634;;OK;Pojištění nalezeno v ALLIANZ podle SPZ. Pojistka: 793887662. Evidence Allianz: 1AAV634. Období: 8. 9. 2026 - 8. 10. 2026.
18242;WBA11EV0X09U64915;1ABX149;;OK;Pojištění nalezeno v ALLIANZ podle SPZ. Pojistka: 793303232. Evidence Allianz: 1ABX149. Období: 8. 9. 2026 - 8. 10. 2026.
18120;WBA21EN0009U09619;1ABC731;;OK;Pojištění nalezeno v ALLIANZ podle SPZ. Pojistka: 793887625. Evidence Allianz: 1ABC731. Období: 8. 9. 2026 - 8. 10. 2026.
18243;WBA21EN0009U69173;1ACC975;;OK;Pojištění nalezeno v ALLIANZ podle SPZ. Pojistka: 793887636. Evidence Allianz: 1ACC975. Období: 8. 9. 2026 - 8. 10. 2026.
18378;WBA21EN0009V45555;1ACY839;;OK;Pojištění nalezeno v ALLIANZ podle SPZ. Pojistka: 794073840. Evidence Allianz: 1ACY839. Období: 8. 9. 2026 - 8. 10. 2026.
18377;WBA21EN0209V44486;1ACY822;;OK;Pojištění nalezeno v ALLIANZ podle SPZ. Pojistka: 794082612. Evidence Allianz: 1ACY822. Období: 8. 9. 2026 - 8. 10. 2026.
18200;WBA21EN0309U41996;1ACC968;;OK;Pojištění nalezeno v ALLIANZ podle SPZ. Pojistka: 793887651. Evidence Allianz: 1ACC968. Období: 8. 9. 2026 - 8. 10. 2026.
18286;WBA21EN0409T54446;1ACH506;;OK;Pojištění nalezeno v ALLIANZ podle SPZ. Pojistka: 793887603. Evidence Allianz: 1ACH506. Období: 8. 9. 2026 - 8. 10. 2026.
18199;WBA21EN0709U74161;1ABN178;;OK;Pojištění nalezeno v ALLIANZ podle SPZ. Pojistka: 793887581. Evidence Allianz: 1ABN178. Období: 8. 9. 2026 - 8. 10. 2026.
18386;WBA21EV0809U30055;1ADK176;;OK;Pojištění nalezeno v ALLIANZ podle SPZ. Pojistka: 794639171. Evidence Allianz: 1ADK176. Období: 8. 9. 2026 - 8. 10. 2026.
18686;WBA21EY0609X07121;1AER006;;OK;Pojištění nalezeno v ALLIANZ podle SPZ. Pojistka: 796989723. Evidence Allianz: 1AER006. Období: 8. 9. 2026 - 8. 10. 2026.
18256;WBAJD110X0G884109;6AM3484;;OK;Pojištění nalezeno v ALLIANZ podle SPZ. Pojistka: 793828350. Evidence Allianz: 6AM3484. Období: 8. 9. 2026 - 8. 10. 2026.
19894;WDB9076371P177522;6Z77009;6Z77009;OK;Pojištění nalezeno v UNIQA.
17237;WDD2054481F452106;5AX9822;;OK;Pojištění nalezeno v ALLIANZ podle SPZ. Pojistka: 793303221. Evidence Allianz: 5AX9822. Období: 8. 9. 2026 - 8. 10. 2026.
19806;WMA04VUY0T9008491;1ALN459;1ALN459;OK;Pojištění nalezeno v UNIQA.
17630;WUAZZZF27RN900147;1AEA880;;OK;Pojištění nalezeno v ALLIANZ podle SPZ. Pojistka: 795229761. Evidence Allianz: 1AEA880. Období: 8. 9. 2026 - 8. 10. 2026.
19274;WV1ZZZ2DZ6H020410;6AP3853;6AP3853;OK;Pojištění nalezeno v UNIQA.
16175;WV1ZZZ2FZC7006774;4AR2584;4AR2584;OK;Pojištění nalezeno v UNIQA.
19082;WV1ZZZ2FZF7006343;7J54833;;OK;Pojištění nalezeno v ALLIANZ podle SPZ. Pojistka: 710372121. Evidence Allianz: 7J54833. Období: 8. 9. 2026 - 8. 10. 2026.
18329;WV1ZZZ7HZ7H007274;3SF0484;3SF0484;OK;Pojištění nalezeno v UNIQA.
17816;WV3ZZZ7JZ4X039466;1SI2377;1SI2377;OK;Pojištění nalezeno v UNIQA.
18826;WV3ZZZSZ2P9063049;1AMR104;;OK;Pojištění nalezeno v UNIQA.
19817;WV3ZZZSZZJ9041619;9C06168;9C06168;OK;Pojištění nalezeno v UNIQA.
19763;ZCFC135B505157069;8AL0968;8AL0968;OK;Pojištění nalezeno v UNIQA.
19811;ZCFC135B705238414;7AV6756;7AV6756;OK;Pojištění nalezeno v UNIQA.
19769;ZCFC135B905294824;8AX5281;8AX5281;OK;Pojištění nalezeno v UNIQA.
19779;ZCFC135D905134704;6H77175;6H77175;OK;Pojištění nalezeno v UNIQA.
19692;ZCFC150C405108084;4SA2325;4SA2325;OK;Pojištění nalezeno v UNIQA.
14748;ZCFC3571605911328;2AX6991;;OK;Pojištění nalezeno v ALLIANZ podle SPZ. Pojistka: 765840025. Evidence Allianz: 2AX6991. Období: 8. 9. 2026 - 8. 10. 2026.
14756;ZCFC3571605956884;3AN8311;;OK;Pojištění nalezeno v ALLIANZ podle SPZ. Pojistka: 765840095. Evidence Allianz: 3AN8311. Období: 8. 9. 2026 - 8. 10. 2026.
19163;ZCFC35D0005777438;1UH7326;1UH7326;OK;Pojištění nalezeno v UNIQA.
19739;ZCFC535C3N5503656;5SK6839;5SK6839;OK;Pojištění nalezeno v UNIQA.
19674;ZCFC535C505592638;6SC3928;6SC3928;OK;Pojištění nalezeno v UNIQA.
18706;ZFA25000001895975;4AL2806;4AL2806;OK;Pojištění nalezeno v UNIQA.
19871;ZFA25000002810419;8U16701;8U16701;OK;Pojištění nalezeno v UNIQA.
